[Licensing::Module] Trying to connect to existing licensing client channel...
Built from '6000.5/staging' branch; Version is '6000.5.1f1 (0d9463e84828) revision 889955'; Using compiler version '194234433'; Build Type 'Release'
[Licensing::IpcConnector] Successfully connected to: "LicenseClient-rober" at "2026-08-22T02:50:29.8469564Z"
OS: 'Windows 11  (10.0.26200) CoreSingleLanguage' Language: 'es' Physical Memory: 16122 MB
BatchMode: 1, IsHumanControllingUs: 0, StartBugReporterOnCrash: 0, Is64bit: 1
System  architecture: x64
Process architecture: x64
Date: 2026-08-22T02:50:29Z

COMMAND LINE ARGUMENTS:
C:\Program Files\Unity\Hub\Editor\6000.5.1f1\Editor\Unity.exe
-adb2
-batchMode
-noUpm
-name
AssetImportWorkerHW3
-projectPath
C:/Users/rober/Desktop/Ar_cell_Biology
-logFile
Logs/AssetImportWorkerHW3.log
-srvPort
50340
-parentPid
67016
-analyticsCloudUserId
6270692
-analyticsCloudProjectId
15e2d8f2-0020-44be-a4c6-b4cdad778e85
-analyticsLocalProjectId
269634fe035034242b7349638f26fa7b
-noDiagnosticSwitchPersistentStore
-job-worker-count
5
-background-job-worker-count
8
-asset-garbage-collectors
1
-force-d3d12
-name
AssetImport
Successfully changed project path to: C:/Users/rober/Desktop/Ar_cell_Biology
C:/Users/rober/Desktop/Ar_cell_Biology
[UnityMemory] Configuration Parameters - Can be set up in boot.config
    "memorysetup-temp-allocator-size-gi-baking-worker=262144"
    "memorysetup-temp-allocator-size-gi-baking-worker=262144"
    "memorysetup-temp-allocator-size-gi-baking-worker=262144"
    "memorysetup-temp-allocator-size-gi-baking-worker=262144"
    "memorysetup-temp-allocator-size-gi-baking-worker=262144"
    "memorysetup-temp-allocator-size-nav-mesh-worker=65536"
    "memorysetup-temp-allocator-size-audio-worker=65536"
    "memorysetup-temp-allocator-size-cloud-worker=32768"
    "memorysetup-temp-allocator-size-gfx=262144"
    "memorysetup-temp-allocator-size-preload-manager=33554432"
    "memorysetup-allocator-temp-initial-block-size-main=262144"
    "memorysetup-allocator-temp-initial-block-size-worker=262144"
    "memorysetup-temp-allocator-size-job-worker=262144"
    "memorysetup-temp-allocator-size-background-worker=32768"
    "memorysetup-bucket-allocator-granularity=16"
    "memorysetup-bucket-allocator-bucket-count=8"
    "memorysetup-bucket-allocator-block-size=33554432"
    "memorysetup-bucket-allocator-block-count=8"
    "memorysetup-main-allocator-block-size=16777216"
    "memorysetup-thread-allocator-block-size=16777216"
    "memorysetup-main-allocator-mimalloc-enabled=0"
    "memorysetup-gfx-main-allocator-block-size=16777216"
    "memorysetup-gfx-thread-allocator-block-size=16777216"
    "memorysetup-cache-allocator-block-size=4194304"
    "memorysetup-typetree-allocator-block-size=2097152"
    "memorysetup-profiler-bucket-allocator-granularity=16"
    "memorysetup-profiler-bucket-allocator-bucket-count=8"
    "memorysetup-profiler-bucket-allocator-block-size=33554432"
    "memorysetup-profiler-bucket-allocator-block-count=8"
    "memorysetup-profiler-allocator-block-size=16777216"
    "memorysetup-profiler-editor-allocator-block-size=1048576"
    "memorysetup-temp-allocator-size-main=16777216"
    "memorysetup-job-temp-allocator-block-size=2097152"
    "memorysetup-job-temp-allocator-block-size-background=1048576"
    "memorysetup-job-temp-allocator-reduction-small-platforms=262144"
Player connection [67540]  Target information:

Player connection [67540]  * "[IP] 192.168.226.1 [Port] 0 [Flags] 2 [Guid] 1381540664 [EditorId] 1381540664 [Version] 1048832 [Id] WindowsEditor(7,RobertoIbarra) [Debug] 1 [PackageName] WindowsEditor [ProjectName] Editor" 

Player connection [67540]  * "[IP] 192.168.116.1 [Port] 0 [Flags] 2 [Guid] 1381540664 [EditorId] 1381540664 [Version] 1048832 [Id] WindowsEditor(7,RobertoIbarra) [Debug] 1 [PackageName] WindowsEditor [ProjectName] Editor" 

Player connection [67540]  * "[IP] 192.168.0.7 [Port] 0 [Flags] 2 [Guid] 1381540664 [EditorId] 1381540664 [Version] 1048832 [Id] WindowsEditor(7,RobertoIbarra) [Debug] 1 [PackageName] WindowsEditor [ProjectName] Editor" 

Player connection [67540] Host joined multi-casting on [225.0.0.222:54997]...
Player connection [67540] Host joined alternative multi-casting on [225.0.0.222:34997]...
JobSystem: Creating JobQueue using job-worker-count value 5
Input System module state changed to: Initialized.
[Physics::Module] Initialized fallback backend.
[Physics::Module] Id: 0xdecafbad
Library Redirect Path: Library/
[Physics::Module] Selected backend.
[Physics::Module] Name: PhysX
[Physics::Module] Id: 0xf2b8ea05
[Physics::Module] SDK Version: 4.1.2
[Physics::Module] Integration Version: 1.0.0
[Physics::Module] Threading Mode: Multi-Threaded
[Licensing::Module] Licensing is not yet initialized.
[Licensing::Client] Error: HandshakeResponse reported an error:
	ResponseCode: 505
	ResponseStatus: Unsupported protocol version '1.18.1'.
[Licensing::Module] Error: Failed to handshake to channel: "LicenseClient-rober"
[Licensing::IpcConnector] LicenseClient-rober channel disconnected successfully.
[Licensing::IpcConnector] Successfully connected to: "LicenseClient-rober-6000.5.1" at "2026-08-22T02:50:32.025166Z"
[Licensing::Client] Code 10 while verifying Licensing Client signature (process Id: 69904, path: "C:/Program Files/Unity/Hub/Editor/6000.5.1f1/Editor/Data/Resources/Licensing/Client/Unity.Licensing.Client.exe")
[Licensing::Module] LicensingClient has failed validation; ignoring
[Licensing::Client] Handshaking with LicensingClient:
  Version:                 1.18.1+9fbee8e
  Session Id:              d9e16e53f6fb46388a25097b2dc4afc1
  Correlation Id:          61f7f324c6514dda56035b382e3136c2
  External correlation Id: 4518659802739943382
  Machine Id:              1mxoM6Mezk2x6sLyBUW8j02zMN8=
[Licensing::Module] Successfully connected to LicensingClient on channel: "LicenseClient-rober-6000.5.1" (connect: 0.00s, validation: 0.00s, handshake: 0.04s)
[Licensing::IpcConnector] Successfully connected to: "LicenseClient-rober-6000.5.1-notifications" at "2026-08-22T02:50:32.0669742Z"
[Licensing::Module] Licensing Background thread has ended after 2.22s
[Licensing::Module] Licensing is initialized (took 1.68s).
[Licensing::Client] Successfully resolved entitlement details
[Licensing::Module] License group:
  Id: 6270692-UnityPersXXXX
  Product: Unity Personal
  Type: Assigned
  Expiration: Unlimited
Refreshing native plugins compatible for Editor in 118.35 ms, found 1 plugins.
Initialize engine version: 6000.5.1f1 (0d9463e84828)
[Subsystems] Discovering subsystems at path C:/Program Files/Unity/Hub/Editor/6000.5.1f1/Editor/Data/Resources/UnitySubsystems
[Subsystems] Discovering subsystems at path C:/Users/rober/Desktop/Ar_cell_Biology/Assets
Forcing GfxDevice: Direct3D 12
GfxDevice: creating device client; kGfxThreadingModeNonThreaded
d3d12: failed to query info queue interface (0x80004002).
Direct3D:
    Version:         Direct3D 12 [level 12.2]
    Renderer:        NVIDIA GeForce RTX 3050 Laptop GPU (ID=0x25a2)
    Vendor:          NVIDIA
    VRAM:            3962 MB
    App VRAM Budget: 3367 MB
    Driver:          32.0.16.1047
Initialize mono
Mono path[0] = 'C:/Program Files/Unity/Hub/Editor/6000.5.1f1/Editor/Data/Managed'
Mono path[1] = 'C:/Program Files/Unity/Hub/Editor/6000.5.1f1/Editor/Data/BCLExtensions/runtime/netstandard2.1'
Mono path[2] = 'C:/Program Files/Unity/Hub/Editor/6000.5.1f1/Editor/Data/MonoBleedingEdge/lib/mono/unityjit-win32'
Mono config path = 'C:/Program Files/Unity/Hub/Editor/6000.5.1f1/Editor/Data/MonoBleedingEdge/etc'
Using monoOptions --debugger-agent=transport=dt_socket,embedding=1,server=y,suspend=n,address=127.0.0.1:56044
CodeReloadManager initialized
Begin MonoManager ReloadAssembly
Registering precompiled unity dll's ...
Register platform support module: C:/Program Files/Unity/Hub/Editor/6000.5.1f1/Editor/Data/PlaybackEngines/WebGLSupport/UnityEditor.WebGL.Extensions.dll
Register platform support module: C:/Program Files/Unity/Hub/Editor/6000.5.1f1/Editor/Data/PlaybackEngines/WindowsStandaloneSupport/UnityEditor.WindowsStandalone.Extensions.dll
Register platform support module: C:/Program Files/Unity/Hub/Editor/6000.5.1f1/Editor/Data/PlaybackEngines/AndroidPlayer/UnityEditor.Android.Extensions.dll
Registered in 0.008088 seconds.
Native extension for Android target not found
Native extension for WindowsStandalone target not found
Native extension for WebGL target not found
Package Manager log level set to [2]
[Package Manager] Failed to launch server process. Reason: Unity was launched with the -noUpm command-line argument
[Package Manager] Unable to send message (not connected to server process).
[Package Manager] Cannot connect to Unity Package Manager local server
ScheduleIndexationOnStartup MainProcess:False IndexOnStartup:True
Mono: successfully reloaded assembly
- Finished resetting the current domain, in  0.832 seconds
Domain Reload Profiling: 2084ms
	BeginReloadAssembly (334ms)
	RebuildCommonClasses (10ms)
	RebuildNativeTypeToScriptingClass (40ms)
	initialDomainReloadingComplete (205ms)
	LoadAllAssembliesAndSetupDomain (659ms)
		LoadAssemblies (323ms)
		AnalyzeDomain (518ms)
			TypeCache.Refresh (515ms)
				TypeCache.ScanAssembly (480ms)
	FinalizeReload (835ms)
		SetupLoadedEditorAssemblies (0ms)
			InitializePlatformSupportModulesInManaged (14ms)
			BeforeProcessingInitializeOnLoad (162ms)
			ProcessInitializeOnLoadAttributes (226ms)
			ProcessInitializeOnLoadMethodAttributes (273ms)
Initializing Unity extensions:
[Licensing::Client] Successfully resolved entitlement details
========================================================================
Worker process is ready to serve import requests
Import Worker Mode flag is 0x00
Begin MonoManager ReloadAssembly
Refreshing native plugins compatible for Editor in 3.91 ms, found 1 plugins.
Native extension for Android target not found
Native extension for WindowsStandalone target not found
Native extension for WebGL target not found
[Package Manager] Failed to launch server process. Reason: Unity was launched with the -noUpm command-line argument
[Package Manager] Unable to send message (not connected to server process).
[Package Manager] Cannot connect to Unity Package Manager local server
[Package Manager] Failed to launch server process. Reason: Unity was launched with the -noUpm command-line argument
[Package Manager] Unable to send message (not connected to server process).
[Package Manager] Cannot connect to Unity Package Manager local server
ScheduleIndexationOnStartup MainProcess:False IndexOnStartup:True
Mono: successfully reloaded assembly
[Package Manager] Failed to launch server process. Reason: Unity was launched with the -noUpm command-line argument
[Package Manager] Unable to send message (not connected to server process).
[Package Manager] Cannot connect to Unity Package Manager local server
[Package Manager] Failed to launch server process. Reason: Unity was launched with the -noUpm command-line argument
[Package Manager] Unable to send message (not connected to server process).
[Package Manager] Cannot connect to Unity Package Manager local server
- Finished resetting the current domain, in  1.477 seconds
Domain Reload Profiling: 3328ms
	BeginReloadAssembly (234ms)
		DisableScriptedObjects (8ms)
		CreateAndSetChildDomain (40ms)
	RebuildCommonClasses (17ms)
	RebuildNativeTypeToScriptingClass (30ms)
	initialDomainReloadingComplete (170ms)
	LoadAllAssembliesAndSetupDomain (1398ms)
		LoadAssemblies (574ms)
		AnalyzeDomain (596ms)
			TypeCache.Refresh (414ms)
				TypeCache.ScanAssembly (383ms)
			BuildScriptInfoCaches (150ms)
			ResolveRequiredComponents (26ms)
	FinalizeReload (1478ms)
		SetupLoadedEditorAssemblies (0ms)
			InitializePlatformSupportModulesInManaged (22ms)
			BeforeProcessingInitializeOnLoad (198ms)
			ProcessInitializeOnLoadAttributes (294ms)
			ProcessInitializeOnLoadMethodAttributes (206ms)
			AfterProcessingInitializeOnLoad (8ms)
		AwakeInstancesAfterBackupRestoration (3ms)
AcceleratorClientConnectionCallback - disconnected - :0
WARNING: Shader Unsupported: 'Hidden/Simulation/URP/Synthetic' - All subshaders removed
WARNING: Shader Did you use #pragma only_renderers and omit this platform?
WARNING: Shader If subshaders removal was intentional, you may have forgotten turning Fallback off?
WARNING: Shader Unsupported: 'Hidden/Simulation/Synthetic Lit' - All subshaders removed
WARNING: Shader Did you use #pragma only_renderers and omit this platform?
WARNING: Shader If subshaders removal was intentional, you may have forgotten turning Fallback off?
WARNING: Shader Unsupported: 'Simulation/Standard Lit' - All subshaders removed
WARNING: Shader Did you use #pragma only_renderers and omit this platform?
WARNING: Shader If subshaders removal was intentional, you may have forgotten turning Fallback off?
WARNING: Shader Unsupported: 'Simulation/URP/Room X-Ray' - All subshaders removed
WARNING: Shader Did you use #pragma only_renderers and omit this platform?
WARNING: Shader If subshaders removal was intentional, you may have forgotten turning Fallback off?
WARNING: Shader Unsupported: 'Simulation/Room X-Ray' - All subshaders removed
WARNING: Shader Did you use #pragma only_renderers and omit this platform?
WARNING: Shader If subshaders removal was intentional, you may have forgotten turning Fallback off?
WARNING: Shader Unsupported: 'Simulation/URP/Lit' - All subshaders removed
WARNING: Shader Did you use #pragma only_renderers and omit this platform?
WARNING: Shader If subshaders removal was intentional, you may have forgotten turning Fallback off?
Launched and connected shader compiler UnityShaderCompiler.exe after 0.02 seconds
Refreshing native plugins compatible for Editor in 4.51 ms, found 1 plugins.
Unloading 30 Unused Serialized files (Serialized files now loaded: 0)
Curl error 3: URL rejected: Malformed input to a URL function
Unloading 5954 unused Assets / (9.9 MB). Loaded Objects now: 6837.
Memory consumption went from 312.5 MB to 302.6 MB.
Total: 18.243000 ms (FindLiveObjects: 1.169900 ms CreateObjectMapping: 3.593500 ms MarkObjects: 7.374500 ms  DeleteObjects: 6.100800 ms)

========================================================================
Received Prepare
AcceleratorClientConnectionCallback - disconnected - :0
WARNING: Shader Unsupported: 'Hidden/Simulation/URP/Synthetic' - All subshaders removed
WARNING: Shader Did you use #pragma only_renderers and omit this platform?
WARNING: Shader If subshaders removal was intentional, you may have forgotten turning Fallback off?
WARNING: Shader Unsupported: 'Hidden/Simulation/Synthetic Lit' - All subshaders removed
WARNING: Shader Did you use #pragma only_renderers and omit this platform?
WARNING: Shader If subshaders removal was intentional, you may have forgotten turning Fallback off?
WARNING: Shader Unsupported: 'Simulation/Standard Lit' - All subshaders removed
WARNING: Shader Did you use #pragma only_renderers and omit this platform?
WARNING: Shader If subshaders removal was intentional, you may have forgotten turning Fallback off?
WARNING: Shader Unsupported: 'Simulation/URP/Room X-Ray' - All subshaders removed
WARNING: Shader Did you use #pragma only_renderers and omit this platform?
WARNING: Shader If subshaders removal was intentional, you may have forgotten turning Fallback off?
WARNING: Shader Unsupported: 'Simulation/Room X-Ray' - All subshaders removed
WARNING: Shader Did you use #pragma only_renderers and omit this platform?
WARNING: Shader If subshaders removal was intentional, you may have forgotten turning Fallback off?
WARNING: Shader Unsupported: 'Simulation/URP/Lit' - All subshaders removed
WARNING: Shader Did you use #pragma only_renderers and omit this platform?
WARNING: Shader If subshaders removal was intentional, you may have forgotten turning Fallback off?
Refreshing native plugins compatible for Editor in 5.87 ms, found 1 plugins.
Unloading 30 Unused Serialized files (Serialized files now loaded: 0)
Unloading 5945 unused Assets / (6.7 MB). Loaded Objects now: 6832.
Memory consumption went from 308.5 MB to 301.8 MB.
Total: 21.243500 ms (FindLiveObjects: 0.940700 ms CreateObjectMapping: 4.540900 ms MarkObjects: 8.083600 ms  DeleteObjects: 7.675600 ms)

Prepare: number of updated asset objects reloaded= 0
EnvironmentDependencyValues requested are different than current active one (requested -> active):
  graphicsApiMask: 2048 -> 264192
========================================================================
Received Import Request.
  Time of request: 2026-08-22T02:50:40.8760639Z
  Time since last request: 843484.29389590001665 seconds.
  importAddress: GUID: 5ed11570e89eec24f9021d93325db0d5 - Path: Packages/com.unity.render-pipelines.universal/Editor/Lighting/UniversalRenderPipelineSerializedLight.cs - Importer: ScriptedImporter/UnityEditor.QuickSearchModule:UnityEditor.Search:ASIAI0B
Importing 'GUID: 5ed11570e89eec24f9021d93325db0d5 - Path: Packages/com.unity.render-pipelines.universal/Editor/Lighting/UniversalRenderPipelineSerializedLight.cs - Importer: ScriptedImporter/UnityEditor.QuickSearchModule:UnityEditor.Search:ASIAI0B' with importer (ScriptedImporter : UnityEditor.QuickSearchModule:UnityEditor.Search:ASIAI0B)
Imported 'GUID: 5ed11570e89eec24f9021d93325db0d5' -> (Import Result ID: '1da724873b0b621ae5d11dd1c51379f1') in 0.163 seconds [static and dynamic dependencies]. Details - ImportResultOutputID=2ed8edcb3f95f5f79feb354fe8376825 DependenciesID=ef5f12545f2f2c1b6875c428ff79ec95 StaticDependenciesID=17ce2a30bc3141d1f63c5a20e4ddd01a 
Number of updated asset objects reloaded before import = 0
Number of asset objects unloaded after import = 0
========================================================================
Received Import Request.
  Time of request: 2026-08-22T02:50:41.0626011Z
  Time since last request: 0.0012477 seconds.
  importAddress: GUID: ad710d4eb795c9e45a2dc60a0001e99b - Path: Packages/com.unity.render-pipelines.universal/Editor/Overrides/DepthOfFieldEditor.cs - Importer: ScriptedImporter/UnityEditor.QuickSearchModule:UnityEditor.Search:ASIAI0B
Importing 'GUID: ad710d4eb795c9e45a2dc60a0001e99b - Path: Packages/com.unity.render-pipelines.universal/Editor/Overrides/DepthOfFieldEditor.cs - Importer: ScriptedImporter/UnityEditor.QuickSearchModule:UnityEditor.Search:ASIAI0B' with importer (ScriptedImporter : UnityEditor.QuickSearchModule:UnityEditor.Search:ASIAI0B)
Imported 'GUID: ad710d4eb795c9e45a2dc60a0001e99b' -> (Import Result ID: '42d9f04d8a43f0fadca5ed2b08895a3b') in 0.006 seconds [static and dynamic dependencies]. Details - ImportResultOutputID=a7e4d920c0618fb43383fd5492724e01 DependenciesID=918cb340fe4a7be70ddb76202eb425de StaticDependenciesID=d11d34c794ba15c21eb382fc7c43a240 
Number of updated asset objects reloaded before import = 0
Number of asset objects unloaded after import = 0
========================================================================
Received Import Request.
  Time of request: 2026-08-22T02:50:41.0848995Z
  Time since last request: 0.0007935 seconds.
  importAddress: GUID: 03e97e85a392e23469cd704039e21501 - Path: Packages/com.unity.render-pipelines.universal/Editor/RendererFeatures/NewPostProcessRendererFeature.cs.txt - Importer: ScriptedImporter/UnityEditor.QuickSearchModule:UnityEditor.Search:ASIAI0B
Importing 'GUID: 03e97e85a392e23469cd704039e21501 - Path: Packages/com.unity.render-pipelines.universal/Editor/RendererFeatures/NewPostProcessRendererFeature.cs.txt - Importer: ScriptedImporter/UnityEditor.QuickSearchModule:UnityEditor.Search:ASIAI0B' with importer (ScriptedImporter : UnityEditor.QuickSearchModule:UnityEditor.Search:ASIAI0B)
Imported 'GUID: 03e97e85a392e23469cd704039e21501' -> (Import Result ID: '465171a8a0c4bad9b99edc24a880afa0') in 0.019 seconds [static and dynamic dependencies]. Details - ImportResultOutputID=55341c9213db8c91780925803d302c55 DependenciesID=07f4221baab466cd2cc16a6a6fd76f4a StaticDependenciesID=1eccf8714b83fb2ac4a2378356af6247 
Number of updated asset objects reloaded before import = 0
Number of asset objects unloaded after import = 1
========================================================================
Received Import Request.
  Time of request: 2026-08-22T02:50:41.122049Z
  Time since last request: 0.0005453 seconds.
  importAddress: GUID: ab5f850e3c753a74eb7b4c1cc5ebaa0f - Path: Packages/com.unity.render-pipelines.universal/Editor/BuildProcessors/URPPreprocessBuild.cs - Importer: ScriptedImporter/UnityEditor.QuickSearchModule:UnityEditor.Search:ASIAI0B
Importing 'GUID: ab5f850e3c753a74eb7b4c1cc5ebaa0f - Path: Packages/com.unity.render-pipelines.universal/Editor/BuildProcessors/URPPreprocessBuild.cs - Importer: ScriptedImporter/UnityEditor.QuickSearchModule:UnityEditor.Search:ASIAI0B' with importer (ScriptedImporter : UnityEditor.QuickSearchModule:UnityEditor.Search:ASIAI0B)
Imported 'GUID: ab5f850e3c753a74eb7b4c1cc5ebaa0f' -> (Import Result ID: '01792966c135fae1b2cbc87292acba0c') in 0.027 seconds [static and dynamic dependencies]. Details - ImportResultOutputID=f2bd2a6a6223dd5d51c2fd13f5c2dae6 DependenciesID=36068454ba629530068153a0f3847d71 StaticDependenciesID=76e22667fed5fa37dfeea2eb0a98c28d 
Number of updated asset objects reloaded before import = 0
Number of asset objects unloaded after import = 0
========================================================================
Received Import Request.
  Time of request: 2026-08-22T02:50:41.1717067Z
  Time since last request: 0.0022558 seconds.
  importAddress: GUID: 7db8784515f96cf459209aeab8ad7ce3 - Path: Packages/com.unity.render-pipelines.universal/Editor/Decal/CreateDecalShaderGraph.cs - Importer: ScriptedImporter/UnityEditor.QuickSearchModule:UnityEditor.Search:ASIAI0B
Importing 'GUID: 7db8784515f96cf459209aeab8ad7ce3 - Path: Packages/com.unity.render-pipelines.universal/Editor/Decal/CreateDecalShaderGraph.cs - Importer: ScriptedImporter/UnityEditor.QuickSearchModule:UnityEditor.Search:ASIAI0B' with importer (ScriptedImporter : UnityEditor.QuickSearchModule:UnityEditor.Search:ASIAI0B)
Imported 'GUID: 7db8784515f96cf459209aeab8ad7ce3' -> (Import Result ID: '9720fa94ebd57516c1fd236bd9069e98') in 0.011 seconds [static and dynamic dependencies]. Details - ImportResultOutputID=cdb5017e8adc0721609618016346e8fd DependenciesID=9b3e9d6bf4cb4c887779d74f03d0bd13 StaticDependenciesID=c92dbc71e2842e28952cbce8e85a9982 
Number of updated asset objects reloaded before import = 0
Number of asset objects unloaded after import = 0
========================================================================
Received Import Request.
  Time of request: 2026-08-22T02:50:41.2102075Z
  Time since last request: 0.0009151 seconds.
  importAddress: GUID: c9bd9b1710724164c8a601affb56d19d - Path: Packages/com.unity.render-pipelines.universal/Editor/Camera/UniversalRenderPipelineCameraUI.Rendering.Drawers.cs - Importer: ScriptedImporter/UnityEditor.QuickSearchModule:UnityEditor.Search:ASIAI0B
Importing 'GUID: c9bd9b1710724164c8a601affb56d19d - Path: Packages/com.unity.render-pipelines.universal/Editor/Camera/UniversalRenderPipelineCameraUI.Rendering.Drawers.cs - Importer: ScriptedImporter/UnityEditor.QuickSearchModule:UnityEditor.Search:ASIAI0B' with importer (ScriptedImporter : UnityEditor.QuickSearchModule:UnityEditor.Search:ASIAI0B)
Imported 'GUID: c9bd9b1710724164c8a601affb56d19d' -> (Import Result ID: 'dfd1c16f962bb340cd07f2049f168249') in 0.010 seconds [static and dynamic dependencies]. Details - ImportResultOutputID=e767e04589db76e5bc234a963529a03b DependenciesID=d38c0afa0dc1e7b4e6f71992b8ef81ed StaticDependenciesID=e6996b81170d57142b10d568c99a8489 
Number of updated asset objects reloaded before import = 0
Number of asset objects unloaded after import = 0
========================================================================
Received Import Request.
  Time of request: 2026-08-22T02:50:41.2515517Z
  Time since last request: 0.0009592 seconds.
  importAddress: GUID: d569aa2a3d2a1a74aaf68c388f2e0798 - Path: Packages/com.unity.render-pipelines.universal/Editor/Camera/UniversalRenderPipelineCameraEditor.cs - Importer: ScriptedImporter/UnityEditor.QuickSearchModule:UnityEditor.Search:ASIAI0B
Importing 'GUID: d569aa2a3d2a1a74aaf68c388f2e0798 - Path: Packages/com.unity.render-pipelines.universal/Editor/Camera/UniversalRenderPipelineCameraEditor.cs - Importer: ScriptedImporter/UnityEditor.QuickSearchModule:UnityEditor.Search:ASIAI0B' with importer (ScriptedImporter : UnityEditor.QuickSearchModule:UnityEditor.Search:ASIAI0B)
Imported 'GUID: d569aa2a3d2a1a74aaf68c388f2e0798' -> (Import Result ID: '4d057dfc07fa19c8f71c7313e4fb01a3') in 0.010 seconds [static and dynamic dependencies]. Details - ImportResultOutputID=48e265023232ab0e650b8a56aced5b35 DependenciesID=be7ce2936aadb9720488981559329a60 StaticDependenciesID=847af7380ed80d47722bda451eef5796 
Number of updated asset objects reloaded before import = 0
Number of asset objects unloaded after import = 0
========================================================================
Received Import Request.
  Time of request: 2026-08-22T02:50:41.285429Z
  Time since last request: 0.0015789 seconds.
  importAddress: GUID: 5a5420665d101df4c8b55860ae8aaa17 - Path: Packages/com.unity.render-pipelines.universal/Editor/Overrides/LiftGammaGainEditor.cs - Importer: ScriptedImporter/UnityEditor.QuickSearchModule:UnityEditor.Search:ASIAI0B
Importing 'GUID: 5a5420665d101df4c8b55860ae8aaa17 - Path: Packages/com.unity.render-pipelines.universal/Editor/Overrides/LiftGammaGainEditor.cs - Importer: ScriptedImporter/UnityEditor.QuickSearchModule:UnityEditor.Search:ASIAI0B' with importer (ScriptedImporter : UnityEditor.QuickSearchModule:UnityEditor.Search:ASIAI0B)
Imported 'GUID: 5a5420665d101df4c8b55860ae8aaa17' -> (Import Result ID: 'b759c4c39373c256d17b35fc76b362e3') in 0.007 seconds [static and dynamic dependencies]. Details - ImportResultOutputID=24ac9eacda689cbb0e062b955b9d3e69 DependenciesID=347610c85ca0fb2d4931a12c07b837f1 StaticDependenciesID=ce11436a9c417192766a8faa5847a4d6 
Number of updated asset objects reloaded before import = 0
Number of asset objects unloaded after import = 0
========================================================================
Received Import Request.
  Time of request: 2026-08-22T02:50:41.3136457Z
  Time since last request: 0.000612 seconds.
  importAddress: GUID: 06bfd5fe09c365149b95fe3b7b98e37f - Path: Packages/com.unity.render-pipelines.universal/Editor/Converter/BuiltInToURPConverterContainer.cs - Importer: ScriptedImporter/UnityEditor.QuickSearchModule:UnityEditor.Search:ASIAI0B
Importing 'GUID: 06bfd5fe09c365149b95fe3b7b98e37f - Path: Packages/com.unity.render-pipelines.universal/Editor/Converter/BuiltInToURPConverterContainer.cs - Importer: ScriptedImporter/UnityEditor.QuickSearchModule:UnityEditor.Search:ASIAI0B' with importer (ScriptedImporter : UnityEditor.QuickSearchModule:UnityEditor.Search:ASIAI0B)
Imported 'GUID: 06bfd5fe09c365149b95fe3b7b98e37f' -> (Import Result ID: 'aef8a1c8e85652d51d340f2b4e935e4a') in 0.007 seconds [static and dynamic dependencies]. Details - ImportResultOutputID=92f05e86b1536422c9af2bc61f2a3434 DependenciesID=986ca3817e4168aa01bfab0b1a260564 StaticDependenciesID=ec8f7eea5b418c0f83b0ffcc40a7ef50 
Number of updated asset objects reloaded before import = 0
Number of asset objects unloaded after import = 0
========================================================================
Received Import Request.
  Time of request: 2026-08-22T02:50:41.3397692Z
  Time since last request: 0.0006816 seconds.
  importAddress: GUID: d79f23692575f9d4f894c5b5a4b0ccad - Path: Packages/com.unity.render-pipelines.universal/Editor/RendererFeatures/ScreenSpaceShadowsEditor.cs - Importer: ScriptedImporter/UnityEditor.QuickSearchModule:UnityEditor.Search:ASIAI0B
Importing 'GUID: d79f23692575f9d4f894c5b5a4b0ccad - Path: Packages/com.unity.render-pipelines.universal/Editor/RendererFeatures/ScreenSpaceShadowsEditor.cs - Importer: ScriptedImporter/UnityEditor.QuickSearchModule:UnityEditor.Search:ASIAI0B' with importer (ScriptedImporter : UnityEditor.QuickSearchModule:UnityEditor.Search:ASIAI0B)
Imported 'GUID: d79f23692575f9d4f894c5b5a4b0ccad' -> (Import Result ID: 'ff8f1b4c37704adfff117e3d331b7ff3') in 0.010 seconds [static and dynamic dependencies]. Details - ImportResultOutputID=453fee42aff130e52542db496c8995bb DependenciesID=0fc0ebb9e45534db60be574db131f01d StaticDependenciesID=8a2ef0b96cc6c6828d926c17734f28b5 
Number of updated asset objects reloaded before import = 0
Number of asset objects unloaded after import = 0
========================================================================
Received Import Request.
  Time of request: 2026-08-22T02:50:41.3717241Z
  Time since last request: 0.0012869 seconds.
  importAddress: GUID: e4470a4bb8b24974a828f392bdcd4d0d - Path: Packages/com.unity.render-pipelines.universal/Editor/Decal/DecalShaderGraphGUI.cs - Importer: ScriptedImporter/UnityEditor.QuickSearchModule:UnityEditor.Search:ASIAI0B
Importing 'GUID: e4470a4bb8b24974a828f392bdcd4d0d - Path: Packages/com.unity.render-pipelines.universal/Editor/Decal/DecalShaderGraphGUI.cs - Importer: ScriptedImporter/UnityEditor.QuickSearchModule:UnityEditor.Search:ASIAI0B' with importer (ScriptedImporter : UnityEditor.QuickSearchModule:UnityEditor.Search:ASIAI0B)
Imported 'GUID: e4470a4bb8b24974a828f392bdcd4d0d' -> (Import Result ID: '28e35350c0959c9e448386d9fb68e6fb') in 0.013 seconds [static and dynamic dependencies]. Details - ImportResultOutputID=f9465fd85ab539fe66f8f87d38c83f36 DependenciesID=322c299fc3b82a12b30d6ecaaea92e30 StaticDependenciesID=577ee9d3aee31cbc739e08ac507c972c 
Number of updated asset objects reloaded before import = 0
Number of asset objects unloaded after import = 0
========================================================================
Received Import Request.
  Time of request: 2026-08-22T02:50:41.4073466Z
  Time since last request: 0.0011782 seconds.
  importAddress: GUID: 4b15ac5de32362a4a9ef0bc5b349ac4d - Path: Packages/com.unity.render-pipelines.universal/Editor/Overrides/ShadowsMidtonesHighlightsEditor.cs - Importer: ScriptedImporter/UnityEditor.QuickSearchModule:UnityEditor.Search:ASIAI0B
Importing 'GUID: 4b15ac5de32362a4a9ef0bc5b349ac4d - Path: Packages/com.unity.render-pipelines.universal/Editor/Overrides/ShadowsMidtonesHighlightsEditor.cs - Importer: ScriptedImporter/UnityEditor.QuickSearchModule:UnityEditor.Search:ASIAI0B' with importer (ScriptedImporter : UnityEditor.QuickSearchModule:UnityEditor.Search:ASIAI0B)
Imported 'GUID: 4b15ac5de32362a4a9ef0bc5b349ac4d' -> (Import Result ID: 'f9e7a59ffebabcce36a6ce135f7606a1') in 0.015 seconds [static and dynamic dependencies]. Details - ImportResultOutputID=68bb16690d364dcfcd252c2d450a70ab DependenciesID=9469d813ce7e7a9968fe61ac4441d603 StaticDependenciesID=534a97a5d61384a623dc58a7276d1c00 
Number of updated asset objects reloaded before import = 0
Number of asset objects unloaded after import = 0
========================================================================
Received Import Request.
  Time of request: 2026-08-22T02:50:41.4679748Z
  Time since last request: 0.0106558 seconds.
  importAddress: GUID: 08f4bc71ad275bc4b90168fda29f36b5 - Path: Packages/com.unity.render-pipelines.universal/Editor/Terrain/TerrainPassUtils.hlsl - Importer: ScriptedImporter/UnityEditor.QuickSearchModule:UnityEditor.Search:ASIAI0B
Importing 'GUID: 08f4bc71ad275bc4b90168fda29f36b5 - Path: Packages/com.unity.render-pipelines.universal/Editor/Terrain/TerrainPassUtils.hlsl - Importer: ScriptedImporter/UnityEditor.QuickSearchModule:UnityEditor.Search:ASIAI0B' with importer (ScriptedImporter : UnityEditor.QuickSearchModule:UnityEditor.Search:ASIAI0B)
Imported 'GUID: 08f4bc71ad275bc4b90168fda29f36b5' -> (Import Result ID: '1b9d716db2e3b788d44b4116100af493') in 0.031 seconds [static and dynamic dependencies]. Details - ImportResultOutputID=9dc1f5b579100936ccbe1ad190392f66 DependenciesID=e1186fa3950736c30d13d63673c8c322 StaticDependenciesID=8dc8319b878bd8a2c71880ca5f61567e 
Number of updated asset objects reloaded before import = 0
Number of asset objects unloaded after import = 1
========================================================================
Received Import Request.
  Time of request: 2026-08-22T02:50:41.5236054Z
  Time since last request: 0.0020066 seconds.
  importAddress: GUID: f2216b7cb5772784daf9ad851edda832 - Path: Packages/com.unity.render-pipelines.universal/Editor/ShaderGUI/TerrainLitShaderGUI.cs - Importer: ScriptedImporter/UnityEditor.QuickSearchModule:UnityEditor.Search:ASIAI0B
Importing 'GUID: f2216b7cb5772784daf9ad851edda832 - Path: Packages/com.unity.render-pipelines.universal/Editor/ShaderGUI/TerrainLitShaderGUI.cs - Importer: ScriptedImporter/UnityEditor.QuickSearchModule:UnityEditor.Search:ASIAI0B' with importer (ScriptedImporter : UnityEditor.QuickSearchModule:UnityEditor.Search:ASIAI0B)
Imported 'GUID: f2216b7cb5772784daf9ad851edda832' -> (Import Result ID: 'b10fe0c227ba31b02ed197b634f81309') in 0.012 seconds [static and dynamic dependencies]. Details - ImportResultOutputID=3beb258d30ad3759b61ad5d58f9d97ea DependenciesID=2bb50b7fc32cb4aac5f1b80ae74b5ed5 StaticDependenciesID=fce45e7db5437c47278360314bd21a3e 
Number of updated asset objects reloaded before import = 0
Number of asset objects unloaded after import = 0
========================================================================
Received Import Request.
  Time of request: 2026-08-22T02:50:41.5604075Z
  Time since last request: 0.0008693 seconds.
  importAddress: GUID: 11145981673336645838492a2d98e247 - Path: Packages/com.unity.render-pipelines.universal/Runtime/2D/Renderer2DData.cs - Importer: ScriptedImporter/UnityEditor.QuickSearchModule:UnityEditor.Search:ASIAI0B
Importing 'GUID: 11145981673336645838492a2d98e247 - Path: Packages/com.unity.render-pipelines.universal/Runtime/2D/Renderer2DData.cs - Importer: ScriptedImporter/UnityEditor.QuickSearchModule:UnityEditor.Search:ASIAI0B' with importer (ScriptedImporter : UnityEditor.QuickSearchModule:UnityEditor.Search:ASIAI0B)
Imported 'GUID: 11145981673336645838492a2d98e247' -> (Import Result ID: 'b728011c262703e2dbe8d50c60531be5') in 0.018 seconds [static and dynamic dependencies]. Details - ImportResultOutputID=77248a0d9f204b9894a9d6a2f5569951 DependenciesID=0783875d96c4eb3e3d66ce26a24e5efb StaticDependenciesID=fe45207dfd0df020c161dd19d31ead48 
Number of updated asset objects reloaded before import = 0
Number of asset objects unloaded after import = 0
========================================================================
Received Import Request.
  Time of request: 2026-08-22T02:50:41.5989897Z
  Time since last request: 0.0014748 seconds.
  importAddress: GUID: 7f7a196c2fc0e28498f906f9af84b44f - Path: Packages/com.unity.render-pipelines.universal/Editor/VFXGraph/VFXURPLitMeshOutput.cs - Importer: ScriptedImporter/UnityEditor.QuickSearchModule:UnityEditor.Search:ASIAI0B
Importing 'GUID: 7f7a196c2fc0e28498f906f9af84b44f - Path: Packages/com.unity.render-pipelines.universal/Editor/VFXGraph/VFXURPLitMeshOutput.cs - Importer: ScriptedImporter/UnityEditor.QuickSearchModule:UnityEditor.Search:ASIAI0B' with importer (ScriptedImporter : UnityEditor.QuickSearchModule:UnityEditor.Search:ASIAI0B)
Imported 'GUID: 7f7a196c2fc0e28498f906f9af84b44f' -> (Import Result ID: '058d389c347906a59225ee4be7705ab3') in 0.007 seconds [static and dynamic dependencies]. Details - ImportResultOutputID=27285f6800130e6e6fd6ad7bccee9480 DependenciesID=f9801c328938d80b848e36e6a02b31a7 StaticDependenciesID=84ebfb08cac7a2d94e578c92878ca7cf 
Number of updated asset objects reloaded before import = 0
Number of asset objects unloaded after import = 0
========================================================================
Received Import Request.
  Time of request: 2026-08-22T02:50:41.6319301Z
  Time since last request: 0.002513 seconds.
  importAddress: GUID: 445455d37e7bc0048801afd5048170e8 - Path: Packages/com.unity.render-pipelines.universal/Runtime/2D/Provider2D.cs - Importer: ScriptedImporter/UnityEditor.QuickSearchModule:UnityEditor.Search:ASIAI0B
Importing 'GUID: 445455d37e7bc0048801afd5048170e8 - Path: Packages/com.unity.render-pipelines.universal/Runtime/2D/Provider2D.cs - Importer: ScriptedImporter/UnityEditor.QuickSearchModule:UnityEditor.Search:ASIAI0B' with importer (ScriptedImporter : UnityEditor.QuickSearchModule:UnityEditor.Search:ASIAI0B)
Imported 'GUID: 445455d37e7bc0048801afd5048170e8' -> (Import Result ID: '74b4aedaa03442747130aa19d4301e7d') in 0.012 seconds [static and dynamic dependencies]. Details - ImportResultOutputID=a82eabf55c7ba62d6d2e54dd1e9bd823 DependenciesID=7c2797257a82a06f34a32a159ff745a6 StaticDependenciesID=5b3180891885a2f74adf8b7b26382f49 
Number of updated asset objects reloaded before import = 0
Number of asset objects unloaded after import = 0
========================================================================
Received Import Request.
  Time of request: 2026-08-22T02:50:41.6679273Z
  Time since last request: 0.0005711 seconds.
  importAddress: GUID: 682abd313990845aabd60612b4828970 - Path: Packages/com.unity.render-pipelines.universal/Runtime/Data/RenderStateData.cs - Importer: ScriptedImporter/UnityEditor.QuickSearchModule:UnityEditor.Search:ASIAI0B
Importing 'GUID: 682abd313990845aabd60612b4828970 - Path: Packages/com.unity.render-pipelines.universal/Runtime/Data/RenderStateData.cs - Importer: ScriptedImporter/UnityEditor.QuickSearchModule:UnityEditor.Search:ASIAI0B' with importer (ScriptedImporter : UnityEditor.QuickSearchModule:UnityEditor.Search:ASIAI0B)
Imported 'GUID: 682abd313990845aabd60612b4828970' -> (Import Result ID: '77fdcbc5e6a851dce5b8a8869c415041') in 0.010 seconds [static and dynamic dependencies]. Details - ImportResultOutputID=3d8e581cb2e6fb93d28064732a316806 DependenciesID=2571815ee65150a94b0afea659c99bbb StaticDependenciesID=0dca0eb4c5e21630ba288dc5890e45f5 
Number of updated asset objects reloaded before import = 0
Number of asset objects unloaded after import = 0
========================================================================
Received Import Request.
  Time of request: 2026-08-22T02:50:41.7109233Z
  Time since last request: 0.0011005 seconds.
  importAddress: GUID: bf2edee5c58d82540a51f03df9d42094 - Path: Packages/com.unity.render-pipelines.universal/Runtime/Data/UniversalRenderPipelineAsset.cs - Importer: ScriptedImporter/UnityEditor.QuickSearchModule:UnityEditor.Search:ASIAI0B
Importing 'GUID: bf2edee5c58d82540a51f03df9d42094 - Path: Packages/com.unity.render-pipelines.universal/Runtime/Data/UniversalRenderPipelineAsset.cs - Importer: ScriptedImporter/UnityEditor.QuickSearchModule:UnityEditor.Search:ASIAI0B' with importer (ScriptedImporter : UnityEditor.QuickSearchModule:UnityEditor.Search:ASIAI0B)
Imported 'GUID: bf2edee5c58d82540a51f03df9d42094' -> (Import Result ID: 'd11a728c8d743c76c66b1d598cf09d84') in 0.009 seconds [static and dynamic dependencies]. Details - ImportResultOutputID=e670b343c4e9ab11eb505a1864db9333 DependenciesID=ab7a8de163256f801dd4401844bbf2e3 StaticDependenciesID=d4ff4c5ecaeb1156b5a67cee408b49c5 
Number of updated asset objects reloaded before import = 0
Number of asset objects unloaded after import = 0
========================================================================
Received Import Request.
  Time of request: 2026-08-22T02:50:41.7442251Z
  Time since last request: 0.0022171 seconds.
  importAddress: GUID: 893e125e5d746cf4aaaf5f9a269a1f56 - Path: Packages/com.unity.render-pipelines.universal/Editor/VFXGraph/VFXAbstractParticleURPLitOutput.cs - Importer: ScriptedImporter/UnityEditor.QuickSearchModule:UnityEditor.Search:ASIAI0B
Importing 'GUID: 893e125e5d746cf4aaaf5f9a269a1f56 - Path: Packages/com.unity.render-pipelines.universal/Editor/VFXGraph/VFXAbstractParticleURPLitOutput.cs - Importer: ScriptedImporter/UnityEditor.QuickSearchModule:UnityEditor.Search:ASIAI0B' with importer (ScriptedImporter : UnityEditor.QuickSearchModule:UnityEditor.Search:ASIAI0B)
Imported 'GUID: 893e125e5d746cf4aaaf5f9a269a1f56' -> (Import Result ID: '51c00822ba020e7c0120afa5ef0d050a') in 0.010 seconds [static and dynamic dependencies]. Details - ImportResultOutputID=b0469fb1833519c437ebdc00f46a1465 DependenciesID=1015b020100517f97a4503edc036ca2e StaticDependenciesID=f9925093be79c6857120a27bbd22ecaa 
Number of updated asset objects reloaded before import = 0
Number of asset objects unloaded after import = 0
========================================================================
Received Import Request.
  Time of request: 2026-08-22T02:50:41.7841928Z
  Time since last request: 0.0009452 seconds.
  importAddress: GUID: 2ac687ac4790a434e9503543c707b33f - Path: Packages/com.unity.render-pipelines.universal/Editor/ShaderGraph/UniversalStructs.cs - Importer: ScriptedImporter/UnityEditor.QuickSearchModule:UnityEditor.Search:ASIAI0B
Importing 'GUID: 2ac687ac4790a434e9503543c707b33f - Path: Packages/com.unity.render-pipelines.universal/Editor/ShaderGraph/UniversalStructs.cs - Importer: ScriptedImporter/UnityEditor.QuickSearchModule:UnityEditor.Search:ASIAI0B' with importer (ScriptedImporter : UnityEditor.QuickSearchModule:UnityEditor.Search:ASIAI0B)
Imported 'GUID: 2ac687ac4790a434e9503543c707b33f' -> (Import Result ID: '045ee658e90f8f2cf48af4142c67921f') in 0.017 seconds [static and dynamic dependencies]. Details - ImportResultOutputID=77773409932d5505587562819e0c0cf0 DependenciesID=751ea492c60c1928132394dada4cf8ca StaticDependenciesID=3d1d9a4faf1de9cfab147775323ddfe1 
Number of updated asset objects reloaded before import = 0
Number of asset objects unloaded after import = 0
========================================================================
Received Import Request.
  Time of request: 2026-08-22T02:50:41.8309715Z
  Time since last request: 0.0007833 seconds.
  importAddress: GUID: 8765d56d24de6a34f9192447e3cabb6d - Path: Packages/com.unity.render-pipelines.universal/Editor/VFXGraph/VFXURPLitQuadStripOutput.cs - Importer: ScriptedImporter/UnityEditor.QuickSearchModule:UnityEditor.Search:ASIAI0B
Importing 'GUID: 8765d56d24de6a34f9192447e3cabb6d - Path: Packages/com.unity.render-pipelines.universal/Editor/VFXGraph/VFXURPLitQuadStripOutput.cs - Importer: ScriptedImporter/UnityEditor.QuickSearchModule:UnityEditor.Search:ASIAI0B' with importer (ScriptedImporter : UnityEditor.QuickSearchModule:UnityEditor.Search:ASIAI0B)
Imported 'GUID: 8765d56d24de6a34f9192447e3cabb6d' -> (Import Result ID: '955a9dd34eca1232001c74bbb9aa99dc') in 0.008 seconds [static and dynamic dependencies]. Details - ImportResultOutputID=790774687f60c191e3fe94a4abb86b54 DependenciesID=5671e731ac5ce98eaf16c92e61d61189 StaticDependenciesID=b95b2d84502ef2332fdeda7eba68966f 
Number of updated asset objects reloaded before import = 0
Number of asset objects unloaded after import = 0
========================================================================
Received Import Request.
  Time of request: 2026-08-22T02:50:41.8691334Z
  Time since last request: 0.0011751 seconds.
  importAddress: GUID: aadc678256814bc4948f5dec6dddd861 - Path: Packages/com.unity.render-pipelines.universal/Editor/VFXGraph/VFXDecalURPOutput.cs - Importer: ScriptedImporter/UnityEditor.QuickSearchModule:UnityEditor.Search:ASIAI0B
Importing 'GUID: aadc678256814bc4948f5dec6dddd861 - Path: Packages/com.unity.render-pipelines.universal/Editor/VFXGraph/VFXDecalURPOutput.cs - Importer: ScriptedImporter/UnityEditor.QuickSearchModule:UnityEditor.Search:ASIAI0B' with importer (ScriptedImporter : UnityEditor.QuickSearchModule:UnityEditor.Search:ASIAI0B)
Imported 'GUID: aadc678256814bc4948f5dec6dddd861' -> (Import Result ID: 'd8434e981c655a8ab968de48cf09ebe5') in 0.008 seconds [static and dynamic dependencies]. Details - ImportResultOutputID=fb5d2580990b86186931e9d1fbed0e29 DependenciesID=eedc6689fbdd7b451ba2977d77c8f94b StaticDependenciesID=72d1e6d06fc7d2dd2f0bb8d9f0a07bd7 
Number of updated asset objects reloaded before import = 0
Number of asset objects unloaded after import = 0
========================================================================
Received Import Request.
  Time of request: 2026-08-22T02:50:41.9005229Z
  Time since last request: 0.0021979 seconds.
  importAddress: GUID: 490481dd6f7a2a84b8c28566abbc677b - Path: Packages/com.unity.render-pipelines.universal/Runtime/2D/Clipper.cs - Importer: ScriptedImporter/UnityEditor.QuickSearchModule:UnityEditor.Search:ASIAI0B
Importing 'GUID: 490481dd6f7a2a84b8c28566abbc677b - Path: Packages/com.unity.render-pipelines.universal/Runtime/2D/Clipper.cs - Importer: ScriptedImporter/UnityEditor.QuickSearchModule:UnityEditor.Search:ASIAI0B' with importer (ScriptedImporter : UnityEditor.QuickSearchModule:UnityEditor.Search:ASIAI0B)
Imported 'GUID: 490481dd6f7a2a84b8c28566abbc677b' -> (Import Result ID: 'bf86643c144773f9f0a4a6eb3ac682b6') in 0.011 seconds [static and dynamic dependencies]. Details - ImportResultOutputID=0a245fb149f6bb46e98897ff9658128d DependenciesID=985b9c6c4a9249a9c8a32353b61c5fd3 StaticDependenciesID=0c9cc7da3e91dee39542fb241cd301d4 
Number of updated asset objects reloaded before import = 0
Number of asset objects unloaded after import = 0
========================================================================
Received Import Request.
  Time of request: 2026-08-22T02:50:41.9320858Z
  Time since last request: 0.0009689 seconds.
  importAddress: GUID: 3b77405e9fadb4c408bbf830f615ce99 - Path: Packages/com.unity.render-pipelines.universal/Editor/Terrain/TerrainPassDefine.template.hlsl - Importer: ScriptedImporter/UnityEditor.QuickSearchModule:UnityEditor.Search:ASIAI0B
Importing 'GUID: 3b77405e9fadb4c408bbf830f615ce99 - Path: Packages/com.unity.render-pipelines.universal/Editor/Terrain/TerrainPassDefine.template.hlsl - Importer: ScriptedImporter/UnityEditor.QuickSearchModule:UnityEditor.Search:ASIAI0B' with importer (ScriptedImporter : UnityEditor.QuickSearchModule:UnityEditor.Search:ASIAI0B)
Imported 'GUID: 3b77405e9fadb4c408bbf830f615ce99' -> (Import Result ID: '5630815270790348da3df919d04490e9') in 0.019 seconds [static and dynamic dependencies]. Details - ImportResultOutputID=4bead0a99baf636bb7d77a31a0c62460 DependenciesID=badc8756c9020e37e5ad39ffb34f5843 StaticDependenciesID=6f618ecb9f424c83641c5058a789b017 
Number of updated asset objects reloaded before import = 0
Number of asset objects unloaded after import = 1
========================================================================
Received Import Request.
  Time of request: 2026-08-22T02:50:41.9712465Z
  Time since last request: 0.000316 seconds.
  importAddress: GUID: 9d020dac04a1b2b44a3a36eb8abe528f - Path: Packages/com.unity.render-pipelines.universal/Runtime/2D/CinemachineUniversalPixelPerfect.cs - Importer: ScriptedImporter/UnityEditor.QuickSearchModule:UnityEditor.Search:ASIAI0B
Importing 'GUID: 9d020dac04a1b2b44a3a36eb8abe528f - Path: Packages/com.unity.render-pipelines.universal/Runtime/2D/CinemachineUniversalPixelPerfect.cs - Importer: ScriptedImporter/UnityEditor.QuickSearchModule:UnityEditor.Search:ASIAI0B' with importer (ScriptedImporter : UnityEditor.QuickSearchModule:UnityEditor.Search:ASIAI0B)
Imported 'GUID: 9d020dac04a1b2b44a3a36eb8abe528f' -> (Import Result ID: 'ac13338e1fbabbf18a6321387ca25318') in 0.009 seconds [static and dynamic dependencies]. Details - ImportResultOutputID=92b9a2e3d27c171d4afed61e7ea8c29a DependenciesID=bc5dd8f4f1292b0cdb66970910de5e57 StaticDependenciesID=1d8fd43389f3cc16fdda7a0bfec6ab43 
Number of updated asset objects reloaded before import = 0
Number of asset objects unloaded after import = 0
========================================================================
Received Import Request.
  Time of request: 2026-08-22T02:50:42.0066218Z
  Time since last request: 0.0008264 seconds.
  importAddress: GUID: 3ee3e329a28361841bde3586c2b45586 - Path: Packages/com.unity.render-pipelines.universal/Runtime/Data/UniversalRenderPipelineAsset.DefaultResources.cs - Importer: ScriptedImporter/UnityEditor.QuickSearchModule:UnityEditor.Search:ASIAI0B
Importing 'GUID: 3ee3e329a28361841bde3586c2b45586 - Path: Packages/com.unity.render-pipelines.universal/Runtime/Data/UniversalRenderPipelineAsset.DefaultResources.cs - Importer: ScriptedImporter/UnityEditor.QuickSearchModule:UnityEditor.Search:ASIAI0B' with importer (ScriptedImporter : UnityEditor.QuickSearchModule:UnityEditor.Search:ASIAI0B)
Imported 'GUID: 3ee3e329a28361841bde3586c2b45586' -> (Import Result ID: '7b7648f6c6fecf2120b48a7e97b3bc11') in 0.006 seconds [static and dynamic dependencies]. Details - ImportResultOutputID=710dd0512fb6e22e1760dc25e698d9aa DependenciesID=43738e6485ce0035216b194e78178c96 StaticDependenciesID=762f410eec9b8806f94e5a3b9c3583b3 
Number of updated asset objects reloaded before import = 0
Number of asset objects unloaded after import = 0
========================================================================
Received Import Request.
  Time of request: 2026-08-22T02:50:42.0340677Z
  Time since last request: 0.0004955 seconds.
  importAddress: GUID: aa9836a839ff4ee89489b215f0dd4062 - Path: Packages/com.unity.render-pipelines.universal/Editor/UniversalRenderPipelineAsset/UniversalRenderPipelineBatchingWarning.cs - Importer: ScriptedImporter/UnityEditor.QuickSearchModule:UnityEditor.Search:ASIAI0B
Importing 'GUID: aa9836a839ff4ee89489b215f0dd4062 - Path: Packages/com.unity.render-pipelines.universal/Editor/UniversalRenderPipelineAsset/UniversalRenderPipelineBatchingWarning.cs - Importer: ScriptedImporter/UnityEditor.QuickSearchModule:UnityEditor.Search:ASIAI0B' with importer (ScriptedImporter : UnityEditor.QuickSearchModule:UnityEditor.Search:ASIAI0B)
Imported 'GUID: aa9836a839ff4ee89489b215f0dd4062' -> (Import Result ID: 'ff797e45570324bddf2206f603b8abf6') in 0.008 seconds [static and dynamic dependencies]. Details - ImportResultOutputID=d5914adb3518d1be148d0af9d0d7d61d DependenciesID=cae687f163094a5581fdc18f0463c43e StaticDependenciesID=6c0ccda4edba10c8be32376f0f74f0c1 
Number of updated asset objects reloaded before import = 0
Number of asset objects unloaded after import = 0
========================================================================
Received Import Request.
  Time of request: 2026-08-22T02:50:42.0600635Z
  Time since last request: 0.0006826 seconds.
  importAddress: GUID: e353ed204c92da941bcf3116819f9b91 - Path: Packages/com.unity.render-pipelines.universal/Editor/SceneTemplates/URPBasicScenePipeline.cs - Importer: ScriptedImporter/UnityEditor.QuickSearchModule:UnityEditor.Search:ASIAI0B
Importing 'GUID: e353ed204c92da941bcf3116819f9b91 - Path: Packages/com.unity.render-pipelines.universal/Editor/SceneTemplates/URPBasicScenePipeline.cs - Importer: ScriptedImporter/UnityEditor.QuickSearchModule:UnityEditor.Search:ASIAI0B' with importer (ScriptedImporter : UnityEditor.QuickSearchModule:UnityEditor.Search:ASIAI0B)
Imported 'GUID: e353ed204c92da941bcf3116819f9b91' -> (Import Result ID: '0cb17c33948818f63704dd184747c690') in 0.007 seconds [static and dynamic dependencies]. Details - ImportResultOutputID=1eea246126ad10ba78605941d872eb0a DependenciesID=649183274bee7d135a02f1938af57c0b StaticDependenciesID=de04e96bab23deb0c72567f0abf2d2f6 
Number of updated asset objects reloaded before import = 0
Number of asset objects unloaded after import = 0
========================================================================
Received Import Request.
  Time of request: 2026-08-22T02:50:42.0874392Z
  Time since last request: 0.0008286 seconds.
  importAddress: GUID: ef136de7def056a4d8aa337fa0bcd989 - Path: Packages/com.unity.render-pipelines.universal/Editor/Terrain/BuildTerrainSurfaceDescriptionInputs.template.hlsl - Importer: ScriptedImporter/UnityEditor.QuickSearchModule:UnityEditor.Search:ASIAI0B
Importing 'GUID: ef136de7def056a4d8aa337fa0bcd989 - Path: Packages/com.unity.render-pipelines.universal/Editor/Terrain/BuildTerrainSurfaceDescriptionInputs.template.hlsl - Importer: ScriptedImporter/UnityEditor.QuickSearchModule:UnityEditor.Search:ASIAI0B' with importer (ScriptedImporter : UnityEditor.QuickSearchModule:UnityEditor.Search:ASIAI0B)
Imported 'GUID: ef136de7def056a4d8aa337fa0bcd989' -> (Import Result ID: '0971991d83f0cbc46d021e0fc64dbda7') in 0.020 seconds [static and dynamic dependencies]. Details - ImportResultOutputID=2a1e391711695e7006b7bfe47365842a DependenciesID=7c62828a0816ba97a1b3e15b7840abc5 StaticDependenciesID=757953e6595481d3c09606f2fd70f830 
Number of updated asset objects reloaded before import = 0
Number of asset objects unloaded after import = 1
========================================================================
Received Import Request.
  Time of request: 2026-08-22T02:50:42.1258796Z
  Time since last request: 0.0007681 seconds.
  importAddress: GUID: c64a6e813af443b4864441f640dd1c9f - Path: Packages/com.unity.render-pipelines.universal/Runtime/2D/Renderer2DDataAuthoring.cs - Importer: ScriptedImporter/UnityEditor.QuickSearchModule:UnityEditor.Search:ASIAI0B
Importing 'GUID: c64a6e813af443b4864441f640dd1c9f - Path: Packages/com.unity.render-pipelines.universal/Runtime/2D/Renderer2DDataAuthoring.cs - Importer: ScriptedImporter/UnityEditor.QuickSearchModule:UnityEditor.Search:ASIAI0B' with importer (ScriptedImporter : UnityEditor.QuickSearchModule:UnityEditor.Search:ASIAI0B)
Imported 'GUID: c64a6e813af443b4864441f640dd1c9f' -> (Import Result ID: 'a293fdcd20908105ec913043fe984a30') in 0.009 seconds [static and dynamic dependencies]. Details - ImportResultOutputID=d386aed5e6ba7549982a27aa0ac225f1 DependenciesID=f4825c64fefa7d40743a9f6cd53c1dad StaticDependenciesID=6e78e12cb4c2d846c31a22a89c4a480d 
Number of updated asset objects reloaded before import = 0
Number of asset objects unloaded after import = 0
========================================================================
Received Import Request.
  Time of request: 2026-08-22T02:50:42.154061Z
  Time since last request: 0.0006488 seconds.
  importAddress: GUID: 89bc0329853842ae999d6f86829fc126 - Path: Packages/com.unity.render-pipelines.universal/Runtime/Debug/DebugDisplaySettingsCommon.cs - Importer: ScriptedImporter/UnityEditor.QuickSearchModule:UnityEditor.Search:ASIAI0B
Importing 'GUID: 89bc0329853842ae999d6f86829fc126 - Path: Packages/com.unity.render-pipelines.universal/Runtime/Debug/DebugDisplaySettingsCommon.cs - Importer: ScriptedImporter/UnityEditor.QuickSearchModule:UnityEditor.Search:ASIAI0B' with importer (ScriptedImporter : UnityEditor.QuickSearchModule:UnityEditor.Search:ASIAI0B)
Imported 'GUID: 89bc0329853842ae999d6f86829fc126' -> (Import Result ID: '6ba512abea1ac2d8649a8b14ddff2064') in 0.009 seconds [static and dynamic dependencies]. Details - ImportResultOutputID=8359852e7f6eb7a632342298d24ce144 DependenciesID=b989d582505fdf2aaf9d109f015e1c75 StaticDependenciesID=073cde9d8708a6007be07d73061cf4bb 
Number of updated asset objects reloaded before import = 0
Number of asset objects unloaded after import = 0
========================================================================
Received Import Request.
  Time of request: 2026-08-22T02:50:42.1846988Z
  Time since last request: 0.0026512 seconds.
  importAddress: GUID: e3df3f6511ee9d84fb93259d602ff2e5 - Path: Packages/com.unity.render-pipelines.universal/Runtime/Debug/DebugDisplaySettingsLighting.cs - Importer: ScriptedImporter/UnityEditor.QuickSearchModule:UnityEditor.Search:ASIAI0B
Importing 'GUID: e3df3f6511ee9d84fb93259d602ff2e5 - Path: Packages/com.unity.render-pipelines.universal/Runtime/Debug/DebugDisplaySettingsLighting.cs - Importer: ScriptedImporter/UnityEditor.QuickSearchModule:UnityEditor.Search:ASIAI0B' with importer (ScriptedImporter : UnityEditor.QuickSearchModule:UnityEditor.Search:ASIAI0B)
Imported 'GUID: e3df3f6511ee9d84fb93259d602ff2e5' -> (Import Result ID: 'e689f67b94e11dea792668a578d78b0e') in 0.018 seconds [static and dynamic dependencies]. Details - ImportResultOutputID=2b74a9c914f86fbc3e5081b49d50c2d7 DependenciesID=bea122f8d00da1933430b6e6d6770407 StaticDependenciesID=4088ddcf5002100a79ba472dec0f7775 
Number of updated asset objects reloaded before import = 0
Number of asset objects unloaded after import = 0
========================================================================
Received Import Request.
  Time of request: 2026-08-22T02:50:42.2311415Z
  Time since last request: 0.0019711 seconds.
  importAddress: GUID: 9d187c8728d2b4c398f45befcacc2827 - Path: Packages/com.unity.render-pipelines.universal/Editor/SceneTemplates/Standard.scenetemplate - Importer: ScriptedImporter/UnityEditor.QuickSearchModule:UnityEditor.Search:ASIAI0B
Importing 'GUID: 9d187c8728d2b4c398f45befcacc2827 - Path: Packages/com.unity.render-pipelines.universal/Editor/SceneTemplates/Standard.scenetemplate - Importer: ScriptedImporter/UnityEditor.QuickSearchModule:UnityEditor.Search:ASIAI0B' with importer (ScriptedImporter : UnityEditor.QuickSearchModule:UnityEditor.Search:ASIAI0B)
Imported 'GUID: 9d187c8728d2b4c398f45befcacc2827' -> (Import Result ID: '5e23a46d4f5d5675db63b5aa6a57fe83') in 0.124 seconds [static and dynamic dependencies]. Details - ImportResultOutputID=76b8b7f7345e7b4374f70f96289f80ef DependenciesID=1d04471b2bc10003c1a5ca060388c95f StaticDependenciesID=7ec4bca2238f9c7816af86f07d981f9d 
Number of updated asset objects reloaded before import = 0
Number of asset objects unloaded after import = 75
========================================================================
Received Import Request.
  Time of request: 2026-08-22T02:50:42.3960361Z
  Time since last request: 0.015189 seconds.
  importAddress: GUID: a7745542269049e0a733b635ef8e4df8 - Path: Packages/com.unity.render-pipelines.universal/Runtime/Debug/DebugRenderSetup.cs - Importer: ScriptedImporter/UnityEditor.QuickSearchModule:UnityEditor.Search:ASIAI0B
Importing 'GUID: a7745542269049e0a733b635ef8e4df8 - Path: Packages/com.unity.render-pipelines.universal/Runtime/Debug/DebugRenderSetup.cs - Importer: ScriptedImporter/UnityEditor.QuickSearchModule:UnityEditor.Search:ASIAI0B' with importer (ScriptedImporter : UnityEditor.QuickSearchModule:UnityEditor.Search:ASIAI0B)
Imported 'GUID: a7745542269049e0a733b635ef8e4df8' -> (Import Result ID: '90fe104189adcdbf24f60426357858d7') in 0.007 seconds [static and dynamic dependencies]. Details - ImportResultOutputID=1d56946449ab03e35fc68b020197e2f0 DependenciesID=8629b2ecfaf171dd09e020d5c70ad63c StaticDependenciesID=0a78460349555504828d192b062bcd11 
Number of updated asset objects reloaded before import = 0
Number of asset objects unloaded after import = 0
========================================================================
Received Import Request.
  Time of request: 2026-08-22T02:50:42.4186248Z
  Time since last request: 0.0009966 seconds.
  importAddress: GUID: 3e5bfeb218ab44b849bf614e7b230a7b - Path: Packages/com.unity.render-pipelines.universal/Runtime/History/SingleHistoryBase.cs - Importer: ScriptedImporter/UnityEditor.QuickSearchModule:UnityEditor.Search:ASIAI0B
Importing 'GUID: 3e5bfeb218ab44b849bf614e7b230a7b - Path: Packages/com.unity.render-pipelines.universal/Runtime/History/SingleHistoryBase.cs - Importer: ScriptedImporter/UnityEditor.QuickSearchModule:UnityEditor.Search:ASIAI0B' with importer (ScriptedImporter : UnityEditor.QuickSearchModule:UnityEditor.Search:ASIAI0B)
Imported 'GUID: 3e5bfeb218ab44b849bf614e7b230a7b' -> (Import Result ID: 'da8162446de9beb87d9412f7437f51df') in 0.009 seconds [static and dynamic dependencies]. Details - ImportResultOutputID=f5da4053ac53dedca357c052311903ff DependenciesID=d0b0758fc8c0ece38a43e2655bba81a2 StaticDependenciesID=17014668b571f13c87e87d85b84834b6 
Number of updated asset objects reloaded before import = 0
Number of asset objects unloaded after import = 0
========================================================================
Received Import Request.
  Time of request: 2026-08-22T02:50:42.4511211Z
  Time since last request: 0.0001691 seconds.
  importAddress: GUID: d8d2b2ac40c1940d281d4f1f8384a0bf - Path: Packages/com.unity.render-pipelines.universal/Runtime/History/RawColorHistory.cs - Importer: ScriptedImporter/UnityEditor.QuickSearchModule:UnityEditor.Search:ASIAI0B
Importing 'GUID: d8d2b2ac40c1940d281d4f1f8384a0bf - Path: Packages/com.unity.render-pipelines.universal/Runtime/History/RawColorHistory.cs - Importer: ScriptedImporter/UnityEditor.QuickSearchModule:UnityEditor.Search:ASIAI0B' with importer (ScriptedImporter : UnityEditor.QuickSearchModule:UnityEditor.Search:ASIAI0B)
Imported 'GUID: d8d2b2ac40c1940d281d4f1f8384a0bf' -> (Import Result ID: '0a7164461f6597f746efb495641e3aca') in 0.008 seconds [static and dynamic dependencies]. Details - ImportResultOutputID=5c5d2902d579678a83e3f85e4c0e8949 DependenciesID=4f99b2a6054e7498b6b3126e06efc505 StaticDependenciesID=031143bf0acc1c6ed776e543b9fed3c1 
Number of updated asset objects reloaded before import = 0
Number of asset objects unloaded after import = 0
========================================================================
Received Import Request.
  Time of request: 2026-08-22T02:50:42.4844132Z
  Time since last request: 0.0011658 seconds.
  importAddress: GUID: 81180773991d8724ab7f2d216912b564 - Path: Packages/com.unity.render-pipelines.universal/Runtime/Overrides/ChromaticAberration.cs - Importer: ScriptedImporter/UnityEditor.QuickSearchModule:UnityEditor.Search:ASIAI0B
Importing 'GUID: 81180773991d8724ab7f2d216912b564 - Path: Packages/com.unity.render-pipelines.universal/Runtime/Overrides/ChromaticAberration.cs - Importer: ScriptedImporter/UnityEditor.QuickSearchModule:UnityEditor.Search:ASIAI0B' with importer (ScriptedImporter : UnityEditor.QuickSearchModule:UnityEditor.Search:ASIAI0B)
Imported 'GUID: 81180773991d8724ab7f2d216912b564' -> (Import Result ID: '6aa2e59770302bfecbc262508cbdd37c') in 0.009 seconds [static and dynamic dependencies]. Details - ImportResultOutputID=579649e6854b8ecf632eeffc9cd09c68 DependenciesID=166f121b2ee0d43e791b128828ae1d0d StaticDependenciesID=4230dbfd891fcf2712a8924840b045b2 
Number of updated asset objects reloaded before import = 0
Number of asset objects unloaded after import = 0
========================================================================
Received Import Request.
  Time of request: 2026-08-22T02:50:42.5157929Z
  Time since last request: 0.0018712 seconds.
  importAddress: GUID: 31d0dcc6f2dd4e4408d18036a2c93862 - Path: Packages/com.unity.render-pipelines.universal/Runtime/Materials/Decal.mat - Importer: ScriptedImporter/UnityEditor.QuickSearchModule:UnityEditor.Search:ASIAI0B
Importing 'GUID: 31d0dcc6f2dd4e4408d18036a2c93862 - Path: Packages/com.unity.render-pipelines.universal/Runtime/Materials/Decal.mat - Importer: ScriptedImporter/UnityEditor.QuickSearchModule:UnityEditor.Search:ASIAI0B' with importer (ScriptedImporter : UnityEditor.QuickSearchModule:UnityEditor.Search:ASIAI0B)
Imported 'GUID: 31d0dcc6f2dd4e4408d18036a2c93862' -> (Import Result ID: 'ce73b4895cf2c8236eb4cfc89956647c') in 0.037 seconds [static and dynamic dependencies]. Details - ImportResultOutputID=04aa3dd18599ab2c7922e789972d2490 DependenciesID=d2e208f18419387cc39f71d6f8c3efb3 StaticDependenciesID=de1169ae25f1f5478c3f6448657d491e 
Number of updated asset objects reloaded before import = 0
Number of asset objects unloaded after import = 2
========================================================================
Received Import Request.
  Time of request: 2026-08-22T02:50:42.5857153Z
  Time since last request: 0.0001362 seconds.
  importAddress: GUID: 221518ef91623a7438a71fef23660601 - Path: Packages/com.unity.render-pipelines.universal/Runtime/Overrides/WhiteBalance.cs - Importer: ScriptedImporter/UnityEditor.QuickSearchModule:UnityEditor.Search:ASIAI0B
Importing 'GUID: 221518ef91623a7438a71fef23660601 - Path: Packages/com.unity.render-pipelines.universal/Runtime/Overrides/WhiteBalance.cs - Importer: ScriptedImporter/UnityEditor.QuickSearchModule:UnityEditor.Search:ASIAI0B' with importer (ScriptedImporter : UnityEditor.QuickSearchModule:UnityEditor.Search:ASIAI0B)
Imported 'GUID: 221518ef91623a7438a71fef23660601' -> (Import Result ID: '868116c024949e09fb7db10dceac37fb') in 0.007 seconds [static and dynamic dependencies]. Details - ImportResultOutputID=5d515b6bd2aa0a205e82a84ab7b03b22 DependenciesID=87dfc446c15a603cc6193a8c5e871e48 StaticDependenciesID=30ce9160e2e98a2f7efc18885936064c 
Number of updated asset objects reloaded before import = 0
Number of asset objects unloaded after import = 0
========================================================================
Received Import Request.
  Time of request: 2026-08-22T02:50:42.6176254Z
  Time since last request: 0.0007787 seconds.
  importAddress: GUID: 143650d3fc00425ebbb8b7ac9e5c3f78 - Path: Packages/com.unity.render-pipelines.universal/Runtime/Memory/Fixed2.cs - Importer: ScriptedImporter/UnityEditor.QuickSearchModule:UnityEditor.Search:ASIAI0B
Importing 'GUID: 143650d3fc00425ebbb8b7ac9e5c3f78 - Path: Packages/com.unity.render-pipelines.universal/Runtime/Memory/Fixed2.cs - Importer: ScriptedImporter/UnityEditor.QuickSearchModule:UnityEditor.Search:ASIAI0B' with importer (ScriptedImporter : UnityEditor.QuickSearchModule:UnityEditor.Search:ASIAI0B)
Imported 'GUID: 143650d3fc00425ebbb8b7ac9e5c3f78' -> (Import Result ID: 'd8ba8b44894174c096c5177614837161') in 0.007 seconds [static and dynamic dependencies]. Details - ImportResultOutputID=d7e5d65707e6b2738f88dcd59916530c DependenciesID=f38fa777a0bc02b19d222703abdc7fb1 StaticDependenciesID=25b5126c2be3acbb59e3194b63b08cf0 
Number of updated asset objects reloaded before import = 0
Number of asset objects unloaded after import = 0
========================================================================
Received Import Request.
  Time of request: 2026-08-22T02:50:42.6533253Z
  Time since last request: 0.0009217 seconds.
  importAddress: GUID: 5485954d14dfb9a4c8ead8edb0ded5b1 - Path: Packages/com.unity.render-pipelines.universal/Runtime/Overrides/LiftGammaGain.cs - Importer: ScriptedImporter/UnityEditor.QuickSearchModule:UnityEditor.Search:ASIAI0B
Importing 'GUID: 5485954d14dfb9a4c8ead8edb0ded5b1 - Path: Packages/com.unity.render-pipelines.universal/Runtime/Overrides/LiftGammaGain.cs - Importer: ScriptedImporter/UnityEditor.QuickSearchModule:UnityEditor.Search:ASIAI0B' with importer (ScriptedImporter : UnityEditor.QuickSearchModule:UnityEditor.Search:ASIAI0B)
Imported 'GUID: 5485954d14dfb9a4c8ead8edb0ded5b1' -> (Import Result ID: '0901770c031c5e13b0446f90f12e34fb') in 0.021 seconds [static and dynamic dependencies]. Details - ImportResultOutputID=d1c508c6749071b16270b72cb330cbe2 DependenciesID=adfc8450d500db6171f793bbfffbfce0 StaticDependenciesID=a4b895c449a8b503689746405ad6ec28 
Number of updated asset objects reloaded before import = 0
Number of asset objects unloaded after import = 0
========================================================================
Received Import Request.
  Time of request: 2026-08-22T02:50:42.7055613Z
  Time since last request: 0.0007732 seconds.
  importAddress: GUID: 18f50ab9cd0aa054b99d7d539cd829b5 - Path: Packages/com.unity.render-pipelines.universal/Runtime/Debug/UniversalRenderPipelineVolumeDebugSettings.cs - Importer: ScriptedImporter/UnityEditor.QuickSearchModule:UnityEditor.Search:ASIAI0B
Importing 'GUID: 18f50ab9cd0aa054b99d7d539cd829b5 - Path: Packages/com.unity.render-pipelines.universal/Runtime/Debug/UniversalRenderPipelineVolumeDebugSettings.cs - Importer: ScriptedImporter/UnityEditor.QuickSearchModule:UnityEditor.Search:ASIAI0B' with importer (ScriptedImporter : UnityEditor.QuickSearchModule:UnityEditor.Search:ASIAI0B)
Imported 'GUID: 18f50ab9cd0aa054b99d7d539cd829b5' -> (Import Result ID: 'fce5783e0939f485de35384092a80fff') in 0.035 seconds [static and dynamic dependencies]. Details - ImportResultOutputID=aa1eded687c2b2fc322970aee0866a6c DependenciesID=3d946ee80ac8af3a9fb04f2e9b4cd1ac StaticDependenciesID=244e7c6c4ed99b4a7a3410bf94da4d2c 
Number of updated asset objects reloaded before import = 0
Number of asset objects unloaded after import = 0
========================================================================
Received Import Request.
  Time of request: 2026-08-22T02:50:42.7932279Z
  Time since last request: 0.0010689 seconds.
  importAddress: GUID: f104ef5e898a82f4c9814ea70f7dfb2b - Path: Packages/com.unity.render-pipelines.universal/Runtime/Decal/DecalPreviewPass.cs - Importer: ScriptedImporter/UnityEditor.QuickSearchModule:UnityEditor.Search:ASIAI0B
Importing 'GUID: f104ef5e898a82f4c9814ea70f7dfb2b - Path: Packages/com.unity.render-pipelines.universal/Runtime/Decal/DecalPreviewPass.cs - Importer: ScriptedImporter/UnityEditor.QuickSearchModule:UnityEditor.Search:ASIAI0B' with importer (ScriptedImporter : UnityEditor.QuickSearchModule:UnityEditor.Search:ASIAI0B)
Imported 'GUID: f104ef5e898a82f4c9814ea70f7dfb2b' -> (Import Result ID: 'aecbc32fd84cc987904970b6d0166dd6') in 0.017 seconds [static and dynamic dependencies]. Details - ImportResultOutputID=6f3fea5e7641af15e94883129c67be38 DependenciesID=304ef6748d741eb92ddeed722a9a48cf StaticDependenciesID=c059208338ba96de3118cb4427b31e16 
Number of updated asset objects reloaded before import = 0
Number of asset objects unloaded after import = 0
========================================================================
Received Import Request.
  Time of request: 2026-08-22T02:50:42.8715389Z
  Time since last request: 0.0049948 seconds.
  importAddress: GUID: 2792d18b8e6d4d141af28c77268cced7 - Path: Packages/com.unity.render-pipelines.universal/Runtime/Debug/UniversalRenderPipelineDebugDisplaySettings.cs - Importer: ScriptedImporter/UnityEditor.QuickSearchModule:UnityEditor.Search:ASIAI0B
Importing 'GUID: 2792d18b8e6d4d141af28c77268cced7 - Path: Packages/com.unity.render-pipelines.universal/Runtime/Debug/UniversalRenderPipelineDebugDisplaySettings.cs - Importer: ScriptedImporter/UnityEditor.QuickSearchModule:UnityEditor.Search:ASIAI0B' with importer (ScriptedImporter : UnityEditor.QuickSearchModule:UnityEditor.Search:ASIAI0B)
Imported 'GUID: 2792d18b8e6d4d141af28c77268cced7' -> (Import Result ID: 'fe75ed9fb5f84ee2e2bdb684962f61d3') in 0.087 seconds [static and dynamic dependencies]. Details - ImportResultOutputID=ec22f7f4985edd87dda726ff3a75863a DependenciesID=80ecfc780f3cf416755c4feeaa85b841 StaticDependenciesID=a69229e457b4a12b95598f736cf7f788 
Number of updated asset objects reloaded before import = 0
Number of asset objects unloaded after import = 0
========================================================================
Received Import Request.
  Time of request: 2026-08-22T02:50:42.9974214Z
  Time since last request: 0.0017249 seconds.
  importAddress: GUID: 4ae95b242bca4cbc9098ad3ca788d0cc - Path: Packages/com.unity.render-pipelines.universal/Runtime/FrameData/UniversalRenderingData.cs - Importer: ScriptedImporter/UnityEditor.QuickSearchModule:UnityEditor.Search:ASIAI0B
Importing 'GUID: 4ae95b242bca4cbc9098ad3ca788d0cc - Path: Packages/com.unity.render-pipelines.universal/Runtime/FrameData/UniversalRenderingData.cs - Importer: ScriptedImporter/UnityEditor.QuickSearchModule:UnityEditor.Search:ASIAI0B' with importer (ScriptedImporter : UnityEditor.QuickSearchModule:UnityEditor.Search:ASIAI0B)
Imported 'GUID: 4ae95b242bca4cbc9098ad3ca788d0cc' -> (Import Result ID: '2fff95c0bc2aad7e3bc5422d8d9d1d69') in 0.019 seconds [static and dynamic dependencies]. Details - ImportResultOutputID=e67c661bb4a2f7f20a61de21ce334c82 DependenciesID=dfa895ce5721d5ba92c016404007afb7 StaticDependenciesID=1ade067a0b433f5341165b9cfb40dea6 
Number of updated asset objects reloaded before import = 0
Number of asset objects unloaded after import = 0
========================================================================
Received Import Request.
  Time of request: 2026-08-22T02:50:43.0587547Z
  Time since last request: 0.000858 seconds.
  importAddress: GUID: 9dfc825aed78fcd4ba02077103263b40 - Path: Packages/com.unity.render-pipelines.universal/Runtime/Materials/Sprite-Unlit-Default.mat - Importer: ScriptedImporter/UnityEditor.QuickSearchModule:UnityEditor.Search:ASIAI0B
Importing 'GUID: 9dfc825aed78fcd4ba02077103263b40 - Path: Packages/com.unity.render-pipelines.universal/Runtime/Materials/Sprite-Unlit-Default.mat - Importer: ScriptedImporter/UnityEditor.QuickSearchModule:UnityEditor.Search:ASIAI0B' with importer (ScriptedImporter : UnityEditor.QuickSearchModule:UnityEditor.Search:ASIAI0B)
Imported 'GUID: 9dfc825aed78fcd4ba02077103263b40' -> (Import Result ID: '8d5ff6ac1bf0bcbd090f606864d858a3') in 0.014 seconds [static and dynamic dependencies]. Details - ImportResultOutputID=ef3ad66f18d443239d773ce0c0abcc23 DependenciesID=5d56fefd164a2dda45b6368f71b37829 StaticDependenciesID=1015e10d2e7b151697e522f5f94449a4 
Number of updated asset objects reloaded before import = 0
Number of asset objects unloaded after import = 1
========================================================================
Received Import Request.
  Time of request: 2026-08-22T02:50:43.1033669Z
  Time since last request: 0.0026847 seconds.
  importAddress: GUID: cdfbdbb87d3286943a057f7791b43141 - Path: Packages/com.unity.render-pipelines.universal/Runtime/Overrides/ChannelMixer.cs - Importer: ScriptedImporter/UnityEditor.QuickSearchModule:UnityEditor.Search:ASIAI0B
Importing 'GUID: cdfbdbb87d3286943a057f7791b43141 - Path: Packages/com.unity.render-pipelines.universal/Runtime/Overrides/ChannelMixer.cs - Importer: ScriptedImporter/UnityEditor.QuickSearchModule:UnityEditor.Search:ASIAI0B' with importer (ScriptedImporter : UnityEditor.QuickSearchModule:UnityEditor.Search:ASIAI0B)
Imported 'GUID: cdfbdbb87d3286943a057f7791b43141' -> (Import Result ID: '93b3bbe70dafde8b012d7ef7a1dc19e6') in 0.015 seconds [static and dynamic dependencies]. Details - ImportResultOutputID=0f9698add46aba2f0db2a4db08680e9b DependenciesID=20577fa5f3ec332234c3e9676fc39d74 StaticDependenciesID=899935dc3c585c5e25e6b2f44cab920f 
Number of updated asset objects reloaded before import = 0
Number of asset objects unloaded after import = 0
========================================================================
Received Import Request.
  Time of request: 2026-08-22T02:50:43.1417741Z
  Time since last request: 0.0038028 seconds.
  importAddress: GUID: a684da720c3a43aaa94d1c3e9de4321f - Path: Packages/com.unity.render-pipelines.universal/Runtime/Debug/DebugHandler.cs - Importer: ScriptedImporter/UnityEditor.QuickSearchModule:UnityEditor.Search:ASIAI0B
Importing 'GUID: a684da720c3a43aaa94d1c3e9de4321f - Path: Packages/com.unity.render-pipelines.universal/Runtime/Debug/DebugHandler.cs - Importer: ScriptedImporter/UnityEditor.QuickSearchModule:UnityEditor.Search:ASIAI0B' with importer (ScriptedImporter : UnityEditor.QuickSearchModule:UnityEditor.Search:ASIAI0B)
Imported 'GUID: a684da720c3a43aaa94d1c3e9de4321f' -> (Import Result ID: '366fb30fa8932574e16965a423c090f3') in 0.010 seconds [static and dynamic dependencies]. Details - ImportResultOutputID=7bd64624cc412dc36a8fb9f4466282b2 DependenciesID=550b0ecc904e86f1153898ca5fe10297 StaticDependenciesID=96ce07447f4d221168cc5521fc39c202 
Number of updated asset objects reloaded before import = 0
Number of asset objects unloaded after import = 0
========================================================================
Received Import Request.
  Time of request: 2026-08-22T02:50:43.1847815Z
  Time since last request: 0.0014672 seconds.
  importAddress: GUID: 0b2db86121404754db890f4c8dfe81b2 - Path: Packages/com.unity.render-pipelines.universal/Runtime/Overrides/Bloom.cs - Importer: ScriptedImporter/UnityEditor.QuickSearchModule:UnityEditor.Search:ASIAI0B
Importing 'GUID: 0b2db86121404754db890f4c8dfe81b2 - Path: Packages/com.unity.render-pipelines.universal/Runtime/Overrides/Bloom.cs - Importer: ScriptedImporter/UnityEditor.QuickSearchModule:UnityEditor.Search:ASIAI0B' with importer (ScriptedImporter : UnityEditor.QuickSearchModule:UnityEditor.Search:ASIAI0B)
Imported 'GUID: 0b2db86121404754db890f4c8dfe81b2' -> (Import Result ID: '3dc0197eaebc71cb17397b55528641c2') in 0.014 seconds [static and dynamic dependencies]. Details - ImportResultOutputID=1c172257ea60382bb71ad186ade6555a DependenciesID=aa992c219333a4169b50f9861ffaf44e StaticDependenciesID=49e8e78d8c538661f211bca951e33cdc 
Number of updated asset objects reloaded before import = 0
Number of asset objects unloaded after import = 0
========================================================================
Received Import Request.
  Time of request: 2026-08-22T02:50:43.2458796Z
  Time since last request: 0.0039186 seconds.
  importAddress: GUID: c5e1dc532bcb41949b58bc4f2abfbb7e - Path: Packages/com.unity.render-pipelines.universal/Runtime/Overrides/LensDistortion.cs - Importer: ScriptedImporter/UnityEditor.QuickSearchModule:UnityEditor.Search:ASIAI0B
Importing 'GUID: c5e1dc532bcb41949b58bc4f2abfbb7e - Path: Packages/com.unity.render-pipelines.universal/Runtime/Overrides/LensDistortion.cs - Importer: ScriptedImporter/UnityEditor.QuickSearchModule:UnityEditor.Search:ASIAI0B' with importer (ScriptedImporter : UnityEditor.QuickSearchModule:UnityEditor.Search:ASIAI0B)
Imported 'GUID: c5e1dc532bcb41949b58bc4f2abfbb7e' -> (Import Result ID: 'e13ca2120d0ef31c7219fdd361745eda') in 0.008 seconds [static and dynamic dependencies]. Details - ImportResultOutputID=dc28b4a6acee101d766ea3ed24f581a6 DependenciesID=f69e8f216d8751b1d7f6af5cab7edeee StaticDependenciesID=aae48bc4684df22bc91a2160dfe4498d 
Number of updated asset objects reloaded before import = 0
Number of asset objects unloaded after import = 0
========================================================================
Received Import Request.
  Time of request: 2026-08-22T02:50:43.288837Z
  Time since last request: 0.0007522 seconds.
  importAddress: GUID: 6a1143ee683302f4aa628c052723efc1 - Path: Packages/com.unity.render-pipelines.universal/Runtime/Materials/SimpleLit.mat - Importer: ScriptedImporter/UnityEditor.QuickSearchModule:UnityEditor.Search:ASIAI0B
Importing 'GUID: 6a1143ee683302f4aa628c052723efc1 - Path: Packages/com.unity.render-pipelines.universal/Runtime/Materials/SimpleLit.mat - Importer: ScriptedImporter/UnityEditor.QuickSearchModule:UnityEditor.Search:ASIAI0B' with importer (ScriptedImporter : UnityEditor.QuickSearchModule:UnityEditor.Search:ASIAI0B)
Imported 'GUID: 6a1143ee683302f4aa628c052723efc1' -> (Import Result ID: '60543070f284d9fe82eb88dff23394eb') in 0.027 seconds [static and dynamic dependencies]. Details - ImportResultOutputID=94abbfe21766add7f789f3e53af9f057 DependenciesID=86ceb2d4e1653292f0e2229be0bd7ff6 StaticDependenciesID=65f982d6dae0abb590b603176880a774 
Number of updated asset objects reloaded before import = 0
Number of asset objects unloaded after import = 2
========================================================================
Received Import Request.
  Time of request: 2026-08-22T02:50:43.346304Z
  Time since last request: 0.0098871 seconds.
  importAddress: GUID: 0777d029ed3dffa4692f417d4aba19ca - Path: Packages/com.unity.render-pipelines.universal/Runtime/Decal/DecalProjector.cs - Importer: ScriptedImporter/UnityEditor.QuickSearchModule:UnityEditor.Search:ASIAI0B
Importing 'GUID: 0777d029ed3dffa4692f417d4aba19ca - Path: Packages/com.unity.render-pipelines.universal/Runtime/Decal/DecalProjector.cs - Importer: ScriptedImporter/UnityEditor.QuickSearchModule:UnityEditor.Search:ASIAI0B' with importer (ScriptedImporter : UnityEditor.QuickSearchModule:UnityEditor.Search:ASIAI0B)
Imported 'GUID: 0777d029ed3dffa4692f417d4aba19ca' -> (Import Result ID: 'ad7cca45bb19b25b08696d316dfbc28d') in 0.043 seconds [static and dynamic dependencies]. Details - ImportResultOutputID=8338eecb0051735fff2f638463df75c9 DependenciesID=115ccdce14c6475765d43cf2e550052e StaticDependenciesID=cc1e0afd73ff25991a9efc920d5935cf 
Number of updated asset objects reloaded before import = 0
Number of asset objects unloaded after import = 1
========================================================================
Received Import Request.
  Time of request: 2026-08-22T02:50:43.4227742Z
  Time since last request: 0.0022666 seconds.
  importAddress: GUID: 9eac74bd55c9f7248a432b8e8725366c - Path: Packages/com.unity.render-pipelines.universal/Runtime/History/StpHistory.cs - Importer: ScriptedImporter/UnityEditor.QuickSearchModule:UnityEditor.Search:ASIAI0B
Importing 'GUID: 9eac74bd55c9f7248a432b8e8725366c - Path: Packages/com.unity.render-pipelines.universal/Runtime/History/StpHistory.cs - Importer: ScriptedImporter/UnityEditor.QuickSearchModule:UnityEditor.Search:ASIAI0B' with importer (ScriptedImporter : UnityEditor.QuickSearchModule:UnityEditor.Search:ASIAI0B)
Imported 'GUID: 9eac74bd55c9f7248a432b8e8725366c' -> (Import Result ID: '6d32cd73ff7e2670f3a7596366250f32') in 0.014 seconds [static and dynamic dependencies]. Details - ImportResultOutputID=05fe6457f87fe1dc74e29421f3cbbf17 DependenciesID=5d0a1e7025a42629894e3f4dc852be11 StaticDependenciesID=03734bfc8baf617464af6cf3f36fe203 
Number of updated asset objects reloaded before import = 0
Number of asset objects unloaded after import = 0
========================================================================
Received Import Request.
  Time of request: 2026-08-22T02:50:43.4683895Z
  Time since last request: 0.0005913 seconds.
  importAddress: GUID: e120334449e144591bf8fd51debb4063 - Path: Packages/com.unity.render-pipelines.universal/Runtime/History/RawDepthHistory.cs - Importer: ScriptedImporter/UnityEditor.QuickSearchModule:UnityEditor.Search:ASIAI0B
Importing 'GUID: e120334449e144591bf8fd51debb4063 - Path: Packages/com.unity.render-pipelines.universal/Runtime/History/RawDepthHistory.cs - Importer: ScriptedImporter/UnityEditor.QuickSearchModule:UnityEditor.Search:ASIAI0B' with importer (ScriptedImporter : UnityEditor.QuickSearchModule:UnityEditor.Search:ASIAI0B)
Imported 'GUID: e120334449e144591bf8fd51debb4063' -> (Import Result ID: '57490ee18147b0b17931a523dfbe2a0e') in 0.011 seconds [static and dynamic dependencies]. Details - ImportResultOutputID=6dd60f0edda52792066852992f14bb7e DependenciesID=70a4ddc9ccc7423b244c7e6c07da88fa StaticDependenciesID=81f14add8c900ad419b526cb5ec81531 
Number of updated asset objects reloaded before import = 0
Number of asset objects unloaded after import = 0
========================================================================
Received Import Request.
  Time of request: 2026-08-22T02:50:43.5147042Z
  Time since last request: 0.0025862 seconds.
  importAddress: GUID: fdd7cd5780dc4df69afb5e3c7c41ef8c - Path: Packages/com.unity.render-pipelines.universal/Runtime/FrameData/UniversalLightData.cs - Importer: ScriptedImporter/UnityEditor.QuickSearchModule:UnityEditor.Search:ASIAI0B
Importing 'GUID: fdd7cd5780dc4df69afb5e3c7c41ef8c - Path: Packages/com.unity.render-pipelines.universal/Runtime/FrameData/UniversalLightData.cs - Importer: ScriptedImporter/UnityEditor.QuickSearchModule:UnityEditor.Search:ASIAI0B' with importer (ScriptedImporter : UnityEditor.QuickSearchModule:UnityEditor.Search:ASIAI0B)
Imported 'GUID: fdd7cd5780dc4df69afb5e3c7c41ef8c' -> (Import Result ID: '7ec370fd7e575491c7252f21de68af9d') in 0.012 seconds [static and dynamic dependencies]. Details - ImportResultOutputID=874dc8d4bb720b9f091f4cb6a819c1db DependenciesID=9987890b53dc05a43d7ea9393b22196c StaticDependenciesID=5dc87790de41e3520293e43509ea594f 
Number of updated asset objects reloaded before import = 0
Number of asset objects unloaded after import = 0
========================================================================
Received Import Request.
  Time of request: 2026-08-22T02:50:43.560903Z
  Time since last request: 0.0001982 seconds.
  importAddress: GUID: e823cd5b5d27c0f4b8256e7c12ee3e6d - Path: Packages/com.unity.render-pipelines.universal/Runtime/Materials/ParticlesUnlit.mat - Importer: ScriptedImporter/UnityEditor.QuickSearchModule:UnityEditor.Search:ASIAI0B
Importing 'GUID: e823cd5b5d27c0f4b8256e7c12ee3e6d - Path: Packages/com.unity.render-pipelines.universal/Runtime/Materials/ParticlesUnlit.mat - Importer: ScriptedImporter/UnityEditor.QuickSearchModule:UnityEditor.Search:ASIAI0B' with importer (ScriptedImporter : UnityEditor.QuickSearchModule:UnityEditor.Search:ASIAI0B)
Imported 'GUID: e823cd5b5d27c0f4b8256e7c12ee3e6d' -> (Import Result ID: '4cb29844970b8af349588ccf77ea4618') in 0.017 seconds [static and dynamic dependencies]. Details - ImportResultOutputID=1dfe4cbd63751f007bcf7c549db28ea5 DependenciesID=0550100d9b9c007b7cbc46dc79f60eb8 StaticDependenciesID=29a5cc0c22bff84222b51c7443d58ed5 
Number of updated asset objects reloaded before import = 0
Number of asset objects unloaded after import = 2
========================================================================
Received Import Request.
  Time of request: 2026-08-22T02:50:43.5981066Z
  Time since last request: 0.0002916 seconds.
  importAddress: GUID: a97c105638bdf8b4a8650670310a4cd3 - Path: Packages/com.unity.render-pipelines.universal/Runtime/Materials/Sprite-Lit-Default.mat - Importer: ScriptedImporter/UnityEditor.QuickSearchModule:UnityEditor.Search:ASIAI0B
Importing 'GUID: a97c105638bdf8b4a8650670310a4cd3 - Path: Packages/com.unity.render-pipelines.universal/Runtime/Materials/Sprite-Lit-Default.mat - Importer: ScriptedImporter/UnityEditor.QuickSearchModule:UnityEditor.Search:ASIAI0B' with importer (ScriptedImporter : UnityEditor.QuickSearchModule:UnityEditor.Search:ASIAI0B)
Imported 'GUID: a97c105638bdf8b4a8650670310a4cd3' -> (Import Result ID: '981fe560f4e0f452b8ab57fe218415f5') in 0.010 seconds [static and dynamic dependencies]. Details - ImportResultOutputID=a55074386fae0271e8457b52f11a1568 DependenciesID=9ec9b76774402161a8b4335672f2b264 StaticDependenciesID=6fe29dc7ef7ac7d5e9db09d2bf5ab9e6 
Number of updated asset objects reloaded before import = 0
Number of asset objects unloaded after import = 1
========================================================================
Received Import Request.
  Time of request: 2026-08-22T02:50:43.6540809Z
  Time since last request: 0.0267036 seconds.
  importAddress: GUID: c7b4abc88bafe43ecb5380692ea7e4fe - Path: Packages/com.unity.render-pipelines.universal/Runtime/Tiling/TileSize.cs - Importer: ScriptedImporter/UnityEditor.QuickSearchModule:UnityEditor.Search:ASIAI0B
Importing 'GUID: c7b4abc88bafe43ecb5380692ea7e4fe - Path: Packages/com.unity.render-pipelines.universal/Runtime/Tiling/TileSize.cs - Importer: ScriptedImporter/UnityEditor.QuickSearchModule:UnityEditor.Search:ASIAI0B' with importer (ScriptedImporter : UnityEditor.QuickSearchModule:UnityEditor.Search:ASIAI0B)
Imported 'GUID: c7b4abc88bafe43ecb5380692ea7e4fe' -> (Import Result ID: 'd2012275a529c4ef8f1533e7d555de2b') in 0.005 seconds [static and dynamic dependencies]. Details - ImportResultOutputID=318e45488b041c33364f74df8a57b304 DependenciesID=ae037ac3c9da13898ca542a0c6549d77 StaticDependenciesID=cda5725c74a0a49263fed994391bec2b 
Number of updated asset objects reloaded before import = 0
Number of asset objects unloaded after import = 0
========================================================================
Received Import Request.
  Time of request: 2026-08-22T02:50:43.6750551Z
  Time since last request: 0.0009978 seconds.
  importAddress: GUID: 1fca9967fa314c488bdb2e103730b278 - Path: Packages/com.unity.render-pipelines.universal/Runtime/Tiling/ReflectionProbeMinMaxZJob.cs - Importer: ScriptedImporter/UnityEditor.QuickSearchModule:UnityEditor.Search:ASIAI0B
Importing 'GUID: 1fca9967fa314c488bdb2e103730b278 - Path: Packages/com.unity.render-pipelines.universal/Runtime/Tiling/ReflectionProbeMinMaxZJob.cs - Importer: ScriptedImporter/UnityEditor.QuickSearchModule:UnityEditor.Search:ASIAI0B' with importer (ScriptedImporter : UnityEditor.QuickSearchModule:UnityEditor.Search:ASIAI0B)
Imported 'GUID: 1fca9967fa314c488bdb2e103730b278' -> (Import Result ID: 'a8e3a25d34f4000cf89648e797eb1a87') in 0.023 seconds [static and dynamic dependencies]. Details - ImportResultOutputID=d1893c0daaa4f48dc06bd2a89b321a2f DependenciesID=8d925d863cf4f4dd8f32f1b9d62c1cdb StaticDependenciesID=950f7e6530bb75dbc9531d3dc10d9a5a 
Number of updated asset objects reloaded before import = 0
Number of asset objects unloaded after import = 0
========================================================================
Received Import Request.
  Time of request: 2026-08-22T02:50:43.721286Z
  Time since last request: 0.0009261 seconds.
  importAddress: GUID: 43a7ba8bc4aba4c199e05fe79d3f9bee - Path: Packages/com.unity.render-pipelines.universal/Runtime/RendererFeatures/DisallowMultipleRendererFeature.cs - Importer: ScriptedImporter/UnityEditor.QuickSearchModule:UnityEditor.Search:ASIAI0B
Importing 'GUID: 43a7ba8bc4aba4c199e05fe79d3f9bee - Path: Packages/com.unity.render-pipelines.universal/Runtime/RendererFeatures/DisallowMultipleRendererFeature.cs - Importer: ScriptedImporter/UnityEditor.QuickSearchModule:UnityEditor.Search:ASIAI0B' with importer (ScriptedImporter : UnityEditor.QuickSearchModule:UnityEditor.Search:ASIAI0B)
Imported 'GUID: 43a7ba8bc4aba4c199e05fe79d3f9bee' -> (Import Result ID: 'bc871ef5279c3d94e7bd6d1502ed9acd') in 0.011 seconds [static and dynamic dependencies]. Details - ImportResultOutputID=fdc190f6e2528061b92ca1fdce1650f1 DependenciesID=06371dee892b05e32091b2e2718e1e0b StaticDependenciesID=aad752dfebcfc603351063045fce4576 
Number of updated asset objects reloaded before import = 0
Number of asset objects unloaded after import = 0
========================================================================
Received Import Request.
  Time of request: 2026-08-22T02:50:43.7530345Z
  Time since last request: 0.000718 seconds.
  importAddress: GUID: b00045f12942b46c698459096c89274e - Path: Packages/com.unity.render-pipelines.universal/Runtime/RendererFeatures/FullScreenPassRendererFeature.cs - Importer: ScriptedImporter/UnityEditor.QuickSearchModule:UnityEditor.Search:ASIAI0B
Importing 'GUID: b00045f12942b46c698459096c89274e - Path: Packages/com.unity.render-pipelines.universal/Runtime/RendererFeatures/FullScreenPassRendererFeature.cs - Importer: ScriptedImporter/UnityEditor.QuickSearchModule:UnityEditor.Search:ASIAI0B' with importer (ScriptedImporter : UnityEditor.QuickSearchModule:UnityEditor.Search:ASIAI0B)
Imported 'GUID: b00045f12942b46c698459096c89274e' -> (Import Result ID: '361b8563973cfa059cb7022f380ec496') in 0.036 seconds [static and dynamic dependencies]. Details - ImportResultOutputID=148bd004773514c58ec2507f8fec6c0f DependenciesID=dba06d73b2086f69b37f788503a4818e StaticDependenciesID=0135f4b2b2efd3ea451b2f97bde30d0f 
Number of updated asset objects reloaded before import = 0
Number of asset objects unloaded after import = 0
========================================================================
Received Import Request.
  Time of request: 2026-08-22T02:50:43.8100691Z
  Time since last request: 0.0024812 seconds.
  importAddress: GUID: 958d2de92110a4540b290e308f8b5ac1 - Path: Packages/com.unity.render-pipelines.universal/Runtime/RenderPipelineResources/UniversalRenderPipelineRuntimeTerrainShaders.cs - Importer: ScriptedImporter/UnityEditor.QuickSearchModule:UnityEditor.Search:ASIAI0B
Importing 'GUID: 958d2de92110a4540b290e308f8b5ac1 - Path: Packages/com.unity.render-pipelines.universal/Runtime/RenderPipelineResources/UniversalRenderPipelineRuntimeTerrainShaders.cs - Importer: ScriptedImporter/UnityEditor.QuickSearchModule:UnityEditor.Search:ASIAI0B' with importer (ScriptedImporter : UnityEditor.QuickSearchModule:UnityEditor.Search:ASIAI0B)
Imported 'GUID: 958d2de92110a4540b290e308f8b5ac1' -> (Import Result ID: 'fb1276bd3264f1bd89bfbb795f5d1fcd') in 0.007 seconds [static and dynamic dependencies]. Details - ImportResultOutputID=b5965615f9329f1243283877766529c6 DependenciesID=3a6fa5bfb7cfda3d24f47a310bb3c36a StaticDependenciesID=3bfcc89dbb62a80cdc04a231234e6c02 
Number of updated asset objects reloaded before import = 0
Number of asset objects unloaded after import = 0
========================================================================
Received Import Request.
  Time of request: 2026-08-22T02:50:43.8516964Z
  Time since last request: 0.0024054 seconds.
  importAddress: GUID: edba24b6007b9dd41824b4656ed8ebcf - Path: Packages/com.unity.render-pipelines.universal/Runtime/Passes/ScriptableRenderPass.cs - Importer: ScriptedImporter/UnityEditor.QuickSearchModule:UnityEditor.Search:ASIAI0B
Importing 'GUID: edba24b6007b9dd41824b4656ed8ebcf - Path: Packages/com.unity.render-pipelines.universal/Runtime/Passes/ScriptableRenderPass.cs - Importer: ScriptedImporter/UnityEditor.QuickSearchModule:UnityEditor.Search:ASIAI0B' with importer (ScriptedImporter : UnityEditor.QuickSearchModule:UnityEditor.Search:ASIAI0B)
Imported 'GUID: edba24b6007b9dd41824b4656ed8ebcf' -> (Import Result ID: 'd5fac957b41359b4eee2ed87cbed0c98') in 0.032 seconds [static and dynamic dependencies]. Details - ImportResultOutputID=626dd6bd770e4c3f83c126142558d031 DependenciesID=ebb52f7b25f51a2ab52061277770f366 StaticDependenciesID=8425409eb41c33353cf4effa35893bfb 
Number of updated asset objects reloaded before import = 0
Number of asset objects unloaded after import = 0
========================================================================
Received Import Request.
  Time of request: 2026-08-22T02:50:44.0323543Z
  Time since last request: 0.0125486 seconds.
  importAddress: GUID: 0cf625ee415e13145960c2d843523d39 - Path: Packages/com.unity.render-pipelines.universal/Runtime/Settings/RenderGraphSettings.cs - Importer: ScriptedImporter/UnityEditor.QuickSearchModule:UnityEditor.Search:ASIAI0B
Importing 'GUID: 0cf625ee415e13145960c2d843523d39 - Path: Packages/com.unity.render-pipelines.universal/Runtime/Settings/RenderGraphSettings.cs - Importer: ScriptedImporter/UnityEditor.QuickSearchModule:UnityEditor.Search:ASIAI0B' with importer (ScriptedImporter : UnityEditor.QuickSearchModule:UnityEditor.Search:ASIAI0B)
Imported 'GUID: 0cf625ee415e13145960c2d843523d39' -> (Import Result ID: '0f61ca1eda7a414a3033eec259504fe5') in 0.026 seconds [static and dynamic dependencies]. Details - ImportResultOutputID=bf42f6a12fd0e00b2a91aaad19c67e78 DependenciesID=21670546275e766ee95f87a5e4aa8561 StaticDependenciesID=5b4390140ceb1873e01b2545fa2a1e09 
Number of updated asset objects reloaded before import = 0
Number of asset objects unloaded after import = 0
========================================================================
Received Import Request.
  Time of request: 2026-08-22T02:50:44.1563302Z
  Time since last request: 0.0029094 seconds.
  importAddress: GUID: 6d613f08f173d4dd895bb07b3230baa9 - Path: Packages/com.unity.render-pipelines.universal/Runtime/RendererFeatures/FullScreenPassRendererFeature_OldGUID.cs - Importer: ScriptedImporter/UnityEditor.QuickSearchModule:UnityEditor.Search:ASIAI0B
Importing 'GUID: 6d613f08f173d4dd895bb07b3230baa9 - Path: Packages/com.unity.render-pipelines.universal/Runtime/RendererFeatures/FullScreenPassRendererFeature_OldGUID.cs - Importer: ScriptedImporter/UnityEditor.QuickSearchModule:UnityEditor.Search:ASIAI0B' with importer (ScriptedImporter : UnityEditor.QuickSearchModule:UnityEditor.Search:ASIAI0B)
Imported 'GUID: 6d613f08f173d4dd895bb07b3230baa9' -> (Import Result ID: '098ae205e6df83a1292dd2754f27a162') in 0.036 seconds [static and dynamic dependencies]. Details - ImportResultOutputID=4b1f1800b9ba60e8ec006982faea407a DependenciesID=7a9df0ef1b75bda7f51b2b5e3343a970 StaticDependenciesID=98e9ae1b6b97b761214774576ae67953 
Number of updated asset objects reloaded before import = 0
Number of asset objects unloaded after import = 0
========================================================================
Received Import Request.
  Time of request: 2026-08-22T02:50:44.3560959Z
  Time since last request: 0.0013104 seconds.
  importAddress: GUID: a6bc23d6f2eb4e398389d1954b4aafae - Path: Packages/com.unity.render-pipelines.universal/Runtime/Tiling/TileRangeExpansionJob.cs - Importer: ScriptedImporter/UnityEditor.QuickSearchModule:UnityEditor.Search:ASIAI0B
Importing 'GUID: a6bc23d6f2eb4e398389d1954b4aafae - Path: Packages/com.unity.render-pipelines.universal/Runtime/Tiling/TileRangeExpansionJob.cs - Importer: ScriptedImporter/UnityEditor.QuickSearchModule:UnityEditor.Search:ASIAI0B' with importer (ScriptedImporter : UnityEditor.QuickSearchModule:UnityEditor.Search:ASIAI0B)
Imported 'GUID: a6bc23d6f2eb4e398389d1954b4aafae' -> (Import Result ID: '97cff4f2bd1444135836b133e0fc0848') in 0.012 seconds [static and dynamic dependencies]. Details - ImportResultOutputID=01c0d5ba80fd1ec2b813802461a23bb1 DependenciesID=9a8b17fede6d4a4610e3f3895343a209 StaticDependenciesID=6eb777ebd43ea86bea46e95e038978ad 
Number of updated asset objects reloaded before import = 0
Number of asset objects unloaded after import = 0
========================================================================
Received Import Request.
  Time of request: 2026-08-22T02:50:44.4054985Z
  Time since last request: 0.0008816 seconds.
  importAddress: GUID: 2afeda08c4698463daec0f82157e1261 - Path: Packages/com.unity.render-pipelines.universal/Runtime/Passes/ScreenSpaceAmbientOcclusionPass.cs - Importer: ScriptedImporter/UnityEditor.QuickSearchModule:UnityEditor.Search:ASIAI0B
Importing 'GUID: 2afeda08c4698463daec0f82157e1261 - Path: Packages/com.unity.render-pipelines.universal/Runtime/Passes/ScreenSpaceAmbientOcclusionPass.cs - Importer: ScriptedImporter/UnityEditor.QuickSearchModule:UnityEditor.Search:ASIAI0B' with importer (ScriptedImporter : UnityEditor.QuickSearchModule:UnityEditor.Search:ASIAI0B)
Imported 'GUID: 2afeda08c4698463daec0f82157e1261' -> (Import Result ID: 'f5bd49cf008a4bd7031f01d3f1fdcd73') in 0.028 seconds [static and dynamic dependencies]. Details - ImportResultOutputID=1c96d43a3dd72378d32b01474bfd4022 DependenciesID=88cafd70a3800c18d1b349f19f4a6973 StaticDependenciesID=80bc6bb591348f16a144a8d07e5eab3c 
Number of updated asset objects reloaded before import = 0
Number of asset objects unloaded after import = 0
========================================================================
Received Import Request.
  Time of request: 2026-08-22T02:50:44.4750664Z
  Time since last request: 0.0008046 seconds.
  importAddress: GUID: 49ced51ad19fca94e8a5a29f28b976f3 - Path: Packages/com.unity.render-pipelines.universal/Runtime/RenderPipelineResources/UniversalRenderPipelineRuntimeXRResources.cs - Importer: ScriptedImporter/UnityEditor.QuickSearchModule:UnityEditor.Search:ASIAI0B
Importing 'GUID: 49ced51ad19fca94e8a5a29f28b976f3 - Path: Packages/com.unity.render-pipelines.universal/Runtime/RenderPipelineResources/UniversalRenderPipelineRuntimeXRResources.cs - Importer: ScriptedImporter/UnityEditor.QuickSearchModule:UnityEditor.Search:ASIAI0B' with importer (ScriptedImporter : UnityEditor.QuickSearchModule:UnityEditor.Search:ASIAI0B)
Imported 'GUID: 49ced51ad19fca94e8a5a29f28b976f3' -> (Import Result ID: '0179c85d0ab79e8368953506d102da86') in 0.034 seconds [static and dynamic dependencies]. Details - ImportResultOutputID=377eb2d4e89c30f34bb1428e15e506d9 DependenciesID=562634b3fc8043eaf340d18204d8900d StaticDependenciesID=503dbbd7099ae305b2b36eab798853a4 
Number of updated asset objects reloaded before import = 0
Number of asset objects unloaded after import = 0
========================================================================
Received Import Request.
  Time of request: 2026-08-22T02:50:44.5577339Z
  Time since last request: 0.0115557 seconds.
  importAddress: GUID: adfdf969d73c2034da7ea936a8d17053 - Path: Packages/com.unity.render-pipelines.universal/Runtime/RenderPipelineResources/UniversalRendererResources.cs - Importer: ScriptedImporter/UnityEditor.QuickSearchModule:UnityEditor.Search:ASIAI0B
Importing 'GUID: adfdf969d73c2034da7ea936a8d17053 - Path: Packages/com.unity.render-pipelines.universal/Runtime/RenderPipelineResources/UniversalRendererResources.cs - Importer: ScriptedImporter/UnityEditor.QuickSearchModule:UnityEditor.Search:ASIAI0B' with importer (ScriptedImporter : UnityEditor.QuickSearchModule:UnityEditor.Search:ASIAI0B)
Imported 'GUID: adfdf969d73c2034da7ea936a8d17053' -> (Import Result ID: '66cb8c36689a2d607aee58b6a0646e85') in 0.007 seconds [static and dynamic dependencies]. Details - ImportResultOutputID=779a67edc3d5a25ee67059987ceec9bb DependenciesID=cf3b24ee72bc2db34e6cf260e544196e StaticDependenciesID=2a52f9786c93626cb95d7571c08433e0 
Number of updated asset objects reloaded before import = 0
Number of asset objects unloaded after import = 0
========================================================================
Received Import Request.
  Time of request: 2026-08-22T02:50:44.5973711Z
  Time since last request: 0.0012346 seconds.
  importAddress: GUID: 3f36a6a4d730c3942afd169457cb4035 - Path: Packages/com.unity.render-pipelines.universal/Runtime/Settings/URPDefaultVolumeProfileSetting.cs - Importer: ScriptedImporter/UnityEditor.QuickSearchModule:UnityEditor.Search:ASIAI0B
Importing 'GUID: 3f36a6a4d730c3942afd169457cb4035 - Path: Packages/com.unity.render-pipelines.universal/Runtime/Settings/URPDefaultVolumeProfileSetting.cs - Importer: ScriptedImporter/UnityEditor.QuickSearchModule:UnityEditor.Search:ASIAI0B' with importer (ScriptedImporter : UnityEditor.QuickSearchModule:UnityEditor.Search:ASIAI0B)
Imported 'GUID: 3f36a6a4d730c3942afd169457cb4035' -> (Import Result ID: 'a79b0f5c586a5b822173556ef260518a') in 0.060 seconds [static and dynamic dependencies]. Details - ImportResultOutputID=fbd2066a56d4288b69c33591ac63e174 DependenciesID=2e88d742f6b8e510728fde518d0b1df5 StaticDependenciesID=1b1695a4bc7c54e14f41c9845ac62a1b 
Number of updated asset objects reloaded before import = 0
Number of asset objects unloaded after import = 0
========================================================================
Received Import Request.
  Time of request: 2026-08-22T02:50:44.7070477Z
  Time since last request: 0.0047804 seconds.
  importAddress: GUID: 441892941e4fc954694acc03c8d2ef84 - Path: Packages/com.unity.render-pipelines.universal/Runtime/RenderPipelineResources/UniversalRenderPipelineRuntimeShaders.cs - Importer: ScriptedImporter/UnityEditor.QuickSearchModule:UnityEditor.Search:ASIAI0B
Importing 'GUID: 441892941e4fc954694acc03c8d2ef84 - Path: Packages/com.unity.render-pipelines.universal/Runtime/RenderPipelineResources/UniversalRenderPipelineRuntimeShaders.cs - Importer: ScriptedImporter/UnityEditor.QuickSearchModule:UnityEditor.Search:ASIAI0B' with importer (ScriptedImporter : UnityEditor.QuickSearchModule:UnityEditor.Search:ASIAI0B)
Imported 'GUID: 441892941e4fc954694acc03c8d2ef84' -> (Import Result ID: '87dba201f2c631a2cfbb6018921028ce') in 0.017 seconds [static and dynamic dependencies]. Details - ImportResultOutputID=d89698ec56951bc92849489e9228979d DependenciesID=30f1be2fa7bedf83d5589b64d3bd9f23 StaticDependenciesID=3fe0df891bd220a1e41775b8cb80049b 
Number of updated asset objects reloaded before import = 0
Number of asset objects unloaded after import = 0
========================================================================
Received Import Request.
  Time of request: 2026-08-22T02:50:44.7765617Z
  Time since last request: 0.0251583 seconds.
  importAddress: GUID: 1d258bcfb9f91794090920274896e493 - Path: Packages/com.unity.render-pipelines.universal/Runtime/Passes/DeferredPass.cs - Importer: ScriptedImporter/UnityEditor.QuickSearchModule:UnityEditor.Search:ASIAI0B
Importing 'GUID: 1d258bcfb9f91794090920274896e493 - Path: Packages/com.unity.render-pipelines.universal/Runtime/Passes/DeferredPass.cs - Importer: ScriptedImporter/UnityEditor.QuickSearchModule:UnityEditor.Search:ASIAI0B' with importer (ScriptedImporter : UnityEditor.QuickSearchModule:UnityEditor.Search:ASIAI0B)
Imported 'GUID: 1d258bcfb9f91794090920274896e493' -> (Import Result ID: '0eede010e793741e3f481a9406a18ab4') in 0.019 seconds [static and dynamic dependencies]. Details - ImportResultOutputID=a8a1ab9f4c720a89e9c523ebb563e25d DependenciesID=f8ea6287d8cad898218cdbcbdda5cea9 StaticDependenciesID=c510756584cd6003a980082a15fc57ea 
Number of updated asset objects reloaded before import = 0
Number of asset objects unloaded after import = 0
========================================================================
Received Import Request.
  Time of request: 2026-08-22T02:50:44.8568946Z
  Time since last request: 0.0038705 seconds.
  importAddress: GUID: 4ee4501622ea4008903e313980a6b1b2 - Path: Packages/com.unity.render-pipelines.universal/ShaderLibrary/Debug/Debugging2D.hlsl - Importer: ScriptedImporter/UnityEditor.QuickSearchModule:UnityEditor.Search:ASIAI0B
Importing 'GUID: 4ee4501622ea4008903e313980a6b1b2 - Path: Packages/com.unity.render-pipelines.universal/ShaderLibrary/Debug/Debugging2D.hlsl - Importer: ScriptedImporter/UnityEditor.QuickSearchModule:UnityEditor.Search:ASIAI0B' with importer (ScriptedImporter : UnityEditor.QuickSearchModule:UnityEditor.Search:ASIAI0B)
Imported 'GUID: 4ee4501622ea4008903e313980a6b1b2' -> (Import Result ID: 'c4a9234b390b45b1ae93492836a4b59e') in 0.025 seconds [static and dynamic dependencies]. Details - ImportResultOutputID=41edacb10c9e89a514ef1dfdba63c564 DependenciesID=5b458ebf887bb52052a39b6a65cea497 StaticDependenciesID=8dff7c262a4dfdc0cd1c7e9407795e1a 
Number of updated asset objects reloaded before import = 0
Number of asset objects unloaded after import = 1
========================================================================
Received Import Request.
  Time of request: 2026-08-22T02:50:44.9144258Z
  Time since last request: 0.0006061 seconds.
  importAddress: GUID: d2138a73081d8c34d901cf7a321f1099 - Path: Packages/com.unity.render-pipelines.universal/Runtime/Passes/DrawObjectsPass.cs - Importer: ScriptedImporter/UnityEditor.QuickSearchModule:UnityEditor.Search:ASIAI0B
Importing 'GUID: d2138a73081d8c34d901cf7a321f1099 - Path: Packages/com.unity.render-pipelines.universal/Runtime/Passes/DrawObjectsPass.cs - Importer: ScriptedImporter/UnityEditor.QuickSearchModule:UnityEditor.Search:ASIAI0B' with importer (ScriptedImporter : UnityEditor.QuickSearchModule:UnityEditor.Search:ASIAI0B)
Imported 'GUID: d2138a73081d8c34d901cf7a321f1099' -> (Import Result ID: '98a79c227b8bfa86a80783009dc722ec') in 0.014 seconds [static and dynamic dependencies]. Details - ImportResultOutputID=47e95bd655bed5561bcfb2796370d997 DependenciesID=b7d1ca4feb7f9ca4906c555f994bf8c6 StaticDependenciesID=841dfebeb340081cc9eb19aa2fca1cc7 
Number of updated asset objects reloaded before import = 0
Number of asset objects unloaded after import = 0
========================================================================
Received Import Request.
  Time of request: 2026-08-22T02:50:44.9475219Z
  Time since last request: 0.0009391 seconds.
  importAddress: GUID: 10e31bb2e2b26314bb6132009378847c - Path: Packages/com.unity.render-pipelines.universal/Runtime/Passes/GBufferPass.cs - Importer: ScriptedImporter/UnityEditor.QuickSearchModule:UnityEditor.Search:ASIAI0B
Importing 'GUID: 10e31bb2e2b26314bb6132009378847c - Path: Packages/com.unity.render-pipelines.universal/Runtime/Passes/GBufferPass.cs - Importer: ScriptedImporter/UnityEditor.QuickSearchModule:UnityEditor.Search:ASIAI0B' with importer (ScriptedImporter : UnityEditor.QuickSearchModule:UnityEditor.Search:ASIAI0B)
Imported 'GUID: 10e31bb2e2b26314bb6132009378847c' -> (Import Result ID: 'ee670394ec88d5cf3300cb1906684df6') in 0.021 seconds [static and dynamic dependencies]. Details - ImportResultOutputID=0ba3a2852aaa65f151285829a5040f31 DependenciesID=f53ee42d981f4c7038f249364e1d8c5c StaticDependenciesID=481f1811ce6d2e5c2507b643c8ed8d00 
Number of updated asset objects reloaded before import = 0
Number of asset objects unloaded after import = 0
========================================================================
Received Import Request.
  Time of request: 2026-08-22T02:50:44.9923744Z
  Time since last request: 0.0010691 seconds.
  importAddress: GUID: cf323c9e0e16463488651a133c05e309 - Path: Packages/com.unity.render-pipelines.universal/Runtime/RenderPipelineResources/UniversalRenderPipelineEditorShaders.cs - Importer: ScriptedImporter/UnityEditor.QuickSearchModule:UnityEditor.Search:ASIAI0B
Importing 'GUID: cf323c9e0e16463488651a133c05e309 - Path: Packages/com.unity.render-pipelines.universal/Runtime/RenderPipelineResources/UniversalRenderPipelineEditorShaders.cs - Importer: ScriptedImporter/UnityEditor.QuickSearchModule:UnityEditor.Search:ASIAI0B' with importer (ScriptedImporter : UnityEditor.QuickSearchModule:UnityEditor.Search:ASIAI0B)
Imported 'GUID: cf323c9e0e16463488651a133c05e309' -> (Import Result ID: '4b64f9b1fa9955aeb43ef9473827561f') in 0.006 seconds [static and dynamic dependencies]. Details - ImportResultOutputID=5df8e36470dc37cb8439988a191234d6 DependenciesID=7685cd4e2b79852f68a55e62b5e30167 StaticDependenciesID=59cebf61524a76c3d5a0814dcf531863 
Number of updated asset objects reloaded before import = 0
Number of asset objects unloaded after import = 0
========================================================================
Received Import Request.
  Time of request: 2026-08-22T02:50:45.0153449Z
  Time since last request: 0.0013483 seconds.
  importAddress: GUID: d8ae717b647341719f2a89f20faaf51b - Path: Packages/com.unity.render-pipelines.universal/ShaderLibrary/Debug/Debugging3D.hlsl - Importer: ScriptedImporter/UnityEditor.QuickSearchModule:UnityEditor.Search:ASIAI0B
Importing 'GUID: d8ae717b647341719f2a89f20faaf51b - Path: Packages/com.unity.render-pipelines.universal/ShaderLibrary/Debug/Debugging3D.hlsl - Importer: ScriptedImporter/UnityEditor.QuickSearchModule:UnityEditor.Search:ASIAI0B' with importer (ScriptedImporter : UnityEditor.QuickSearchModule:UnityEditor.Search:ASIAI0B)
Imported 'GUID: d8ae717b647341719f2a89f20faaf51b' -> (Import Result ID: '0837e2fe78553f0e282790f23e9e8bd7') in 0.014 seconds [static and dynamic dependencies]. Details - ImportResultOutputID=efdc1f3b8d5cc162952f1081bd696b99 DependenciesID=0a86443ced480bd6379dc93a862daecb StaticDependenciesID=0756e2631264b0d42b2134775038aa17 
Number of updated asset objects reloaded before import = 0
Number of asset objects unloaded after import = 1
========================================================================
Received Import Request.
  Time of request: 2026-08-22T02:50:45.046504Z
  Time since last request: 0.0013839 seconds.
  importAddress: GUID: 4203f0a40f114a18a614d8fa38c29be9 - Path: Packages/com.unity.render-pipelines.universal/ShaderLibrary/Debug/DebuggingFullscreen.hlsl - Importer: ScriptedImporter/UnityEditor.QuickSearchModule:UnityEditor.Search:ASIAI0B
Importing 'GUID: 4203f0a40f114a18a614d8fa38c29be9 - Path: Packages/com.unity.render-pipelines.universal/ShaderLibrary/Debug/DebuggingFullscreen.hlsl - Importer: ScriptedImporter/UnityEditor.QuickSearchModule:UnityEditor.Search:ASIAI0B' with importer (ScriptedImporter : UnityEditor.QuickSearchModule:UnityEditor.Search:ASIAI0B)
Imported 'GUID: 4203f0a40f114a18a614d8fa38c29be9' -> (Import Result ID: '4d42b4e78fdc5a3ac306e7b2cd0bfcea') in 0.040 seconds [static and dynamic dependencies]. Details - ImportResultOutputID=d5e9019e317373216cf3b2f3cd418edd DependenciesID=9d7df13d12a4d6c880c12f2b520942aa StaticDependenciesID=1eaaa75aee7e532c39c2b63c25c469d6 
Number of updated asset objects reloaded before import = 0
Number of asset objects unloaded after import = 1
========================================================================
Received Prepare
AcceleratorClientConnectionCallback - disconnected - :0
Begin MonoManager ReloadAssembly
Refreshing native plugins compatible for Editor in 2.56 ms, found 1 plugins.
Native extension for Android target not found
Native extension for WindowsStandalone target not found
Native extension for WebGL target not found
[Package Manager] Failed to launch server process. Reason: Unity was launched with the -noUpm command-line argument
[Package Manager] Unable to send message (not connected to server process).
[Package Manager] Cannot connect to Unity Package Manager local server
[Package Manager] Failed to launch server process. Reason: Unity was launched with the -noUpm command-line argument
[Package Manager] Unable to send message (not connected to server process).
[Package Manager] Cannot connect to Unity Package Manager local server
ScheduleIndexationOnStartup MainProcess:False IndexOnStartup:True
Mono: successfully reloaded assembly
[Package Manager] Failed to launch server process. Reason: Unity was launched with the -noUpm command-line argument
[Package Manager] Unable to send message (not connected to server process).
[Package Manager] Cannot connect to Unity Package Manager local server
- Finished resetting the current domain, in  0.959 seconds
Domain Reload Profiling: 1914ms
	BeginReloadAssembly (284ms)
		DisableScriptedObjects (9ms)
		CreateAndSetChildDomain (82ms)
	RebuildCommonClasses (9ms)
	RebuildNativeTypeToScriptingClass (17ms)
	initialDomainReloadingComplete (74ms)
	LoadAllAssembliesAndSetupDomain (569ms)
		LoadAssemblies (334ms)
		AnalyzeDomain (207ms)
			TypeCache.Refresh (13ms)
			BuildScriptInfoCaches (184ms)
			ResolveRequiredComponents (9ms)
	FinalizeReload (960ms)
		SetupLoadedEditorAssemblies (0ms)
			InitializePlatformSupportModulesInManaged (11ms)
			BeforeProcessingInitializeOnLoad (96ms)
			ProcessInitializeOnLoadAttributes (194ms)
			ProcessInitializeOnLoadMethodAttributes (172ms)
			AfterProcessingInitializeOnLoad (8ms)
		AwakeInstancesAfterBackupRestoration (20ms)
WARNING: Shader Unsupported: 'Hidden/Simulation/URP/Synthetic' - All subshaders removed
WARNING: Shader Did you use #pragma only_renderers and omit this platform?
WARNING: Shader If subshaders removal was intentional, you may have forgotten turning Fallback off?
WARNING: Shader Unsupported: 'Hidden/Simulation/Synthetic Lit' - All subshaders removed
WARNING: Shader Did you use #pragma only_renderers and omit this platform?
WARNING: Shader If subshaders removal was intentional, you may have forgotten turning Fallback off?
WARNING: Shader Unsupported: 'Simulation/Standard Lit' - All subshaders removed
WARNING: Shader Did you use #pragma only_renderers and omit this platform?
WARNING: Shader If subshaders removal was intentional, you may have forgotten turning Fallback off?
WARNING: Shader Unsupported: 'Simulation/URP/Room X-Ray' - All subshaders removed
WARNING: Shader Did you use #pragma only_renderers and omit this platform?
WARNING: Shader If subshaders removal was intentional, you may have forgotten turning Fallback off?
WARNING: Shader Unsupported: 'Simulation/Room X-Ray' - All subshaders removed
WARNING: Shader Did you use #pragma only_renderers and omit this platform?
WARNING: Shader If subshaders removal was intentional, you may have forgotten turning Fallback off?
WARNING: Shader Unsupported: 'Simulation/URP/Lit' - All subshaders removed
WARNING: Shader Did you use #pragma only_renderers and omit this platform?
WARNING: Shader If subshaders removal was intentional, you may have forgotten turning Fallback off?
Refreshing native plugins compatible for Editor in 4.28 ms, found 1 plugins.
Unloading 30 Unused Serialized files (Serialized files now loaded: 0)
Unloading 5953 unused Assets / (5.8 MB). Loaded Objects now: 6885.
Memory consumption went from 319.9 MB to 314.0 MB.
Total: 18.142600 ms (FindLiveObjects: 0.856700 ms CreateObjectMapping: 2.697000 ms MarkObjects: 7.298100 ms  DeleteObjects: 7.289200 ms)

Prepare: number of updated asset objects reloaded= 0
EnvironmentDependencyValues requested are different than current active one (requested -> active):
  graphicsApiMask: 2048 -> 264192
========================================================================
Received Prepare
AcceleratorClientConnectionCallback - disconnected - :0
[Licensing::Client] Successfully resolved entitlement details
[Licensing::Client] Successfully resolved entitlement details
Begin MonoManager ReloadAssembly
Refreshing native plugins compatible for Editor in 3.03 ms, found 1 plugins.
Native extension for Android target not found
Native extension for WindowsStandalone target not found
Native extension for WebGL target not found
[Package Manager] Failed to launch server process. Reason: Unity was launched with the -noUpm command-line argument
[Package Manager] Unable to send message (not connected to server process).
[Package Manager] Cannot connect to Unity Package Manager local server
[Package Manager] Failed to launch server process. Reason: Unity was launched with the -noUpm command-line argument
[Package Manager] Unable to send message (not connected to server process).
[Package Manager] Cannot connect to Unity Package Manager local server
ScheduleIndexationOnStartup MainProcess:False IndexOnStartup:True
Mono: successfully reloaded assembly
[Package Manager] Failed to launch server process. Reason: Unity was launched with the -noUpm command-line argument
[Package Manager] Unable to send message (not connected to server process).
[Package Manager] Cannot connect to Unity Package Manager local server
- Finished resetting the current domain, in  0.831 seconds
Domain Reload Profiling: 1915ms
	BeginReloadAssembly (300ms)
		DisableScriptedObjects (10ms)
		CreateAndSetChildDomain (83ms)
	RebuildCommonClasses (9ms)
	RebuildNativeTypeToScriptingClass (20ms)
	initialDomainReloadingComplete (71ms)
	LoadAllAssembliesAndSetupDomain (683ms)
		LoadAssemblies (399ms)
		AnalyzeDomain (256ms)
			TypeCache.Refresh (14ms)
			BuildScriptInfoCaches (229ms)
			ResolveRequiredComponents (10ms)
	FinalizeReload (832ms)
		SetupLoadedEditorAssemblies (0ms)
			InitializePlatformSupportModulesInManaged (11ms)
			BeforeProcessingInitializeOnLoad (103ms)
			ProcessInitializeOnLoadAttributes (232ms)
			ProcessInitializeOnLoadMethodAttributes (185ms)
			AfterProcessingInitializeOnLoad (8ms)
		AwakeInstancesAfterBackupRestoration (27ms)
WARNING: Shader Unsupported: 'Hidden/Simulation/URP/Synthetic' - All subshaders removed
WARNING: Shader Did you use #pragma only_renderers and omit this platform?
WARNING: Shader If subshaders removal was intentional, you may have forgotten turning Fallback off?
WARNING: Shader Unsupported: 'Hidden/Simulation/Synthetic Lit' - All subshaders removed
WARNING: Shader Did you use #pragma only_renderers and omit this platform?
WARNING: Shader If subshaders removal was intentional, you may have forgotten turning Fallback off?
WARNING: Shader Unsupported: 'Simulation/Standard Lit' - All subshaders removed
WARNING: Shader Did you use #pragma only_renderers and omit this platform?
WARNING: Shader If subshaders removal was intentional, you may have forgotten turning Fallback off?
WARNING: Shader Unsupported: 'Simulation/URP/Room X-Ray' - All subshaders removed
WARNING: Shader Did you use #pragma only_renderers and omit this platform?
WARNING: Shader If subshaders removal was intentional, you may have forgotten turning Fallback off?
WARNING: Shader Unsupported: 'Simulation/Room X-Ray' - All subshaders removed
WARNING: Shader Did you use #pragma only_renderers and omit this platform?
WARNING: Shader If subshaders removal was intentional, you may have forgotten turning Fallback off?
WARNING: Shader Unsupported: 'Simulation/URP/Lit' - All subshaders removed
WARNING: Shader Did you use #pragma only_renderers and omit this platform?
WARNING: Shader If subshaders removal was intentional, you may have forgotten turning Fallback off?
Refreshing native plugins compatible for Editor in 2.43 ms, found 1 plugins.
Unloading 30 Unused Serialized files (Serialized files now loaded: 0)
Unloading 5953 unused Assets / (6.2 MB). Loaded Objects now: 6887.
Memory consumption went from 317.8 MB to 311.6 MB.
Total: 11.490600 ms (FindLiveObjects: 0.911600 ms CreateObjectMapping: 2.408300 ms MarkObjects: 4.997200 ms  DeleteObjects: 3.171400 ms)

Prepare: number of updated asset objects reloaded= 0
EnvironmentDependencyValues requested are different than current active one (requested -> active):
  graphicsApiMask: 2048 -> 264192
========================================================================
Received Import Request.
  Time of request: 2026-08-22T02:51:41.3334217Z
  Time since last request: 56.2285693 seconds.
  importAddress: GUID: 328825e919fefdd45bbea6751269b427 - Path: Assets/Scripts/PlaceCell.cs - Importer: PreviewImporter
Importing 'GUID: 328825e919fefdd45bbea6751269b427 - Path: Assets/Scripts/PlaceCell.cs - Importer: PreviewImporter' with importer (PreviewImporter)
Imported 'GUID: 328825e919fefdd45bbea6751269b427' -> (Import Result ID: '395d49a985b77e3a68b1352bd2f955aa') in 0.002 seconds [static and dynamic dependencies]. Details - ImportResultOutputID=835d2973561a1118f40deb0f5af89899 DependenciesID=35775012d9522b27d9df6319094997bb StaticDependenciesID=d607f8e0cce1b1b60b4e53e134c6207b 
Number of updated asset objects reloaded before import = 0
Number of asset objects unloaded after import = 0
========================================================================
Received Prepare
AcceleratorClientConnectionCallback - disconnected - :0
WARNING: Shader Unsupported: 'Hidden/Simulation/URP/Synthetic' - All subshaders removed
WARNING: Shader Did you use #pragma only_renderers and omit this platform?
WARNING: Shader If subshaders removal was intentional, you may have forgotten turning Fallback off?
WARNING: Shader Unsupported: 'Hidden/Simulation/Synthetic Lit' - All subshaders removed
WARNING: Shader Did you use #pragma only_renderers and omit this platform?
WARNING: Shader If subshaders removal was intentional, you may have forgotten turning Fallback off?
WARNING: Shader Unsupported: 'Simulation/Standard Lit' - All subshaders removed
WARNING: Shader Did you use #pragma only_renderers and omit this platform?
WARNING: Shader If subshaders removal was intentional, you may have forgotten turning Fallback off?
WARNING: Shader Unsupported: 'Simulation/URP/Room X-Ray' - All subshaders removed
WARNING: Shader Did you use #pragma only_renderers and omit this platform?
WARNING: Shader If subshaders removal was intentional, you may have forgotten turning Fallback off?
WARNING: Shader Unsupported: 'Simulation/Room X-Ray' - All subshaders removed
WARNING: Shader Did you use #pragma only_renderers and omit this platform?
WARNING: Shader If subshaders removal was intentional, you may have forgotten turning Fallback off?
WARNING: Shader Unsupported: 'Simulation/URP/Lit' - All subshaders removed
WARNING: Shader Did you use #pragma only_renderers and omit this platform?
WARNING: Shader If subshaders removal was intentional, you may have forgotten turning Fallback off?
Refreshing native plugins compatible for Editor in 3.47 ms, found 1 plugins.
Unloading 30 Unused Serialized files (Serialized files now loaded: 0)
Unloading 30 unused Assets / (3.1 MB). Loaded Objects now: 6887.
Memory consumption went from 313.8 MB to 310.7 MB.
Total: 7.721200 ms (FindLiveObjects: 0.437000 ms CreateObjectMapping: 1.068100 ms MarkObjects: 5.071900 ms  DeleteObjects: 1.142700 ms)

Prepare: number of updated asset objects reloaded= 0
EnvironmentDependencyValues requested are different than current active one (requested -> active):
  graphicsApiMask: 2048 -> 264192
========================================================================
Received Prepare
AcceleratorClientConnectionCallback - disconnected - :0
[Licensing::Client] Successfully resolved entitlement details
[Licensing::Client] Successfully resolved entitlement details
Begin MonoManager ReloadAssembly
Refreshing native plugins compatible for Editor in 2.46 ms, found 1 plugins.
Native extension for Android target not found
Native extension for WindowsStandalone target not found
Native extension for WebGL target not found
[Package Manager] Failed to launch server process. Reason: Unity was launched with the -noUpm command-line argument
[Package Manager] Unable to send message (not connected to server process).
[Package Manager] Cannot connect to Unity Package Manager local server
[Package Manager] Failed to launch server process. Reason: Unity was launched with the -noUpm command-line argument
[Package Manager] Unable to send message (not connected to server process).
[Package Manager] Cannot connect to Unity Package Manager local server
ScheduleIndexationOnStartup MainProcess:False IndexOnStartup:True
Mono: successfully reloaded assembly
[Package Manager] Failed to launch server process. Reason: Unity was launched with the -noUpm command-line argument
[Package Manager] Unable to send message (not connected to server process).
[Package Manager] Cannot connect to Unity Package Manager local server
- Finished resetting the current domain, in  0.756 seconds
Domain Reload Profiling: 1785ms
	BeginReloadAssembly (328ms)
		DisableScriptedObjects (11ms)
		CreateAndSetChildDomain (72ms)
	RebuildCommonClasses (16ms)
	RebuildNativeTypeToScriptingClass (22ms)
	initialDomainReloadingComplete (82ms)
	LoadAllAssembliesAndSetupDomain (579ms)
		LoadAssemblies (383ms)
		AnalyzeDomain (201ms)
			TypeCache.Refresh (13ms)
			BuildScriptInfoCaches (173ms)
			ResolveRequiredComponents (12ms)
	FinalizeReload (757ms)
		SetupLoadedEditorAssemblies (0ms)
			InitializePlatformSupportModulesInManaged (12ms)
			BeforeProcessingInitializeOnLoad (89ms)
			ProcessInitializeOnLoadAttributes (189ms)
			ProcessInitializeOnLoadMethodAttributes (174ms)
			AfterProcessingInitializeOnLoad (7ms)
		AwakeInstancesAfterBackupRestoration (21ms)
WARNING: Shader Unsupported: 'Hidden/Simulation/URP/Synthetic' - All subshaders removed
WARNING: Shader Did you use #pragma only_renderers and omit this platform?
WARNING: Shader If subshaders removal was intentional, you may have forgotten turning Fallback off?
WARNING: Shader Unsupported: 'Hidden/Simulation/Synthetic Lit' - All subshaders removed
WARNING: Shader Did you use #pragma only_renderers and omit this platform?
WARNING: Shader If subshaders removal was intentional, you may have forgotten turning Fallback off?
WARNING: Shader Unsupported: 'Simulation/Standard Lit' - All subshaders removed
WARNING: Shader Did you use #pragma only_renderers and omit this platform?
WARNING: Shader If subshaders removal was intentional, you may have forgotten turning Fallback off?
WARNING: Shader Unsupported: 'Simulation/URP/Room X-Ray' - All subshaders removed
WARNING: Shader Did you use #pragma only_renderers and omit this platform?
WARNING: Shader If subshaders removal was intentional, you may have forgotten turning Fallback off?
WARNING: Shader Unsupported: 'Simulation/Room X-Ray' - All subshaders removed
WARNING: Shader Did you use #pragma only_renderers and omit this platform?
WARNING: Shader If subshaders removal was intentional, you may have forgotten turning Fallback off?
WARNING: Shader Unsupported: 'Simulation/URP/Lit' - All subshaders removed
WARNING: Shader Did you use #pragma only_renderers and omit this platform?
WARNING: Shader If subshaders removal was intentional, you may have forgotten turning Fallback off?
Refreshing native plugins compatible for Editor in 3.49 ms, found 1 plugins.
Unloading 30 Unused Serialized files (Serialized files now loaded: 0)
Unloading 5953 unused Assets / (6.2 MB). Loaded Objects now: 6889.
Memory consumption went from 318.4 MB to 312.2 MB.
Total: 11.681700 ms (FindLiveObjects: 0.726600 ms CreateObjectMapping: 2.444400 ms MarkObjects: 4.861600 ms  DeleteObjects: 3.648100 ms)

Prepare: number of updated asset objects reloaded= 0
EnvironmentDependencyValues requested are different than current active one (requested -> active):
  graphicsApiMask: 2048 -> 264192
========================================================================
Received Import Request.
  Time of request: 2026-08-22T02:54:19.1539858Z
  Time since last request: 157.80500660000001 seconds.
  importAddress: GUID: 328825e919fefdd45bbea6751269b427 - Path: Assets/Scripts/PlaceCell.cs - Importer: PreviewImporter
Importing 'GUID: 328825e919fefdd45bbea6751269b427 - Path: Assets/Scripts/PlaceCell.cs - Importer: PreviewImporter' with importer (PreviewImporter)
Imported 'GUID: 328825e919fefdd45bbea6751269b427' -> (Import Result ID: '27f068dcb132d160a6d3ae84895c78e7') in 0.001 seconds [static and dynamic dependencies]. Details - ImportResultOutputID=835d2973561a1118f40deb0f5af89899 DependenciesID=063082cae363641b69a9269d9c67be9e StaticDependenciesID=f938626d526f98867aee2737d693aa6c 
Number of updated asset objects reloaded before import = 0
Number of asset objects unloaded after import = 0
========================================================================
Received Import Request.
  Time of request: 2026-08-22T02:54:35.2633673Z
  Time since last request: 16.0943635 seconds.
  importAddress: GUID: 328825e919fefdd45bbea6751269b427 - Path: Assets/Scripts/PlaceCell.cs - Importer: ScriptedImporter/UnityEditor.QuickSearchModule:UnityEditor.Search:ASIAI0B
Importing 'GUID: 328825e919fefdd45bbea6751269b427 - Path: Assets/Scripts/PlaceCell.cs - Importer: ScriptedImporter/UnityEditor.QuickSearchModule:UnityEditor.Search:ASIAI0B' with importer (ScriptedImporter : UnityEditor.QuickSearchModule:UnityEditor.Search:ASIAI0B)
Imported 'GUID: 328825e919fefdd45bbea6751269b427' -> (Import Result ID: '1f7f8022dc781b7ce7489ac36cf2698b') in 0.108 seconds [static and dynamic dependencies]. Details - ImportResultOutputID=34bb8f2f5685cca481dce4f498110f79 DependenciesID=7ecad60d48cefa96a9a63b0aaca76283 StaticDependenciesID=aebb02b9fe233a1fdcab056062973134 
Number of updated asset objects reloaded before import = 0
Number of asset objects unloaded after import = 0
========================================================================
Received Import Request.
  Time of request: 2026-08-22T02:54:35.7814637Z
  Time since last request: 0.3939579 seconds.
  importAddress: GUID: 4203f0a40f114a18a614d8fa38c29be9 - Path: Packages/com.unity.render-pipelines.universal/ShaderLibrary/Debug/DebuggingFullscreen.hlsl - Importer: ScriptedImporter/UnityEditor.QuickSearchModule:UnityEditor.Search:ASIAI0B
Importing 'GUID: 4203f0a40f114a18a614d8fa38c29be9 - Path: Packages/com.unity.render-pipelines.universal/ShaderLibrary/Debug/DebuggingFullscreen.hlsl - Importer: ScriptedImporter/UnityEditor.QuickSearchModule:UnityEditor.Search:ASIAI0B' with importer (ScriptedImporter : UnityEditor.QuickSearchModule:UnityEditor.Search:ASIAI0B)
Imported 'GUID: 4203f0a40f114a18a614d8fa38c29be9' -> (Import Result ID: '1f3bbde3a33c80f04cfd20b5e9ebe410') in 0.006 seconds [static and dynamic dependencies]. Details - ImportResultOutputID=4bd612d602b78f2790792d7d32a3be23 DependenciesID=9d7df13d12a4d6c880c12f2b520942aa StaticDependenciesID=1eaaa75aee7e532c39c2b63c25c469d6 
Number of updated asset objects reloaded before import = 0
Number of asset objects unloaded after import = 1
========================================================================
Received Import Request.
  Time of request: 2026-08-22T02:54:35.8002642Z
  Time since last request: 0.000544 seconds.
  importAddress: GUID: 096294dfb309e47929b561541e4b087e - Path: Packages/com.unity.render-pipelines.universal/Runtime/Passes/MotionVectorRenderPass.cs - Importer: ScriptedImporter/UnityEditor.QuickSearchModule:UnityEditor.Search:ASIAI0B
Importing 'GUID: 096294dfb309e47929b561541e4b087e - Path: Packages/com.unity.render-pipelines.universal/Runtime/Passes/MotionVectorRenderPass.cs - Importer: ScriptedImporter/UnityEditor.QuickSearchModule:UnityEditor.Search:ASIAI0B' with importer (ScriptedImporter : UnityEditor.QuickSearchModule:UnityEditor.Search:ASIAI0B)
Imported 'GUID: 096294dfb309e47929b561541e4b087e' -> (Import Result ID: 'd13fd81f5351ed10a1b836f4da6be62b') in 0.004 seconds [static and dynamic dependencies]. Details - ImportResultOutputID=f858327d4d4a99292cc649b7b757a0f4 DependenciesID=69f973120a1b24a456c36cf876867374 StaticDependenciesID=9d8e67caafbde54eed468e32984c9824 
Number of updated asset objects reloaded before import = 0
Number of asset objects unloaded after import = 0
========================================================================
Received Import Request.
  Time of request: 2026-08-22T02:54:35.8492101Z
  Time since last request: 0.0286297 seconds.
  importAddress: GUID: 1acd75ff24dbc43cca235408192130b7 - Path: Packages/com.unity.render-pipelines.universal/Shaders/Particles/ParticlesInput.hlsl - Importer: ScriptedImporter/UnityEditor.QuickSearchModule:UnityEditor.Search:ASIAI0B
Importing 'GUID: 1acd75ff24dbc43cca235408192130b7 - Path: Packages/com.unity.render-pipelines.universal/Shaders/Particles/ParticlesInput.hlsl - Importer: ScriptedImporter/UnityEditor.QuickSearchModule:UnityEditor.Search:ASIAI0B' with importer (ScriptedImporter : UnityEditor.QuickSearchModule:UnityEditor.Search:ASIAI0B)
Imported 'GUID: 1acd75ff24dbc43cca235408192130b7' -> (Import Result ID: '76664809f1e20b4d8c86751149b6c8ce') in 0.055 seconds [static and dynamic dependencies]. Details - ImportResultOutputID=085c5932b3254f811acb19c6f5c6f98d DependenciesID=dc50f3039f758214a2fc9f66d90960bd StaticDependenciesID=353e0f009c2920603bded98c038cee4f 
Number of updated asset objects reloaded before import = 0
Number of asset objects unloaded after import = 1
========================================================================
Received Import Request.
  Time of request: 2026-08-22T02:54:35.9213352Z
  Time since last request: 0.0009759 seconds.
  importAddress: GUID: 1edcd131364091c46a17cbff0b1de97a - Path: Packages/com.unity.render-pipelines.universal/Shaders/PostProcessing/CameraMotionBlur.shader - Importer: ScriptedImporter/UnityEditor.QuickSearchModule:UnityEditor.Search:ASIAI0B
Importing 'GUID: 1edcd131364091c46a17cbff0b1de97a - Path: Packages/com.unity.render-pipelines.universal/Shaders/PostProcessing/CameraMotionBlur.shader - Importer: ScriptedImporter/UnityEditor.QuickSearchModule:UnityEditor.Search:ASIAI0B' with importer (ScriptedImporter : UnityEditor.QuickSearchModule:UnityEditor.Search:ASIAI0B)
Imported 'GUID: 1edcd131364091c46a17cbff0b1de97a' -> (Import Result ID: '0d4f920059371af8296abd6790aa4425') in 0.020 seconds [static and dynamic dependencies]. Details - ImportResultOutputID=1ae52fdffae44908a03242dd42220515 DependenciesID=8584777c4f9ad6aa04b90530fd8e2a24 StaticDependenciesID=aba67fd0dcea31e6f6e1ec65db1759e1 
Number of updated asset objects reloaded before import = 0
Number of asset objects unloaded after import = 1
========================================================================
Received Import Request.
  Time of request: 2026-08-22T02:54:35.9606827Z
  Time since last request: 0.0007563 seconds.
  importAddress: GUID: 5ec81c81908db34429b4f6ddecadd3bd - Path: Packages/com.unity.render-pipelines.universal/Shaders/Nature/SpeedTree7Billboard.shader - Importer: ScriptedImporter/UnityEditor.QuickSearchModule:UnityEditor.Search:ASIAI0B
Importing 'GUID: 5ec81c81908db34429b4f6ddecadd3bd - Path: Packages/com.unity.render-pipelines.universal/Shaders/Nature/SpeedTree7Billboard.shader - Importer: ScriptedImporter/UnityEditor.QuickSearchModule:UnityEditor.Search:ASIAI0B' with importer (ScriptedImporter : UnityEditor.QuickSearchModule:UnityEditor.Search:ASIAI0B)
Imported 'GUID: 5ec81c81908db34429b4f6ddecadd3bd' -> (Import Result ID: '3ba3da2eb42f686d6f1b32c8b5f78ea0') in 0.012 seconds [static and dynamic dependencies]. Details - ImportResultOutputID=a73572f96cb9c81981a4442355d5e2f8 DependenciesID=955f19d133a641df30a300d74f50aa88 StaticDependenciesID=83e3f89405f837af3f3e5986502e12d6 
Number of updated asset objects reloaded before import = 0
Number of asset objects unloaded after import = 1
========================================================================
Received Import Request.
  Time of request: 2026-08-22T02:54:35.9901939Z
  Time since last request: 0.0007447 seconds.
  importAddress: GUID: 44fc62292b65ab04eabcf310e799ccf6 - Path: Packages/com.unity.render-pipelines.universal/Shaders/2D/Shadow2D-Shadow-Sprite.shader - Importer: ScriptedImporter/UnityEditor.QuickSearchModule:UnityEditor.Search:ASIAI0B
Importing 'GUID: 44fc62292b65ab04eabcf310e799ccf6 - Path: Packages/com.unity.render-pipelines.universal/Shaders/2D/Shadow2D-Shadow-Sprite.shader - Importer: ScriptedImporter/UnityEditor.QuickSearchModule:UnityEditor.Search:ASIAI0B' with importer (ScriptedImporter : UnityEditor.QuickSearchModule:UnityEditor.Search:ASIAI0B)
Imported 'GUID: 44fc62292b65ab04eabcf310e799ccf6' -> (Import Result ID: '3191501838ec8ac71704405e9e9c6f9e') in 0.007 seconds [static and dynamic dependencies]. Details - ImportResultOutputID=5c7f4289e2f64a659171cce1dbba2a59 DependenciesID=bb08563f7e18167a2c364b5783072635 StaticDependenciesID=f61fc6b040e9f8b661f744d25b438594 
Number of updated asset objects reloaded before import = 0
Number of asset objects unloaded after import = 1
========================================================================
Received Import Request.
  Time of request: 2026-08-22T02:54:36.0178853Z
  Time since last request: 0.0008369 seconds.
  importAddress: GUID: e39bd598ce13f44ba8af997d3e42cd18 - Path: Packages/com.unity.render-pipelines.universal/Shaders/2D/Sprite-Mask.shader - Importer: ScriptedImporter/UnityEditor.QuickSearchModule:UnityEditor.Search:ASIAI0B
Importing 'GUID: e39bd598ce13f44ba8af997d3e42cd18 - Path: Packages/com.unity.render-pipelines.universal/Shaders/2D/Sprite-Mask.shader - Importer: ScriptedImporter/UnityEditor.QuickSearchModule:UnityEditor.Search:ASIAI0B' with importer (ScriptedImporter : UnityEditor.QuickSearchModule:UnityEditor.Search:ASIAI0B)
Imported 'GUID: e39bd598ce13f44ba8af997d3e42cd18' -> (Import Result ID: '7eb8af97335305e427bbc261057e8f2d') in 0.011 seconds [static and dynamic dependencies]. Details - ImportResultOutputID=ade13c7c60f7068344e4c78a98b8ae12 DependenciesID=5a7c4cc242a88b3959d8e0e740b57e9b StaticDependenciesID=9db5a286ee3412f47c9870865d680f3f 
Number of updated asset objects reloaded before import = 0
Number of asset objects unloaded after import = 1
========================================================================
Received Import Request.
  Time of request: 2026-08-22T02:54:36.0455142Z
  Time since last request: 0.0010882 seconds.
  importAddress: GUID: cc421706a0b598946982fee0c0d4bf51 - Path: Packages/com.unity.render-pipelines.universal/Shaders/Particles/ParticlesLitGbufferPass.hlsl - Importer: ScriptedImporter/UnityEditor.QuickSearchModule:UnityEditor.Search:ASIAI0B
Importing 'GUID: cc421706a0b598946982fee0c0d4bf51 - Path: Packages/com.unity.render-pipelines.universal/Shaders/Particles/ParticlesLitGbufferPass.hlsl - Importer: ScriptedImporter/UnityEditor.QuickSearchModule:UnityEditor.Search:ASIAI0B' with importer (ScriptedImporter : UnityEditor.QuickSearchModule:UnityEditor.Search:ASIAI0B)
Imported 'GUID: cc421706a0b598946982fee0c0d4bf51' -> (Import Result ID: '84f342f4d162de71617ecb94e576bbef') in 0.018 seconds [static and dynamic dependencies]. Details - ImportResultOutputID=97aea5c3fffb813e3c882fb362685068 DependenciesID=62a1a420cdf6fbaff6af6cfa323c7a5f StaticDependenciesID=92003ac8d3968f0b285c30ce8e06d2fa 
Number of updated asset objects reloaded before import = 0
Number of asset objects unloaded after import = 1
========================================================================
Received Import Request.
  Time of request: 2026-08-22T02:54:36.0863273Z
  Time since last request: 0.0006558 seconds.
  importAddress: GUID: ce09d4a80b88c5a4eb9768fab4f1ee00 - Path: Packages/com.unity.render-pipelines.universal/Shaders/2D/Shadow2D-Projected.shader - Importer: ScriptedImporter/UnityEditor.QuickSearchModule:UnityEditor.Search:ASIAI0B
Importing 'GUID: ce09d4a80b88c5a4eb9768fab4f1ee00 - Path: Packages/com.unity.render-pipelines.universal/Shaders/2D/Shadow2D-Projected.shader - Importer: ScriptedImporter/UnityEditor.QuickSearchModule:UnityEditor.Search:ASIAI0B' with importer (ScriptedImporter : UnityEditor.QuickSearchModule:UnityEditor.Search:ASIAI0B)
Imported 'GUID: ce09d4a80b88c5a4eb9768fab4f1ee00' -> (Import Result ID: 'ff18e15f413b8981319c30526ff73912') in 0.006 seconds [static and dynamic dependencies]. Details - ImportResultOutputID=8023b8851c72f534b61f46812cfbcf7f DependenciesID=2da2bf5cd20943751f46184ede922f7f StaticDependenciesID=a501391e9343c18bbc9daeae8a710277 
Number of updated asset objects reloaded before import = 0
Number of asset objects unloaded after import = 1
========================================================================
Received Import Request.
  Time of request: 2026-08-22T02:54:36.1113898Z
  Time since last request: 0.0006701 seconds.
  importAddress: GUID: b75058dfffdae7a41bf0373f3d2f264c - Path: Packages/com.unity.render-pipelines.universal/Shaders/Particles/ParticlesEditorPass.hlsl - Importer: ScriptedImporter/UnityEditor.QuickSearchModule:UnityEditor.Search:ASIAI0B
Importing 'GUID: b75058dfffdae7a41bf0373f3d2f264c - Path: Packages/com.unity.render-pipelines.universal/Shaders/Particles/ParticlesEditorPass.hlsl - Importer: ScriptedImporter/UnityEditor.QuickSearchModule:UnityEditor.Search:ASIAI0B' with importer (ScriptedImporter : UnityEditor.QuickSearchModule:UnityEditor.Search:ASIAI0B)
Imported 'GUID: b75058dfffdae7a41bf0373f3d2f264c' -> (Import Result ID: '99df35fbef7a4110c34e141d2a936b84') in 0.015 seconds [static and dynamic dependencies]. Details - ImportResultOutputID=f68506adf5d984444b510560df28add7 DependenciesID=b193722882ac96f7eda6807bb4dadf61 StaticDependenciesID=7f2317812e9e5556fba58ec613058b3f 
Number of updated asset objects reloaded before import = 0
Number of asset objects unloaded after import = 1
========================================================================
Received Import Request.
  Time of request: 2026-08-22T02:54:36.1444963Z
  Time since last request: 0.0010327 seconds.
  importAddress: GUID: a8d5c97876fe84413b2f630e2debf75b - Path: Packages/com.unity.render-pipelines.universal/Shaders/Particles/ParticlesLitForwardPass.hlsl - Importer: ScriptedImporter/UnityEditor.QuickSearchModule:UnityEditor.Search:ASIAI0B
Importing 'GUID: a8d5c97876fe84413b2f630e2debf75b - Path: Packages/com.unity.render-pipelines.universal/Shaders/Particles/ParticlesLitForwardPass.hlsl - Importer: ScriptedImporter/UnityEditor.QuickSearchModule:UnityEditor.Search:ASIAI0B' with importer (ScriptedImporter : UnityEditor.QuickSearchModule:UnityEditor.Search:ASIAI0B)
Imported 'GUID: a8d5c97876fe84413b2f630e2debf75b' -> (Import Result ID: '9fdedbfeed03dbf3adef61eace57840e') in 0.016 seconds [static and dynamic dependencies]. Details - ImportResultOutputID=258f3008dadd64867684e7032a3f0349 DependenciesID=3fc2ba3e0e4ff1d39edd26b525df4214 StaticDependenciesID=27fae0a63c85263fc9852fd4b68da52b 
Number of updated asset objects reloaded before import = 0
Number of asset objects unloaded after import = 1
========================================================================
Received Import Request.
  Time of request: 2026-08-22T02:54:36.1803749Z
  Time since last request: 0.0005083 seconds.
  importAddress: GUID: 0e9d5a909a1f7e84882a534d0d11e49f - Path: Packages/com.unity.render-pipelines.universal/Shaders/AutodeskInteractive/AutodeskInteractive.shadergraph - Importer: ScriptedImporter/UnityEditor.QuickSearchModule:UnityEditor.Search:ASIAI0B
Importing 'GUID: 0e9d5a909a1f7e84882a534d0d11e49f - Path: Packages/com.unity.render-pipelines.universal/Shaders/AutodeskInteractive/AutodeskInteractive.shadergraph - Importer: ScriptedImporter/UnityEditor.QuickSearchModule:UnityEditor.Search:ASIAI0B' with importer (ScriptedImporter : UnityEditor.QuickSearchModule:UnityEditor.Search:ASIAI0B)
Imported 'GUID: 0e9d5a909a1f7e84882a534d0d11e49f' -> (Import Result ID: '6164083272805265d66f76aef9992348') in 0.056 seconds [static and dynamic dependencies]. Details - ImportResultOutputID=8d3e5d25e83a07689771b5242b82f5c9 DependenciesID=38810f2c0343c37f00bd0db1fc127299 StaticDependenciesID=803b690e2ab883ee83f7bff633d55e27 
Number of updated asset objects reloaded before import = 0
Number of asset objects unloaded after import = 5
========================================================================
Received Import Request.
  Time of request: 2026-08-22T02:54:36.2574588Z
  Time since last request: 0.0005849 seconds.
  importAddress: GUID: 53626a513ea68ce47b59dc1299fe3959 - Path: Packages/com.unity.render-pipelines.universal/Shaders/Debug/ProbeVolumeSamplingDebugPositionNormal.compute - Importer: ScriptedImporter/UnityEditor.QuickSearchModule:UnityEditor.Search:ASIAI0B
Importing 'GUID: 53626a513ea68ce47b59dc1299fe3959 - Path: Packages/com.unity.render-pipelines.universal/Shaders/Debug/ProbeVolumeSamplingDebugPositionNormal.compute - Importer: ScriptedImporter/UnityEditor.QuickSearchModule:UnityEditor.Search:ASIAI0B' with importer (ScriptedImporter : UnityEditor.QuickSearchModule:UnityEditor.Search:ASIAI0B)
Imported 'GUID: 53626a513ea68ce47b59dc1299fe3959' -> (Import Result ID: '5acd351094d8261c076d398e6ab87896') in 0.008 seconds [static and dynamic dependencies]. Details - ImportResultOutputID=87d9b722d2ac823114cd7793d29a08f4 DependenciesID=931c183f892dd757dcb8eec943d4dec9 StaticDependenciesID=760137153808f96ae4a3bd8233feed9e 
Number of updated asset objects reloaded before import = 0
Number of asset objects unloaded after import = 1
========================================================================
Received Import Request.
  Time of request: 2026-08-22T02:54:36.2895619Z
  Time since last request: 0.0006784 seconds.
  importAddress: GUID: e260cfa7296ee7642b167f1eb5be5023 - Path: Packages/com.unity.render-pipelines.universal/Shaders/2D/Sprite-Lit-Default.shader - Importer: ScriptedImporter/UnityEditor.QuickSearchModule:UnityEditor.Search:ASIAI0B
Importing 'GUID: e260cfa7296ee7642b167f1eb5be5023 - Path: Packages/com.unity.render-pipelines.universal/Shaders/2D/Sprite-Lit-Default.shader - Importer: ScriptedImporter/UnityEditor.QuickSearchModule:UnityEditor.Search:ASIAI0B' with importer (ScriptedImporter : UnityEditor.QuickSearchModule:UnityEditor.Search:ASIAI0B)
Imported 'GUID: e260cfa7296ee7642b167f1eb5be5023' -> (Import Result ID: '6fabd8743a82141d38e108d0f0b21c2b') in 0.008 seconds [static and dynamic dependencies]. Details - ImportResultOutputID=5cb8211932d55349a1e1297376e28a04 DependenciesID=38b2e8eb41a08ac992c8d6100c9b2427 StaticDependenciesID=adc77edfe7223778e583633e12e05c3c 
Number of updated asset objects reloaded before import = 0
Number of asset objects unloaded after import = 1
========================================================================
Received Import Request.
  Time of request: 2026-08-22T02:54:36.3223945Z
  Time since last request: 0.0005702 seconds.
  importAddress: GUID: e9fc1df17be32ac41a7186d571c669d5 - Path: Packages/com.unity.render-pipelines.universal/Shaders/Nature/SpeedTree8Input.hlsl - Importer: ScriptedImporter/UnityEditor.QuickSearchModule:UnityEditor.Search:ASIAI0B
Importing 'GUID: e9fc1df17be32ac41a7186d571c669d5 - Path: Packages/com.unity.render-pipelines.universal/Shaders/Nature/SpeedTree8Input.hlsl - Importer: ScriptedImporter/UnityEditor.QuickSearchModule:UnityEditor.Search:ASIAI0B' with importer (ScriptedImporter : UnityEditor.QuickSearchModule:UnityEditor.Search:ASIAI0B)
Imported 'GUID: e9fc1df17be32ac41a7186d571c669d5' -> (Import Result ID: '05d3ba8d894703d46c438f3ab99e1c74') in 0.018 seconds [static and dynamic dependencies]. Details - ImportResultOutputID=bcf6fb555337b6cf99f8f5ff7dd381d1 DependenciesID=0d74be4f82f873f999fc82f056145e2b StaticDependenciesID=b7939a3fb8739770010c55372ba74aea 
Number of updated asset objects reloaded before import = 0
Number of asset objects unloaded after import = 1
========================================================================
Received Import Request.
  Time of request: 2026-08-22T02:54:36.3664533Z
  Time since last request: 0.0003967 seconds.
  importAddress: GUID: 562b7ae4f629f144aa97780546fce7c6 - Path: Packages/com.unity.render-pipelines.universal/Shaders/PostProcessing/EdgeAdaptiveSpatialUpsampling.shader - Importer: ScriptedImporter/UnityEditor.QuickSearchModule:UnityEditor.Search:ASIAI0B
Importing 'GUID: 562b7ae4f629f144aa97780546fce7c6 - Path: Packages/com.unity.render-pipelines.universal/Shaders/PostProcessing/EdgeAdaptiveSpatialUpsampling.shader - Importer: ScriptedImporter/UnityEditor.QuickSearchModule:UnityEditor.Search:ASIAI0B' with importer (ScriptedImporter : UnityEditor.QuickSearchModule:UnityEditor.Search:ASIAI0B)
Imported 'GUID: 562b7ae4f629f144aa97780546fce7c6' -> (Import Result ID: '13f4b000b7328cde6cd5a2626adc9a47') in 0.010 seconds [static and dynamic dependencies]. Details - ImportResultOutputID=ffdd98a96880f5599be4be2dbd971e40 DependenciesID=75543f779996e6e0faa3fd84f23e84a4 StaticDependenciesID=2aecfdfed3eec9c9df1324426bf43d83 
Number of updated asset objects reloaded before import = 0
Number of asset objects unloaded after import = 1
========================================================================
Received Import Request.
  Time of request: 2026-08-22T02:54:36.4048289Z
  Time since last request: 0.0009023 seconds.
  importAddress: GUID: 80aa867ac363ac043847b06ad71604cd - Path: Packages/com.unity.render-pipelines.universal/Shaders/AutodeskInteractive/AutodeskInteractiveMasked.shadergraph - Importer: ScriptedImporter/UnityEditor.QuickSearchModule:UnityEditor.Search:ASIAI0B
Importing 'GUID: 80aa867ac363ac043847b06ad71604cd - Path: Packages/com.unity.render-pipelines.universal/Shaders/AutodeskInteractive/AutodeskInteractiveMasked.shadergraph - Importer: ScriptedImporter/UnityEditor.QuickSearchModule:UnityEditor.Search:ASIAI0B' with importer (ScriptedImporter : UnityEditor.QuickSearchModule:UnityEditor.Search:ASIAI0B)
Imported 'GUID: 80aa867ac363ac043847b06ad71604cd' -> (Import Result ID: '677cfcb8c6d0ff4d9f8165263385de2f') in 0.015 seconds [static and dynamic dependencies]. Details - ImportResultOutputID=1bf3cc156cf1b65feadec0ed8cbe4074 DependenciesID=33e7c8510f926d0aa7955f7c641257bc StaticDependenciesID=699eebfcd1aae8f79a50b0bd16f486cb 
Number of updated asset objects reloaded before import = 0
Number of asset objects unloaded after import = 5
========================================================================
Received Import Request.
  Time of request: 2026-08-22T02:54:36.4523381Z
  Time since last request: 0.0009163 seconds.
  importAddress: GUID: c49e63ed1bbcb334780a3bd19dfed403 - Path: Packages/com.unity.render-pipelines.universal/Shaders/PostProcessing/FinalPost.shader - Importer: ScriptedImporter/UnityEditor.QuickSearchModule:UnityEditor.Search:ASIAI0B
Importing 'GUID: c49e63ed1bbcb334780a3bd19dfed403 - Path: Packages/com.unity.render-pipelines.universal/Shaders/PostProcessing/FinalPost.shader - Importer: ScriptedImporter/UnityEditor.QuickSearchModule:UnityEditor.Search:ASIAI0B' with importer (ScriptedImporter : UnityEditor.QuickSearchModule:UnityEditor.Search:ASIAI0B)
Imported 'GUID: c49e63ed1bbcb334780a3bd19dfed403' -> (Import Result ID: 'ebe7799a44dc7d8bb4f3d181df90299a') in 0.011 seconds [static and dynamic dependencies]. Details - ImportResultOutputID=f53f5a67153db5bda2cdc74346510345 DependenciesID=90dfbdc4b01bceed2b61e91ae6144f5c StaticDependenciesID=1133e6ca921b3f0a2d67bf2a1256e341 
Number of updated asset objects reloaded before import = 0
Number of asset objects unloaded after import = 1
========================================================================
Received Import Request.
  Time of request: 2026-08-22T02:54:36.4912816Z
  Time since last request: 0.0015801 seconds.
  importAddress: GUID: eaaf2a45502c59c4e907088b5f034c0c - Path: Packages/com.unity.render-pipelines.universal/Shaders/PostProcessing/Common.hlsl - Importer: ScriptedImporter/UnityEditor.QuickSearchModule:UnityEditor.Search:ASIAI0B
Importing 'GUID: eaaf2a45502c59c4e907088b5f034c0c - Path: Packages/com.unity.render-pipelines.universal/Shaders/PostProcessing/Common.hlsl - Importer: ScriptedImporter/UnityEditor.QuickSearchModule:UnityEditor.Search:ASIAI0B' with importer (ScriptedImporter : UnityEditor.QuickSearchModule:UnityEditor.Search:ASIAI0B)
Imported 'GUID: eaaf2a45502c59c4e907088b5f034c0c' -> (Import Result ID: '4777f14276be3dc9c1b0a7b6daefd223') in 0.016 seconds [static and dynamic dependencies]. Details - ImportResultOutputID=772474970eec26a57db7fddc44717397 DependenciesID=640c47517c9fc12d517f5c7228979511 StaticDependenciesID=03e5c6bc407d7bb1c119b8644e00aa22 
Number of updated asset objects reloaded before import = 0
Number of asset objects unloaded after import = 1
========================================================================
Received Import Request.
  Time of request: 2026-08-22T02:54:36.5432673Z
  Time since last request: 0.0012723 seconds.
  importAddress: GUID: a70b6c101edaa442a80370b0d514fb3c - Path: Packages/com.unity.render-pipelines.universal/ShaderLibrary/LightCookie/LightCookieInput.hlsl - Importer: ScriptedImporter/UnityEditor.QuickSearchModule:UnityEditor.Search:ASIAI0B
Importing 'GUID: a70b6c101edaa442a80370b0d514fb3c - Path: Packages/com.unity.render-pipelines.universal/ShaderLibrary/LightCookie/LightCookieInput.hlsl - Importer: ScriptedImporter/UnityEditor.QuickSearchModule:UnityEditor.Search:ASIAI0B' with importer (ScriptedImporter : UnityEditor.QuickSearchModule:UnityEditor.Search:ASIAI0B)
Imported 'GUID: a70b6c101edaa442a80370b0d514fb3c' -> (Import Result ID: '8a27d78c6f93b1c029032d38782edd45') in 0.020 seconds [static and dynamic dependencies]. Details - ImportResultOutputID=76d23c4cb194d820f57f4844df0eaf41 DependenciesID=b25266bc5181636b111301abceaa48cd StaticDependenciesID=57a536a323f4e3c4ff1a1760c6f500d3 
Number of updated asset objects reloaded before import = 0
Number of asset objects unloaded after import = 1
========================================================================
Received Import Request.
  Time of request: 2026-08-22T02:54:36.5908482Z
  Time since last request: 0.0019674 seconds.
  importAddress: GUID: 55e6929e00a20d64eadff49d59e097db - Path: Packages/com.unity.render-pipelines.universal/Shaders/Nature/SpeedTree7CommonInput.hlsl - Importer: ScriptedImporter/UnityEditor.QuickSearchModule:UnityEditor.Search:ASIAI0B
Importing 'GUID: 55e6929e00a20d64eadff49d59e097db - Path: Packages/com.unity.render-pipelines.universal/Shaders/Nature/SpeedTree7CommonInput.hlsl - Importer: ScriptedImporter/UnityEditor.QuickSearchModule:UnityEditor.Search:ASIAI0B' with importer (ScriptedImporter : UnityEditor.QuickSearchModule:UnityEditor.Search:ASIAI0B)
Imported 'GUID: 55e6929e00a20d64eadff49d59e097db' -> (Import Result ID: 'e8c8f8c4463d7dd671c657f57a13cd48') in 0.023 seconds [static and dynamic dependencies]. Details - ImportResultOutputID=f10eae6a21f0ab70dab3be8d3d0a352f DependenciesID=dfe363388b374bc18ef082f1577c7d5e StaticDependenciesID=0351a4902e601eaa246847f5ba8d06a6 
Number of updated asset objects reloaded before import = 0
Number of asset objects unloaded after import = 1
========================================================================
Received Import Request.
  Time of request: 2026-08-22T02:54:36.6411405Z
  Time since last request: 0.0008417 seconds.
  importAddress: GUID: 6cda457ac28612740adb23da5d39ea92 - Path: Packages/com.unity.render-pipelines.universal/Shaders/PostProcessing/LensFlareDataDriven.shader - Importer: ScriptedImporter/UnityEditor.QuickSearchModule:UnityEditor.Search:ASIAI0B
Importing 'GUID: 6cda457ac28612740adb23da5d39ea92 - Path: Packages/com.unity.render-pipelines.universal/Shaders/PostProcessing/LensFlareDataDriven.shader - Importer: ScriptedImporter/UnityEditor.QuickSearchModule:UnityEditor.Search:ASIAI0B' with importer (ScriptedImporter : UnityEditor.QuickSearchModule:UnityEditor.Search:ASIAI0B)
Imported 'GUID: 6cda457ac28612740adb23da5d39ea92' -> (Import Result ID: '4ee2219fa6bf2ef154ed923954eba61e') in 0.007 seconds [static and dynamic dependencies]. Details - ImportResultOutputID=de2683f6746e751bc703a9f395156893 DependenciesID=96a32322862131cdd0d65c75d493a4de StaticDependenciesID=47673dc6624c652e3118126efd30934c 
Number of updated asset objects reloaded before import = 0
Number of asset objects unloaded after import = 1
========================================================================
Received Import Request.
  Time of request: 2026-08-22T02:54:36.6704841Z
  Time since last request: 0.000542 seconds.
  importAddress: GUID: ec9fec698a3456d4fb18cf8bacb7a2bc - Path: Packages/com.unity.render-pipelines.universal/Shaders/PostProcessing/LutBuilderHdr.shader - Importer: ScriptedImporter/UnityEditor.QuickSearchModule:UnityEditor.Search:ASIAI0B
Importing 'GUID: ec9fec698a3456d4fb18cf8bacb7a2bc - Path: Packages/com.unity.render-pipelines.universal/Shaders/PostProcessing/LutBuilderHdr.shader - Importer: ScriptedImporter/UnityEditor.QuickSearchModule:UnityEditor.Search:ASIAI0B' with importer (ScriptedImporter : UnityEditor.QuickSearchModule:UnityEditor.Search:ASIAI0B)
Imported 'GUID: ec9fec698a3456d4fb18cf8bacb7a2bc' -> (Import Result ID: '4954f6ae64dbe8c9a8ef4e0866b597b0') in 0.006 seconds [static and dynamic dependencies]. Details - ImportResultOutputID=19d75b275fa004c4837ead761956f4bd DependenciesID=53b69d6de937a87da99e1819e7849a6d StaticDependenciesID=05f630538fd984a3caf1ac42a0e4ed21 
Number of updated asset objects reloaded before import = 0
Number of asset objects unloaded after import = 1
========================================================================
Received Import Request.
  Time of request: 2026-08-22T02:54:36.6933508Z
  Time since last request: 0.0005395 seconds.
  importAddress: GUID: d0ccc42c5a0934462a0ff237772dceff - Path: Packages/com.unity.render-pipelines.universal/Shaders/Particles/ParticlesSimpleLitForwardPass.hlsl - Importer: ScriptedImporter/UnityEditor.QuickSearchModule:UnityEditor.Search:ASIAI0B
Importing 'GUID: d0ccc42c5a0934462a0ff237772dceff - Path: Packages/com.unity.render-pipelines.universal/Shaders/Particles/ParticlesSimpleLitForwardPass.hlsl - Importer: ScriptedImporter/UnityEditor.QuickSearchModule:UnityEditor.Search:ASIAI0B' with importer (ScriptedImporter : UnityEditor.QuickSearchModule:UnityEditor.Search:ASIAI0B)
Imported 'GUID: d0ccc42c5a0934462a0ff237772dceff' -> (Import Result ID: 'eaee35a1e0b51217c4fb8f2cd8518dfa') in 0.016 seconds [static and dynamic dependencies]. Details - ImportResultOutputID=ac4bc44d43e76152bb0fd6d7209219a8 DependenciesID=1d7b7894904091a155245326d44f3b09 StaticDependenciesID=38c7aa815693470c95e582d6a99dba80 
Number of updated asset objects reloaded before import = 0
Number of asset objects unloaded after import = 1
========================================================================
Received Import Request.
  Time of request: 2026-08-22T02:54:36.7280212Z
  Time since last request: 0.0005508 seconds.
  importAddress: GUID: a361552991159403bbd785132d5cb812 - Path: Packages/com.unity.render-pipelines.universal/Shaders/Particles/ParticlesUnlitForwardPass.hlsl - Importer: ScriptedImporter/UnityEditor.QuickSearchModule:UnityEditor.Search:ASIAI0B
Importing 'GUID: a361552991159403bbd785132d5cb812 - Path: Packages/com.unity.render-pipelines.universal/Shaders/Particles/ParticlesUnlitForwardPass.hlsl - Importer: ScriptedImporter/UnityEditor.QuickSearchModule:UnityEditor.Search:ASIAI0B' with importer (ScriptedImporter : UnityEditor.QuickSearchModule:UnityEditor.Search:ASIAI0B)
Imported 'GUID: a361552991159403bbd785132d5cb812' -> (Import Result ID: 'be1e0c67e528e6ecda4af6871f4e6c4d') in 0.016 seconds [static and dynamic dependencies]. Details - ImportResultOutputID=d1aa4b7c47b430b04c4cc5c3ad34fd16 DependenciesID=91347d1fd195bb36fc46fffdd2c6de59 StaticDependenciesID=a867b607067baf4953e1ba0582146da3 
Number of updated asset objects reloaded before import = 0
Number of asset objects unloaded after import = 1
========================================================================
Received Import Request.
  Time of request: 2026-08-22T02:54:36.7651831Z
  Time since last request: 0.0005768 seconds.
  importAddress: GUID: 394c5e9a352f74e998cb797d7aa461d4 - Path: Packages/com.unity.render-pipelines.universal/ShaderLibrary/LightCookie/LightCookieTypes.hlsl - Importer: ScriptedImporter/UnityEditor.QuickSearchModule:UnityEditor.Search:ASIAI0B
Importing 'GUID: 394c5e9a352f74e998cb797d7aa461d4 - Path: Packages/com.unity.render-pipelines.universal/ShaderLibrary/LightCookie/LightCookieTypes.hlsl - Importer: ScriptedImporter/UnityEditor.QuickSearchModule:UnityEditor.Search:ASIAI0B' with importer (ScriptedImporter : UnityEditor.QuickSearchModule:UnityEditor.Search:ASIAI0B)
Imported 'GUID: 394c5e9a352f74e998cb797d7aa461d4' -> (Import Result ID: 'b9be82b6be52c54d24daebe65fe81389') in 0.018 seconds [static and dynamic dependencies]. Details - ImportResultOutputID=1ad0ca7c575547138da89fbfb42d038e DependenciesID=eed62ad0dcb5001f3de1ceffb19b6abf StaticDependenciesID=cec9061ffd996d2f0b9b6473b8f00a75 
Number of updated asset objects reloaded before import = 0
Number of asset objects unloaded after import = 1
========================================================================
Received Import Request.
  Time of request: 2026-08-22T02:54:36.8043571Z
  Time since last request: 0.0006435 seconds.
  importAddress: GUID: 0613a5abac2db2247bdcd7380e98bba1 - Path: Packages/com.unity.render-pipelines.universal/Shaders/Nature/SpeedTree8Passes.hlsl - Importer: ScriptedImporter/UnityEditor.QuickSearchModule:UnityEditor.Search:ASIAI0B
Importing 'GUID: 0613a5abac2db2247bdcd7380e98bba1 - Path: Packages/com.unity.render-pipelines.universal/Shaders/Nature/SpeedTree8Passes.hlsl - Importer: ScriptedImporter/UnityEditor.QuickSearchModule:UnityEditor.Search:ASIAI0B' with importer (ScriptedImporter : UnityEditor.QuickSearchModule:UnityEditor.Search:ASIAI0B)
Imported 'GUID: 0613a5abac2db2247bdcd7380e98bba1' -> (Import Result ID: 'd75662b60a1b8f6db8e90a54c17e9866') in 0.014 seconds [static and dynamic dependencies]. Details - ImportResultOutputID=1b82191aedae6369591fb0370162e347 DependenciesID=8ac6782b290b37b3cf9e811816d8bfa4 StaticDependenciesID=d1e8a1aa60d25839bd7c0cbb0ca4d00b 
Number of updated asset objects reloaded before import = 0
Number of asset objects unloaded after import = 1
========================================================================
Received Import Request.
  Time of request: 2026-08-22T02:54:36.8392663Z
  Time since last request: 0.0005985 seconds.
  importAddress: GUID: 2aed67ad60045d54ba3a00c91e2d2631 - Path: Packages/com.unity.render-pipelines.universal/Shaders/PostProcessing/BokehDepthOfField.shader - Importer: ScriptedImporter/UnityEditor.QuickSearchModule:UnityEditor.Search:ASIAI0B
Importing 'GUID: 2aed67ad60045d54ba3a00c91e2d2631 - Path: Packages/com.unity.render-pipelines.universal/Shaders/PostProcessing/BokehDepthOfField.shader - Importer: ScriptedImporter/UnityEditor.QuickSearchModule:UnityEditor.Search:ASIAI0B' with importer (ScriptedImporter : UnityEditor.QuickSearchModule:UnityEditor.Search:ASIAI0B)
Imported 'GUID: 2aed67ad60045d54ba3a00c91e2d2631' -> (Import Result ID: 'f3fb4793d0b2793716cd113d8964db74') in 0.012 seconds [static and dynamic dependencies]. Details - ImportResultOutputID=de1678a4fabbe294b2f211e6d770b09b DependenciesID=4616615e53f124e0caaa8a446df7e4ee StaticDependenciesID=c3d8725a5483e55b8981f38fe809bcd4 
Number of updated asset objects reloaded before import = 0
Number of asset objects unloaded after import = 1
========================================================================
Received Import Request.
  Time of request: 2026-08-22T02:54:36.8764544Z
  Time since last request: 0.0006083 seconds.
  importAddress: GUID: 0ddf9719bc9ff43e1a017712e21bb5e6 - Path: Packages/com.unity.render-pipelines.universal/Shaders/Particles/ParticlesUnlitInput.hlsl - Importer: ScriptedImporter/UnityEditor.QuickSearchModule:UnityEditor.Search:ASIAI0B
Importing 'GUID: 0ddf9719bc9ff43e1a017712e21bb5e6 - Path: Packages/com.unity.render-pipelines.universal/Shaders/Particles/ParticlesUnlitInput.hlsl - Importer: ScriptedImporter/UnityEditor.QuickSearchModule:UnityEditor.Search:ASIAI0B' with importer (ScriptedImporter : UnityEditor.QuickSearchModule:UnityEditor.Search:ASIAI0B)
Imported 'GUID: 0ddf9719bc9ff43e1a017712e21bb5e6' -> (Import Result ID: '7758674286e7c6a80ebc02a6a1e68fb7') in 0.019 seconds [static and dynamic dependencies]. Details - ImportResultOutputID=549f6d1f1a3e662962c00b7e7124ad68 DependenciesID=c5aa9a859fab6d8be9060c416decf4a2 StaticDependenciesID=d5cd4560acb37b7fd7710282032dfd24 
Number of updated asset objects reloaded before import = 0
Number of asset objects unloaded after import = 1
========================================================================
Received Import Request.
  Time of request: 2026-08-22T02:54:36.9234618Z
  Time since last request: 0.0008103 seconds.
  importAddress: GUID: 693515911c7346d448c10a3cfc4acf45 - Path: Packages/com.unity.render-pipelines.universal/Shaders/Nature/SpeedTree7BillboardInput.hlsl - Importer: ScriptedImporter/UnityEditor.QuickSearchModule:UnityEditor.Search:ASIAI0B
Importing 'GUID: 693515911c7346d448c10a3cfc4acf45 - Path: Packages/com.unity.render-pipelines.universal/Shaders/Nature/SpeedTree7BillboardInput.hlsl - Importer: ScriptedImporter/UnityEditor.QuickSearchModule:UnityEditor.Search:ASIAI0B' with importer (ScriptedImporter : UnityEditor.QuickSearchModule:UnityEditor.Search:ASIAI0B)
Imported 'GUID: 693515911c7346d448c10a3cfc4acf45' -> (Import Result ID: '881c4a20e9ff0d6756250c85bcb63888') in 0.022 seconds [static and dynamic dependencies]. Details - ImportResultOutputID=b29251994b1a05e387ea9233618843d5 DependenciesID=5ad4482901591e30b9ff5e660105c194 StaticDependenciesID=d154c5ff6f381ae8c9873a195cf12870 
Number of updated asset objects reloaded before import = 0
Number of asset objects unloaded after import = 1
========================================================================
Received Import Request.
  Time of request: 2026-08-22T02:54:36.9672809Z
  Time since last request: 0.0006451 seconds.
  importAddress: GUID: 3f6c848ca3d7bca4bbe846546ac701a1 - Path: Packages/com.unity.render-pipelines.universal/Shaders/2D/Light2D.shader - Importer: ScriptedImporter/UnityEditor.QuickSearchModule:UnityEditor.Search:ASIAI0B
Importing 'GUID: 3f6c848ca3d7bca4bbe846546ac701a1 - Path: Packages/com.unity.render-pipelines.universal/Shaders/2D/Light2D.shader - Importer: ScriptedImporter/UnityEditor.QuickSearchModule:UnityEditor.Search:ASIAI0B' with importer (ScriptedImporter : UnityEditor.QuickSearchModule:UnityEditor.Search:ASIAI0B)
Imported 'GUID: 3f6c848ca3d7bca4bbe846546ac701a1' -> (Import Result ID: 'f9cc7838d4cfbd54c81adb71b8c6be1f') in 0.007 seconds [static and dynamic dependencies]. Details - ImportResultOutputID=5dbecc98c26cd88af1a81a03f793286d DependenciesID=0b72de564ef7c18bd218477ac6567f70 StaticDependenciesID=4cc6dbe522e04937834b405b65ef0cbb 
Number of updated asset objects reloaded before import = 0
Number of asset objects unloaded after import = 1
========================================================================
Received Import Request.
  Time of request: 2026-08-22T02:54:36.9989558Z
  Time since last request: 0.0003322 seconds.
  importAddress: GUID: e9795406c7fc049d2b125cce47405fa9 - Path: Packages/com.unity.render-pipelines.universal/Shaders/Particles/ParticlesDepthOnlyPass.hlsl - Importer: ScriptedImporter/UnityEditor.QuickSearchModule:UnityEditor.Search:ASIAI0B
Importing 'GUID: e9795406c7fc049d2b125cce47405fa9 - Path: Packages/com.unity.render-pipelines.universal/Shaders/Particles/ParticlesDepthOnlyPass.hlsl - Importer: ScriptedImporter/UnityEditor.QuickSearchModule:UnityEditor.Search:ASIAI0B' with importer (ScriptedImporter : UnityEditor.QuickSearchModule:UnityEditor.Search:ASIAI0B)
Imported 'GUID: e9795406c7fc049d2b125cce47405fa9' -> (Import Result ID: '3dbc00ef1e80ec46e08fb23d57d2c685') in 0.019 seconds [static and dynamic dependencies]. Details - ImportResultOutputID=fc6f6694980e82857370f50be0889509 DependenciesID=9d591a187ceaa9cbc551ac822721ed89 StaticDependenciesID=b3d1e0ff310742bcd16b1631deb82e62 
Number of updated asset objects reloaded before import = 0
Number of asset objects unloaded after import = 1
========================================================================
Received Import Request.
  Time of request: 2026-08-22T02:54:37.0413658Z
  Time since last request: 0.0005628 seconds.
  importAddress: GUID: 637c27b6fe6224a06b2b066769d0a6e6 - Path: Packages/com.unity.render-pipelines.universal/Shaders/Particles/ParticlesDepthNormalsPass.hlsl - Importer: ScriptedImporter/UnityEditor.QuickSearchModule:UnityEditor.Search:ASIAI0B
Importing 'GUID: 637c27b6fe6224a06b2b066769d0a6e6 - Path: Packages/com.unity.render-pipelines.universal/Shaders/Particles/ParticlesDepthNormalsPass.hlsl - Importer: ScriptedImporter/UnityEditor.QuickSearchModule:UnityEditor.Search:ASIAI0B' with importer (ScriptedImporter : UnityEditor.QuickSearchModule:UnityEditor.Search:ASIAI0B)
Imported 'GUID: 637c27b6fe6224a06b2b066769d0a6e6' -> (Import Result ID: 'af4d1bb7327f1d8fe75c87f012ed9097') in 0.019 seconds [static and dynamic dependencies]. Details - ImportResultOutputID=1c40df463b8e8f6e6f5cae9cda3a3f16 DependenciesID=e3804f9433c4f25c079e0cf8af7b1691 StaticDependenciesID=a8500753c070f9b9671fedfc49a374b8 
Number of updated asset objects reloaded before import = 0
Number of asset objects unloaded after import = 1
========================================================================
Received Import Request.
  Time of request: 2026-08-22T02:54:37.0796638Z
  Time since last request: 0.0005402 seconds.
  importAddress: GUID: 99134b1f0c27d54469a840832a28fadf - Path: Packages/com.unity.render-pipelines.universal/Shaders/Nature/SpeedTree8.shader - Importer: ScriptedImporter/UnityEditor.QuickSearchModule:UnityEditor.Search:ASIAI0B
Importing 'GUID: 99134b1f0c27d54469a840832a28fadf - Path: Packages/com.unity.render-pipelines.universal/Shaders/Nature/SpeedTree8.shader - Importer: ScriptedImporter/UnityEditor.QuickSearchModule:UnityEditor.Search:ASIAI0B' with importer (ScriptedImporter : UnityEditor.QuickSearchModule:UnityEditor.Search:ASIAI0B)
Imported 'GUID: 99134b1f0c27d54469a840832a28fadf' -> (Import Result ID: 'ad61d592a8df20a69c3be8009a7bfb8e') in 0.007 seconds [static and dynamic dependencies]. Details - ImportResultOutputID=cb01b6c38670033b7dbd4dbeec2b7e24 DependenciesID=022e87f47435b67f76e52b2e31093927 StaticDependenciesID=f8d903583daa613a9228ef4d98584899 
Number of updated asset objects reloaded before import = 0
Number of asset objects unloaded after import = 1
========================================================================
Received Import Request.
  Time of request: 2026-08-22T02:54:37.1073935Z
  Time since last request: 0.000534 seconds.
  importAddress: GUID: b7839dad95683814aa64166edc107ae2 - Path: Packages/com.unity.render-pipelines.universal/Shaders/Particles/ParticlesLit.shader - Importer: ScriptedImporter/UnityEditor.QuickSearchModule:UnityEditor.Search:ASIAI0B
Importing 'GUID: b7839dad95683814aa64166edc107ae2 - Path: Packages/com.unity.render-pipelines.universal/Shaders/Particles/ParticlesLit.shader - Importer: ScriptedImporter/UnityEditor.QuickSearchModule:UnityEditor.Search:ASIAI0B' with importer (ScriptedImporter : UnityEditor.QuickSearchModule:UnityEditor.Search:ASIAI0B)
Imported 'GUID: b7839dad95683814aa64166edc107ae2' -> (Import Result ID: 'cc549acaf92fe21bb7c0b91c2f1228b1') in 0.009 seconds [static and dynamic dependencies]. Details - ImportResultOutputID=1dab49ab026ebda8c756ba29cda49673 DependenciesID=ba9beafdee8988cdd8f0f7371d4362fc StaticDependenciesID=8a9a41ad403db778e3ef769d2e01646c 
Number of updated asset objects reloaded before import = 0
Number of asset objects unloaded after import = 1
========================================================================
Received Import Request.
  Time of request: 2026-08-22T02:54:37.134165Z
  Time since last request: 0.0004586 seconds.
  importAddress: GUID: 0406db5a14f94604a8c57ccfbc9f3b46 - Path: Packages/com.unity.render-pipelines.universal/Shaders/Particles/ParticlesUnlit.shader - Importer: ScriptedImporter/UnityEditor.QuickSearchModule:UnityEditor.Search:ASIAI0B
Importing 'GUID: 0406db5a14f94604a8c57ccfbc9f3b46 - Path: Packages/com.unity.render-pipelines.universal/Shaders/Particles/ParticlesUnlit.shader - Importer: ScriptedImporter/UnityEditor.QuickSearchModule:UnityEditor.Search:ASIAI0B' with importer (ScriptedImporter : UnityEditor.QuickSearchModule:UnityEditor.Search:ASIAI0B)
Imported 'GUID: 0406db5a14f94604a8c57ccfbc9f3b46' -> (Import Result ID: '0bd74e630df5465c490016a6f6dc1c98') in 0.007 seconds [static and dynamic dependencies]. Details - ImportResultOutputID=364f267f80b464854fcf03634c0c6352 DependenciesID=03ac022c0677b2d7ab0d84b0436be7cd StaticDependenciesID=18686b491a963ef3fc9f77e4869ce8da 
Number of updated asset objects reloaded before import = 0
Number of asset objects unloaded after import = 1
========================================================================
Received Import Request.
  Time of request: 2026-08-22T02:54:37.1588593Z
  Time since last request: 0.0004382 seconds.
  importAddress: GUID: d7288f66e4fb0634c9afef98c31b722a - Path: Packages/com.unity.render-pipelines.universal/Shaders/2D/VFXSpriteUnlit.shadergraph - Importer: ScriptedImporter/UnityEditor.QuickSearchModule:UnityEditor.Search:ASIAI0B
Importing 'GUID: d7288f66e4fb0634c9afef98c31b722a - Path: Packages/com.unity.render-pipelines.universal/Shaders/2D/VFXSpriteUnlit.shadergraph - Importer: ScriptedImporter/UnityEditor.QuickSearchModule:UnityEditor.Search:ASIAI0B' with importer (ScriptedImporter : UnityEditor.QuickSearchModule:UnityEditor.Search:ASIAI0B)
Imported 'GUID: d7288f66e4fb0634c9afef98c31b722a' -> (Import Result ID: '362d05eb6967f2a84d15c6a420b52e87') in 0.016 seconds [static and dynamic dependencies]. Details - ImportResultOutputID=979cc42445575def5aba2776faa3860f DependenciesID=3313dad913c2448c6a848b8ee4d88f34 StaticDependenciesID=c5ecb6a7deb0300460aac21669a4f4b8 
Number of updated asset objects reloaded before import = 0
Number of asset objects unloaded after import = 4
========================================================================
Received Import Request.
  Time of request: 2026-08-22T02:54:37.1938159Z
  Time since last request: 0.0002881 seconds.
  importAddress: GUID: 519469e5f151ddb40a650b66f48175cb - Path: Packages/com.unity.render-pipelines.universal/Shaders/Nature/SpeedTree7Input.hlsl - Importer: ScriptedImporter/UnityEditor.QuickSearchModule:UnityEditor.Search:ASIAI0B
Importing 'GUID: 519469e5f151ddb40a650b66f48175cb - Path: Packages/com.unity.render-pipelines.universal/Shaders/Nature/SpeedTree7Input.hlsl - Importer: ScriptedImporter/UnityEditor.QuickSearchModule:UnityEditor.Search:ASIAI0B' with importer (ScriptedImporter : UnityEditor.QuickSearchModule:UnityEditor.Search:ASIAI0B)
Imported 'GUID: 519469e5f151ddb40a650b66f48175cb' -> (Import Result ID: '578b84e0b0b6f747b331bd8c88fb2c90') in 0.012 seconds [static and dynamic dependencies]. Details - ImportResultOutputID=492b8f9b4aa74ede0200ea16d30c985f DependenciesID=9af126b6de9201c50f00cb3764c46e97 StaticDependenciesID=0cbc0e800e593616c66d94227d513371 
Number of updated asset objects reloaded before import = 0
Number of asset objects unloaded after import = 1
========================================================================
Received Import Request.
  Time of request: 2026-08-22T02:54:37.2223977Z
  Time since last request: 0.000488 seconds.
  importAddress: GUID: 5f1864addb451f54bae8c86d230f736e - Path: Packages/com.unity.render-pipelines.universal/Shaders/PostProcessing/Bloom.shader - Importer: ScriptedImporter/UnityEditor.QuickSearchModule:UnityEditor.Search:ASIAI0B
Importing 'GUID: 5f1864addb451f54bae8c86d230f736e - Path: Packages/com.unity.render-pipelines.universal/Shaders/PostProcessing/Bloom.shader - Importer: ScriptedImporter/UnityEditor.QuickSearchModule:UnityEditor.Search:ASIAI0B' with importer (ScriptedImporter : UnityEditor.QuickSearchModule:UnityEditor.Search:ASIAI0B)
Imported 'GUID: 5f1864addb451f54bae8c86d230f736e' -> (Import Result ID: '0550ea511fed9ba5f9f598fe38649a7d') in 0.006 seconds [static and dynamic dependencies]. Details - ImportResultOutputID=89dc5a3b4ec73bafaa8e217e85ae1f4e DependenciesID=7e50dc612c789320a2b2365074923877 StaticDependenciesID=dc6e6171e5347d1328427e50c4e0c9fe 
Number of updated asset objects reloaded before import = 0
Number of asset objects unloaded after import = 1
========================================================================
Received Import Request.
  Time of request: 2026-08-22T02:54:37.2481601Z
  Time since last request: 0.0005493 seconds.
  importAddress: GUID: 8516d7a69675844a7a0b7095af7c46af - Path: Packages/com.unity.render-pipelines.universal/Shaders/Particles/ParticlesSimpleLit.shader - Importer: ScriptedImporter/UnityEditor.QuickSearchModule:UnityEditor.Search:ASIAI0B
Importing 'GUID: 8516d7a69675844a7a0b7095af7c46af - Path: Packages/com.unity.render-pipelines.universal/Shaders/Particles/ParticlesSimpleLit.shader - Importer: ScriptedImporter/UnityEditor.QuickSearchModule:UnityEditor.Search:ASIAI0B' with importer (ScriptedImporter : UnityEditor.QuickSearchModule:UnityEditor.Search:ASIAI0B)
Imported 'GUID: 8516d7a69675844a7a0b7095af7c46af' -> (Import Result ID: 'a46e1a188ef533e71e143d02e1748f80') in 0.006 seconds [static and dynamic dependencies]. Details - ImportResultOutputID=0382b367306c1abf7b39bb3cc1e49d7c DependenciesID=6c9349e5c061e1640520a3a84be4cc0c StaticDependenciesID=d8a5bcc18295761feae3c8734427d7fb 
Number of updated asset objects reloaded before import = 0
Number of asset objects unloaded after import = 1
========================================================================
Received Import Request.
  Time of request: 2026-08-22T02:54:37.27408Z
  Time since last request: 0.0006592 seconds.
  importAddress: GUID: c245162389fbe944dbc0d721bee26fe0 - Path: Packages/com.unity.render-pipelines.universal/Shaders/Nature/SpeedTreeUtility.hlsl - Importer: ScriptedImporter/UnityEditor.QuickSearchModule:UnityEditor.Search:ASIAI0B
Importing 'GUID: c245162389fbe944dbc0d721bee26fe0 - Path: Packages/com.unity.render-pipelines.universal/Shaders/Nature/SpeedTreeUtility.hlsl - Importer: ScriptedImporter/UnityEditor.QuickSearchModule:UnityEditor.Search:ASIAI0B' with importer (ScriptedImporter : UnityEditor.QuickSearchModule:UnityEditor.Search:ASIAI0B)
Imported 'GUID: c245162389fbe944dbc0d721bee26fe0' -> (Import Result ID: 'bf3a9153f6da5d0b205665b6f844f5a2') in 0.012 seconds [static and dynamic dependencies]. Details - ImportResultOutputID=6688aa774f748e2ae1e730e0b692cffc DependenciesID=7f12cf3a159816e97d0978450e6720e9 StaticDependenciesID=137a7cc962e70a964ff1a017f8a318a2 
Number of updated asset objects reloaded before import = 0
Number of asset objects unloaded after import = 1
========================================================================
Received Import Request.
  Time of request: 2026-08-22T02:54:37.3062522Z
  Time since last request: 0.0004849 seconds.
  importAddress: GUID: 24a73dccd7b6fad4798be282f96a21f4 - Path: Packages/com.unity.render-pipelines.universal/Shaders/2D/VFXSpriteLit.shadergraph - Importer: ScriptedImporter/UnityEditor.QuickSearchModule:UnityEditor.Search:ASIAI0B
Importing 'GUID: 24a73dccd7b6fad4798be282f96a21f4 - Path: Packages/com.unity.render-pipelines.universal/Shaders/2D/VFXSpriteLit.shadergraph - Importer: ScriptedImporter/UnityEditor.QuickSearchModule:UnityEditor.Search:ASIAI0B' with importer (ScriptedImporter : UnityEditor.QuickSearchModule:UnityEditor.Search:ASIAI0B)
Imported 'GUID: 24a73dccd7b6fad4798be282f96a21f4' -> (Import Result ID: 'e872ec54a077f8fad6679da8d09625b4') in 0.016 seconds [static and dynamic dependencies]. Details - ImportResultOutputID=7ed8e5ce237cf861d3459d73c4aad230 DependenciesID=0e00bcb7661cb5cbb10b593f725fe475 StaticDependenciesID=257e33a15fb09b06acf849d5455a2ad3 
Number of updated asset objects reloaded before import = 0
Number of asset objects unloaded after import = 4
========================================================================
Received Import Request.
  Time of request: 2026-08-22T02:54:37.3432135Z
  Time since last request: 0.0003991 seconds.
  importAddress: GUID: 01fa3f8c89aa44160b9a735fc22362d0 - Path: Packages/com.unity.render-pipelines.universal/Shaders/Particles/ParticlesSimpleLitInput.hlsl - Importer: ScriptedImporter/UnityEditor.QuickSearchModule:UnityEditor.Search:ASIAI0B
Importing 'GUID: 01fa3f8c89aa44160b9a735fc22362d0 - Path: Packages/com.unity.render-pipelines.universal/Shaders/Particles/ParticlesSimpleLitInput.hlsl - Importer: ScriptedImporter/UnityEditor.QuickSearchModule:UnityEditor.Search:ASIAI0B' with importer (ScriptedImporter : UnityEditor.QuickSearchModule:UnityEditor.Search:ASIAI0B)
Imported 'GUID: 01fa3f8c89aa44160b9a735fc22362d0' -> (Import Result ID: '2d897497fc75fb66594888899dbe8fde') in 0.015 seconds [static and dynamic dependencies]. Details - ImportResultOutputID=4e55d82865a6657a70ed2adcee37ffb3 DependenciesID=131e44c3475144ed193cdcb500306c8f StaticDependenciesID=9d62224990dae11f9cb465246e5cedab 
Number of updated asset objects reloaded before import = 0
Number of asset objects unloaded after import = 1
========================================================================
Received Import Request.
  Time of request: 2026-08-22T02:54:37.3809166Z
  Time since last request: 0.0004959 seconds.
  importAddress: GUID: 85f7860cf76171b438c51eb5fcd238ce - Path: Packages/com.unity.render-pipelines.universal/Shaders/Nature/SpeedTree7CommonPasses.hlsl - Importer: ScriptedImporter/UnityEditor.QuickSearchModule:UnityEditor.Search:ASIAI0B
Importing 'GUID: 85f7860cf76171b438c51eb5fcd238ce - Path: Packages/com.unity.render-pipelines.universal/Shaders/Nature/SpeedTree7CommonPasses.hlsl - Importer: ScriptedImporter/UnityEditor.QuickSearchModule:UnityEditor.Search:ASIAI0B' with importer (ScriptedImporter : UnityEditor.QuickSearchModule:UnityEditor.Search:ASIAI0B)
Imported 'GUID: 85f7860cf76171b438c51eb5fcd238ce' -> (Import Result ID: '8df63e801c1817af470ad296d8fad1b7') in 0.016 seconds [static and dynamic dependencies]. Details - ImportResultOutputID=9572a8423b058ad39283d6a9c0e1f147 DependenciesID=075bfb0a61e4ebb8491d2049a001c71a StaticDependenciesID=41d627becaaf2471bf3149a7f76e47b5 
Number of updated asset objects reloaded before import = 0
Number of asset objects unloaded after import = 1
========================================================================
Received Import Request.
  Time of request: 2026-08-22T02:54:37.4205332Z
  Time since last request: 0.0004598 seconds.
  importAddress: GUID: 4e90a8289da1f3943885176e4f83e35c - Path: Packages/com.unity.render-pipelines.universal/Shaders/2D/Mesh2D-Lit-Default.shader - Importer: ScriptedImporter/UnityEditor.QuickSearchModule:UnityEditor.Search:ASIAI0B
Importing 'GUID: 4e90a8289da1f3943885176e4f83e35c - Path: Packages/com.unity.render-pipelines.universal/Shaders/2D/Mesh2D-Lit-Default.shader - Importer: ScriptedImporter/UnityEditor.QuickSearchModule:UnityEditor.Search:ASIAI0B' with importer (ScriptedImporter : UnityEditor.QuickSearchModule:UnityEditor.Search:ASIAI0B)
Imported 'GUID: 4e90a8289da1f3943885176e4f83e35c' -> (Import Result ID: '2d00bc622d6a36a06fa58383022c7f73') in 0.007 seconds [static and dynamic dependencies]. Details - ImportResultOutputID=1f46e5fdfe581d12e14b4aafcc6e880a DependenciesID=af45ae57a2ad175c4464f0130d9719ef StaticDependenciesID=6dd49c984505b2cf00ed4a612dfceb8d 
Number of updated asset objects reloaded before import = 0
Number of asset objects unloaded after import = 1
========================================================================
Received Import Request.
  Time of request: 2026-08-22T02:54:37.4499753Z
  Time since last request: 0.0005539 seconds.
  importAddress: GUID: 5c81372d981403744adbdda4433c9c11 - Path: Packages/com.unity.render-pipelines.universal/Shaders/AutodeskInteractive/AutodeskInteractiveTransparent.shadergraph - Importer: ScriptedImporter/UnityEditor.QuickSearchModule:UnityEditor.Search:ASIAI0B
Importing 'GUID: 5c81372d981403744adbdda4433c9c11 - Path: Packages/com.unity.render-pipelines.universal/Shaders/AutodeskInteractive/AutodeskInteractiveTransparent.shadergraph - Importer: ScriptedImporter/UnityEditor.QuickSearchModule:UnityEditor.Search:ASIAI0B' with importer (ScriptedImporter : UnityEditor.QuickSearchModule:UnityEditor.Search:ASIAI0B)
Imported 'GUID: 5c81372d981403744adbdda4433c9c11' -> (Import Result ID: 'adfa35fe08f3f967a45df6f751cc38c7') in 0.038 seconds [static and dynamic dependencies]. Details - ImportResultOutputID=cea92884c853803543c430cea0977a1b DependenciesID=b4115449b746ac5620519a7f444b7c00 StaticDependenciesID=eb00dd49998275177b64c01024ee56c1 
Number of updated asset objects reloaded before import = 0
Number of asset objects unloaded after import = 5
========================================================================
Received Import Request.
  Time of request: 2026-08-22T02:54:37.5266342Z
  Time since last request: 0.0004479 seconds.
  importAddress: GUID: f3f941933e171854386001194281536f - Path: Packages/com.unity.render-pipelines.universal/Shaders/Nature/SpeedTree7Passes.hlsl - Importer: ScriptedImporter/UnityEditor.QuickSearchModule:UnityEditor.Search:ASIAI0B
Importing 'GUID: f3f941933e171854386001194281536f - Path: Packages/com.unity.render-pipelines.universal/Shaders/Nature/SpeedTree7Passes.hlsl - Importer: ScriptedImporter/UnityEditor.QuickSearchModule:UnityEditor.Search:ASIAI0B' with importer (ScriptedImporter : UnityEditor.QuickSearchModule:UnityEditor.Search:ASIAI0B)
Imported 'GUID: f3f941933e171854386001194281536f' -> (Import Result ID: '55b48463f557dff531ec2733cfb81c47') in 0.018 seconds [static and dynamic dependencies]. Details - ImportResultOutputID=a307464aaefa9c9258d0aeab290ab0d9 DependenciesID=b66dec0f22770200c69cbbb2e37cb1a5 StaticDependenciesID=34fc9b4621219bd68245ae741f35993b 
Number of updated asset objects reloaded before import = 0
Number of asset objects unloaded after import = 1
========================================================================
Received Import Request.
  Time of request: 2026-08-22T02:54:37.5865869Z
  Time since last request: 0.0142598 seconds.
  importAddress: GUID: 8aa70fc832dbdae46a749f0687925875 - Path: Packages/com.unity.render-pipelines.universal/Tests/Editor/DocumentationTests.cs - Importer: ScriptedImporter/UnityEditor.QuickSearchModule:UnityEditor.Search:ASIAI0B
Importing 'GUID: 8aa70fc832dbdae46a749f0687925875 - Path: Packages/com.unity.render-pipelines.universal/Tests/Editor/DocumentationTests.cs - Importer: ScriptedImporter/UnityEditor.QuickSearchModule:UnityEditor.Search:ASIAI0B' with importer (ScriptedImporter : UnityEditor.QuickSearchModule:UnityEditor.Search:ASIAI0B)
Imported 'GUID: 8aa70fc832dbdae46a749f0687925875' -> (Import Result ID: '3f6a3e62e3b41deebead190380e0bfbb') in 0.006 seconds [static and dynamic dependencies]. Details - ImportResultOutputID=52ff992437818159400652fffdfe7809 DependenciesID=d0a18c75f9aa6cb5d159fc3a6a60a1dc StaticDependenciesID=432727ef3fb4df67a1a72c06b2c01805 
Number of updated asset objects reloaded before import = 0
Number of asset objects unloaded after import = 0
========================================================================
Received Import Request.
  Time of request: 2026-08-22T02:54:37.6102033Z
  Time since last request: 0.0007002 seconds.
  importAddress: GUID: 971e7c84ed6bc40fc95bdbb2e008013f - Path: Packages/com.unity.render-pipelines.universal/Shaders/Utils/CopyDepthPass.hlsl - Importer: ScriptedImporter/UnityEditor.QuickSearchModule:UnityEditor.Search:ASIAI0B
Importing 'GUID: 971e7c84ed6bc40fc95bdbb2e008013f - Path: Packages/com.unity.render-pipelines.universal/Shaders/Utils/CopyDepthPass.hlsl - Importer: ScriptedImporter/UnityEditor.QuickSearchModule:UnityEditor.Search:ASIAI0B' with importer (ScriptedImporter : UnityEditor.QuickSearchModule:UnityEditor.Search:ASIAI0B)
Imported 'GUID: 971e7c84ed6bc40fc95bdbb2e008013f' -> (Import Result ID: 'c672b09f0b321aba4bc0971ea34e74dc') in 0.018 seconds [static and dynamic dependencies]. Details - ImportResultOutputID=79b7facb0c0857388142f061cd6c5ce6 DependenciesID=dd99af412d708c0966ef37d8a4871139 StaticDependenciesID=baab56fb15297d4cb2945040ce0eff4e 
Number of updated asset objects reloaded before import = 0
Number of asset objects unloaded after import = 1
========================================================================
Received Import Request.
  Time of request: 2026-08-22T02:54:37.6486882Z
  Time since last request: 0.0011932 seconds.
  importAddress: GUID: 63eaba0ebfb82cc43bde059b4a8c65f6 - Path: Packages/com.unity.render-pipelines.universal/Shaders/PostProcessing/SubpixelMorphologicalAntialiasing.shader - Importer: ScriptedImporter/UnityEditor.QuickSearchModule:UnityEditor.Search:ASIAI0B
Importing 'GUID: 63eaba0ebfb82cc43bde059b4a8c65f6 - Path: Packages/com.unity.render-pipelines.universal/Shaders/PostProcessing/SubpixelMorphologicalAntialiasing.shader - Importer: ScriptedImporter/UnityEditor.QuickSearchModule:UnityEditor.Search:ASIAI0B' with importer (ScriptedImporter : UnityEditor.QuickSearchModule:UnityEditor.Search:ASIAI0B)
Imported 'GUID: 63eaba0ebfb82cc43bde059b4a8c65f6' -> (Import Result ID: '6d855917801428e265dacc86c1f671ec') in 0.008 seconds [static and dynamic dependencies]. Details - ImportResultOutputID=fed68554d9fa4b3a5bf06b05b154083d DependenciesID=3736953d665e7988742f420e707cb8e5 StaticDependenciesID=d915462cf767e4b660b2ff89c5097da9 
Number of updated asset objects reloaded before import = 0
Number of asset objects unloaded after import = 1
========================================================================
Received Import Request.
  Time of request: 2026-08-22T02:54:37.6808296Z
  Time since last request: 0.0006701 seconds.
  importAddress: GUID: 0c5832a72145a5b49a1b64a21a609bb4 - Path: Packages/com.unity.render-pipelines.universal/Shaders/PostProcessing/SubpixelMorphologicalAntialiasingBridge.hlsl - Importer: ScriptedImporter/UnityEditor.QuickSearchModule:UnityEditor.Search:ASIAI0B
Importing 'GUID: 0c5832a72145a5b49a1b64a21a609bb4 - Path: Packages/com.unity.render-pipelines.universal/Shaders/PostProcessing/SubpixelMorphologicalAntialiasingBridge.hlsl - Importer: ScriptedImporter/UnityEditor.QuickSearchModule:UnityEditor.Search:ASIAI0B' with importer (ScriptedImporter : UnityEditor.QuickSearchModule:UnityEditor.Search:ASIAI0B)
Imported 'GUID: 0c5832a72145a5b49a1b64a21a609bb4' -> (Import Result ID: 'c8563e02dc078a17314bade6ccb55d25') in 0.020 seconds [static and dynamic dependencies]. Details - ImportResultOutputID=277f3cc80c8551869a6144a8b142f3b1 DependenciesID=c2f706386027d09ba476fb51ab52d1aa StaticDependenciesID=90d7e3a326986d608e0b1b98ebe74783 
Number of updated asset objects reloaded before import = 0
Number of asset objects unloaded after import = 1
========================================================================
Received Import Request.
  Time of request: 2026-08-22T02:54:37.7273575Z
  Time since last request: 0.0005717 seconds.
  importAddress: GUID: cc9a0e128afcfe74d965b5c34ce187a2 - Path: Packages/com.unity.render-pipelines.universal/Tests/Editor/ScriptableRendererDataEditorTests.cs - Importer: ScriptedImporter/UnityEditor.QuickSearchModule:UnityEditor.Search:ASIAI0B
Importing 'GUID: cc9a0e128afcfe74d965b5c34ce187a2 - Path: Packages/com.unity.render-pipelines.universal/Tests/Editor/ScriptableRendererDataEditorTests.cs - Importer: ScriptedImporter/UnityEditor.QuickSearchModule:UnityEditor.Search:ASIAI0B' with importer (ScriptedImporter : UnityEditor.QuickSearchModule:UnityEditor.Search:ASIAI0B)
Imported 'GUID: cc9a0e128afcfe74d965b5c34ce187a2' -> (Import Result ID: '94cb291d17733f7b63d7d7be0965f734') in 0.010 seconds [static and dynamic dependencies]. Details - ImportResultOutputID=12ac8192e7616ffb98063636fd7c6378 DependenciesID=07a22829199299926755db412980b62e StaticDependenciesID=b2e84b5a881c73fb88e145da08c8f418 
Number of updated asset objects reloaded before import = 0
Number of asset objects unloaded after import = 0
========================================================================
Received Import Request.
  Time of request: 2026-08-22T02:54:37.7617903Z
  Time since last request: 0.0005946 seconds.
  importAddress: GUID: 7057bb795f794bc44a4e34ca79be6e54 - Path: Packages/com.unity.render-pipelines.universal/Tests/Editor/CustomDepthBlit.shader - Importer: ScriptedImporter/UnityEditor.QuickSearchModule:UnityEditor.Search:ASIAI0B
Importing 'GUID: 7057bb795f794bc44a4e34ca79be6e54 - Path: Packages/com.unity.render-pipelines.universal/Tests/Editor/CustomDepthBlit.shader - Importer: ScriptedImporter/UnityEditor.QuickSearchModule:UnityEditor.Search:ASIAI0B' with importer (ScriptedImporter : UnityEditor.QuickSearchModule:UnityEditor.Search:ASIAI0B)
Imported 'GUID: 7057bb795f794bc44a4e34ca79be6e54' -> (Import Result ID: 'ed364a2ea5190fb5463e49e795356ea4') in 0.008 seconds [static and dynamic dependencies]. Details - ImportResultOutputID=578cae7b0e2071e4b064685a4e5daf5a DependenciesID=ee3e14fb672a88746b963feb07dbe2b7 StaticDependenciesID=6a94b112355b7e09dcce1da9ca4acb7e 
Number of updated asset objects reloaded before import = 0
Number of asset objects unloaded after import = 1
========================================================================
Received Import Request.
  Time of request: 2026-08-22T02:54:37.7920214Z
  Time since last request: 0.0005693 seconds.
  importAddress: GUID: 7b6328a4b0ed14a9ea5e0629d7c7966c - Path: Packages/com.unity.render-pipelines.universal/Shaders/Terrain/TerrainLitDepthNormalsPass.hlsl - Importer: ScriptedImporter/UnityEditor.QuickSearchModule:UnityEditor.Search:ASIAI0B
Importing 'GUID: 7b6328a4b0ed14a9ea5e0629d7c7966c - Path: Packages/com.unity.render-pipelines.universal/Shaders/Terrain/TerrainLitDepthNormalsPass.hlsl - Importer: ScriptedImporter/UnityEditor.QuickSearchModule:UnityEditor.Search:ASIAI0B' with importer (ScriptedImporter : UnityEditor.QuickSearchModule:UnityEditor.Search:ASIAI0B)
Imported 'GUID: 7b6328a4b0ed14a9ea5e0629d7c7966c' -> (Import Result ID: '8e7b7b40c7d44f2adc7524026dd972e1') in 0.020 seconds [static and dynamic dependencies]. Details - ImportResultOutputID=13d4d34bf63b3eed26f984d5321975ce DependenciesID=e23c7350ee07b1d28d187f515834c648 StaticDependenciesID=14fc21bfbe569298f1af3ac361625f01 
Number of updated asset objects reloaded before import = 0
Number of asset objects unloaded after import = 1
========================================================================
Received Import Request.
  Time of request: 2026-08-22T02:54:37.8325971Z
  Time since last request: 0.0005354 seconds.
  importAddress: GUID: 83384e2d6206c8649ba879ec271c4254 - Path: Packages/com.unity.render-pipelines.universal/Shaders/Utils/StencilDeferred.hlsl - Importer: ScriptedImporter/UnityEditor.QuickSearchModule:UnityEditor.Search:ASIAI0B
Importing 'GUID: 83384e2d6206c8649ba879ec271c4254 - Path: Packages/com.unity.render-pipelines.universal/Shaders/Utils/StencilDeferred.hlsl - Importer: ScriptedImporter/UnityEditor.QuickSearchModule:UnityEditor.Search:ASIAI0B' with importer (ScriptedImporter : UnityEditor.QuickSearchModule:UnityEditor.Search:ASIAI0B)
Imported 'GUID: 83384e2d6206c8649ba879ec271c4254' -> (Import Result ID: 'ce028c8bc0a1526775efd861bc8267fd') in 0.019 seconds [static and dynamic dependencies]. Details - ImportResultOutputID=9a0883ba264a1725eddf1369444c9517 DependenciesID=a4a414ea42315d29565596902e909ceb StaticDependenciesID=38554faa95bfe6b3911c39e590f20804 
Number of updated asset objects reloaded before import = 0
Number of asset objects unloaded after import = 1
========================================================================
Received Import Request.
  Time of request: 2026-08-22T02:54:37.8761303Z
  Time since last request: 0.0005819 seconds.
  importAddress: GUID: 749e1c2d203942319da1fdb1d94c5f2a - Path: Packages/com.unity.render-pipelines.universal/Shaders/Terrain/TerrainDetailLitPasses.hlsl - Importer: ScriptedImporter/UnityEditor.QuickSearchModule:UnityEditor.Search:ASIAI0B
Importing 'GUID: 749e1c2d203942319da1fdb1d94c5f2a - Path: Packages/com.unity.render-pipelines.universal/Shaders/Terrain/TerrainDetailLitPasses.hlsl - Importer: ScriptedImporter/UnityEditor.QuickSearchModule:UnityEditor.Search:ASIAI0B' with importer (ScriptedImporter : UnityEditor.QuickSearchModule:UnityEditor.Search:ASIAI0B)
Imported 'GUID: 749e1c2d203942319da1fdb1d94c5f2a' -> (Import Result ID: '0f4e89d8fd64115975d4fdf14b277a7a') in 0.018 seconds [static and dynamic dependencies]. Details - ImportResultOutputID=88b2b737773743156db6ffa99beda9a8 DependenciesID=3841128e5ec1b54c94e4d7350b04f04e StaticDependenciesID=4abbfd8af36ca2bc2f49bc4555f2b3a2 
Number of updated asset objects reloaded before import = 0
Number of asset objects unloaded after import = 1
========================================================================
Received Import Request.
  Time of request: 2026-08-22T02:54:37.9191935Z
  Time since last request: 0.0007523 seconds.
  importAddress: GUID: 0f854b35a0cf61a429bd5dcfea30eddd - Path: Packages/com.unity.render-pipelines.universal/Shaders/Utils/ScreenSpaceShadows.shader - Importer: ScriptedImporter/UnityEditor.QuickSearchModule:UnityEditor.Search:ASIAI0B
Importing 'GUID: 0f854b35a0cf61a429bd5dcfea30eddd - Path: Packages/com.unity.render-pipelines.universal/Shaders/Utils/ScreenSpaceShadows.shader - Importer: ScriptedImporter/UnityEditor.QuickSearchModule:UnityEditor.Search:ASIAI0B' with importer (ScriptedImporter : UnityEditor.QuickSearchModule:UnityEditor.Search:ASIAI0B)
Imported 'GUID: 0f854b35a0cf61a429bd5dcfea30eddd' -> (Import Result ID: '4294786b6ba4b8832ab18eff6fae1705') in 0.008 seconds [static and dynamic dependencies]. Details - ImportResultOutputID=f7a847d6993b9e9c65ec26dcd59f349e DependenciesID=a76b2c211291c56a3e09fc531d15d2f4 StaticDependenciesID=2e5602af1d498ebef3e3d787054d5021 
Number of updated asset objects reloaded before import = 0
Number of asset objects unloaded after import = 1
========================================================================
Received Import Request.
  Time of request: 2026-08-22T02:54:37.9507096Z
  Time since last request: 0.0007433 seconds.
  importAddress: GUID: e6e9a19c3678ded42a3bc431ebef7dbd - Path: Packages/com.unity.render-pipelines.universal/Shaders/Utils/FallbackError.shader - Importer: ScriptedImporter/UnityEditor.QuickSearchModule:UnityEditor.Search:ASIAI0B
Importing 'GUID: e6e9a19c3678ded42a3bc431ebef7dbd - Path: Packages/com.unity.render-pipelines.universal/Shaders/Utils/FallbackError.shader - Importer: ScriptedImporter/UnityEditor.QuickSearchModule:UnityEditor.Search:ASIAI0B' with importer (ScriptedImporter : UnityEditor.QuickSearchModule:UnityEditor.Search:ASIAI0B)
Imported 'GUID: e6e9a19c3678ded42a3bc431ebef7dbd' -> (Import Result ID: 'e0a5a0ff863eeaaeabb50b5bc718942d') in 0.010 seconds [static and dynamic dependencies]. Details - ImportResultOutputID=523145342bc97644160816ec1bdb7607 DependenciesID=83ec523d3d49871763956a1b274fdc28 StaticDependenciesID=8597f3c4d7da91192a479fd4f697f633 
Number of updated asset objects reloaded before import = 0
Number of asset objects unloaded after import = 1
========================================================================
Received Import Request.
  Time of request: 2026-08-22T02:54:37.9835284Z
  Time since last request: 0.0007363 seconds.
  importAddress: GUID: 2d9f6a569c0b340a388b3e7c0428548c - Path: Packages/com.unity.render-pipelines.universal/Shaders/PostProcessing/TemporalAA.hlsl - Importer: ScriptedImporter/UnityEditor.QuickSearchModule:UnityEditor.Search:ASIAI0B
Importing 'GUID: 2d9f6a569c0b340a388b3e7c0428548c - Path: Packages/com.unity.render-pipelines.universal/Shaders/PostProcessing/TemporalAA.hlsl - Importer: ScriptedImporter/UnityEditor.QuickSearchModule:UnityEditor.Search:ASIAI0B' with importer (ScriptedImporter : UnityEditor.QuickSearchModule:UnityEditor.Search:ASIAI0B)
Imported 'GUID: 2d9f6a569c0b340a388b3e7c0428548c' -> (Import Result ID: '2f91a9a575096a718bd4fc31112faccf') in 0.019 seconds [static and dynamic dependencies]. Details - ImportResultOutputID=2665119ac48f61636ac766c019063fdf DependenciesID=d1666353b257f223605ba203c18fb004 StaticDependenciesID=0446842d97a4862766ab26c8c79eb4a0 
Number of updated asset objects reloaded before import = 0
Number of asset objects unloaded after import = 1
========================================================================
Received Import Request.
  Time of request: 2026-08-22T02:54:38.0321891Z
  Time since last request: 0.0005934 seconds.
  importAddress: GUID: 0eac51a8dfc8fa341a5f8c6450bc0f84 - Path: Packages/com.unity.render-pipelines.universal/Shaders/XR/XRMirrorView.hlsl - Importer: ScriptedImporter/UnityEditor.QuickSearchModule:UnityEditor.Search:ASIAI0B
Importing 'GUID: 0eac51a8dfc8fa341a5f8c6450bc0f84 - Path: Packages/com.unity.render-pipelines.universal/Shaders/XR/XRMirrorView.hlsl - Importer: ScriptedImporter/UnityEditor.QuickSearchModule:UnityEditor.Search:ASIAI0B' with importer (ScriptedImporter : UnityEditor.QuickSearchModule:UnityEditor.Search:ASIAI0B)
Imported 'GUID: 0eac51a8dfc8fa341a5f8c6450bc0f84' -> (Import Result ID: 'eac7db73a558e46abeb1111c7874232b') in 0.019 seconds [static and dynamic dependencies]. Details - ImportResultOutputID=b78c3c68a167e8efbfe91162befca195 DependenciesID=be52e9d2541af1692fa3cbad3a52ab9e StaticDependenciesID=b312f3de7bf95f0a4c2e53ae96990752 
Number of updated asset objects reloaded before import = 0
Number of asset objects unloaded after import = 1
========================================================================
Received Import Request.
  Time of request: 2026-08-22T02:54:38.0742721Z
  Time since last request: 0.0005685 seconds.
  importAddress: GUID: e507fdfead5ca47e8b9a768b51c291a1 - Path: Packages/com.unity.render-pipelines.universal/Shaders/Terrain/WavingGrass.shader - Importer: ScriptedImporter/UnityEditor.QuickSearchModule:UnityEditor.Search:ASIAI0B
Importing 'GUID: e507fdfead5ca47e8b9a768b51c291a1 - Path: Packages/com.unity.render-pipelines.universal/Shaders/Terrain/WavingGrass.shader - Importer: ScriptedImporter/UnityEditor.QuickSearchModule:UnityEditor.Search:ASIAI0B' with importer (ScriptedImporter : UnityEditor.QuickSearchModule:UnityEditor.Search:ASIAI0B)
Imported 'GUID: e507fdfead5ca47e8b9a768b51c291a1' -> (Import Result ID: '9c96e0e709ad86180119175c17d96bb2') in 0.011 seconds [static and dynamic dependencies]. Details - ImportResultOutputID=6385bc24676dc64e8fb763c86fa1bca3 DependenciesID=3e4ec38f5a148e31096951fb7ed202dc StaticDependenciesID=fc6e56118274404ecc4bb1b0182e24c2 
Number of updated asset objects reloaded before import = 0
Number of asset objects unloaded after import = 1
========================================================================
Received Import Request.
  Time of request: 2026-08-22T02:54:38.1054715Z
  Time since last request: 0.0005057 seconds.
  importAddress: GUID: fe1a138aa19e2e64d963c084b4006b0e - Path: Packages/com.unity.render-pipelines.universal/Tests/Editor/ShaderBuildPreprocessorTests.cs - Importer: ScriptedImporter/UnityEditor.QuickSearchModule:UnityEditor.Search:ASIAI0B
Importing 'GUID: fe1a138aa19e2e64d963c084b4006b0e - Path: Packages/com.unity.render-pipelines.universal/Tests/Editor/ShaderBuildPreprocessorTests.cs - Importer: ScriptedImporter/UnityEditor.QuickSearchModule:UnityEditor.Search:ASIAI0B' with importer (ScriptedImporter : UnityEditor.QuickSearchModule:UnityEditor.Search:ASIAI0B)
Imported 'GUID: fe1a138aa19e2e64d963c084b4006b0e' -> (Import Result ID: '57f7fd82671b44b244e350d9df7e4747') in 0.006 seconds [static and dynamic dependencies]. Details - ImportResultOutputID=451392139a54dec61b04fdfed5cf4eec DependenciesID=fcf43c01606f8203f50eb86e66598c87 StaticDependenciesID=cf9ad7ee4d467046f7d6e9cdf637f703 
Number of updated asset objects reloaded before import = 0
Number of asset objects unloaded after import = 0
========================================================================
Received Import Request.
  Time of request: 2026-08-22T02:54:38.1349446Z
  Time since last request: 0.0016233 seconds.
  importAddress: GUID: e8ee25143a34b8c4388709ea947055d1 - Path: Packages/com.unity.render-pipelines.universal/Shaders/PostProcessing/ScalingSetup.shader - Importer: ScriptedImporter/UnityEditor.QuickSearchModule:UnityEditor.Search:ASIAI0B
Importing 'GUID: e8ee25143a34b8c4388709ea947055d1 - Path: Packages/com.unity.render-pipelines.universal/Shaders/PostProcessing/ScalingSetup.shader - Importer: ScriptedImporter/UnityEditor.QuickSearchModule:UnityEditor.Search:ASIAI0B' with importer (ScriptedImporter : UnityEditor.QuickSearchModule:UnityEditor.Search:ASIAI0B)
Imported 'GUID: e8ee25143a34b8c4388709ea947055d1' -> (Import Result ID: '388fa67abe348f22cbf7a8c835cff71a') in 0.011 seconds [static and dynamic dependencies]. Details - ImportResultOutputID=897d1373f82a893a39c071b70f42736b DependenciesID=b42580fd43531620b30741cd47f2ea74 StaticDependenciesID=85d1e925ad6bce5928e43e21675ddfa7 
Number of updated asset objects reloaded before import = 0
Number of asset objects unloaded after import = 1
========================================================================
Received Import Request.
  Time of request: 2026-08-22T02:54:38.1670602Z
  Time since last request: 0.0006891 seconds.
  importAddress: GUID: 3f1f7ec9e0c852a48826fe085f257d80 - Path: Packages/com.unity.render-pipelines.universal/Shaders/PostProcessing/SubpixelMorphologicalAntialiasing.hlsl - Importer: ScriptedImporter/UnityEditor.QuickSearchModule:UnityEditor.Search:ASIAI0B
Importing 'GUID: 3f1f7ec9e0c852a48826fe085f257d80 - Path: Packages/com.unity.render-pipelines.universal/Shaders/PostProcessing/SubpixelMorphologicalAntialiasing.hlsl - Importer: ScriptedImporter/UnityEditor.QuickSearchModule:UnityEditor.Search:ASIAI0B' with importer (ScriptedImporter : UnityEditor.QuickSearchModule:UnityEditor.Search:ASIAI0B)
Imported 'GUID: 3f1f7ec9e0c852a48826fe085f257d80' -> (Import Result ID: 'f2bde51d0fcc1789ff281d50d5078564') in 0.016 seconds [static and dynamic dependencies]. Details - ImportResultOutputID=875135f8f091af8d0c580dec34a3cbed DependenciesID=7002b50c8094b7ef273004cca04d24be StaticDependenciesID=fc0582642b348246248d71817bae5df0 
Number of updated asset objects reloaded before import = 0
Number of asset objects unloaded after import = 1
========================================================================
Received Import Request.
  Time of request: 2026-08-22T02:54:38.2033693Z
  Time since last request: 0.0004798 seconds.
  importAddress: GUID: d104b2fc1ca6445babb8e90b0758136b - Path: Packages/com.unity.render-pipelines.universal/Shaders/Utils/CoreBlitColorAndDepth.shader - Importer: ScriptedImporter/UnityEditor.QuickSearchModule:UnityEditor.Search:ASIAI0B
Importing 'GUID: d104b2fc1ca6445babb8e90b0758136b - Path: Packages/com.unity.render-pipelines.universal/Shaders/Utils/CoreBlitColorAndDepth.shader - Importer: ScriptedImporter/UnityEditor.QuickSearchModule:UnityEditor.Search:ASIAI0B' with importer (ScriptedImporter : UnityEditor.QuickSearchModule:UnityEditor.Search:ASIAI0B)
Imported 'GUID: d104b2fc1ca6445babb8e90b0758136b' -> (Import Result ID: '6d45cad52c182ce67c1bd25ca93ab32b') in 0.006 seconds [static and dynamic dependencies]. Details - ImportResultOutputID=c512c15d2a7ece178284a59e1244f480 DependenciesID=7818d8251038234d6b70476030846991 StaticDependenciesID=e8d9037bf7ca9f0ab9c0a1de5e5df688 
Number of updated asset objects reloaded before import = 0
Number of asset objects unloaded after import = 1
========================================================================
Received Import Request.
  Time of request: 2026-08-22T02:54:38.2304222Z
  Time since last request: 0.0005732 seconds.
  importAddress: GUID: d6dae50ee9e1bfa4db75f19f99355220 - Path: Packages/com.unity.render-pipelines.universal/Shaders/Utils/CopyDepth.shader - Importer: ScriptedImporter/UnityEditor.QuickSearchModule:UnityEditor.Search:ASIAI0B
Importing 'GUID: d6dae50ee9e1bfa4db75f19f99355220 - Path: Packages/com.unity.render-pipelines.universal/Shaders/Utils/CopyDepth.shader - Importer: ScriptedImporter/UnityEditor.QuickSearchModule:UnityEditor.Search:ASIAI0B' with importer (ScriptedImporter : UnityEditor.QuickSearchModule:UnityEditor.Search:ASIAI0B)
Imported 'GUID: d6dae50ee9e1bfa4db75f19f99355220' -> (Import Result ID: '963f19602b98dbc15107c6455cc0daf4') in 0.010 seconds [static and dynamic dependencies]. Details - ImportResultOutputID=bd520302ca67eebe75a9f427f99fe368 DependenciesID=848e76456b8e41b919a11c40477b9698 StaticDependenciesID=2436af62aec022817fc1affc8e467c9f 
Number of updated asset objects reloaded before import = 0
Number of asset objects unloaded after import = 1
========================================================================
Received Import Request.
  Time of request: 2026-08-22T02:54:38.2592532Z
  Time since last request: 0.0006472 seconds.
  importAddress: GUID: 3d17dfbc1c864f5b993c279862bf9a0f - Path: Packages/com.unity.render-pipelines.universal/Shaders/Utils/SurfaceType.hlsl - Importer: ScriptedImporter/UnityEditor.QuickSearchModule:UnityEditor.Search:ASIAI0B
Importing 'GUID: 3d17dfbc1c864f5b993c279862bf9a0f - Path: Packages/com.unity.render-pipelines.universal/Shaders/Utils/SurfaceType.hlsl - Importer: ScriptedImporter/UnityEditor.QuickSearchModule:UnityEditor.Search:ASIAI0B' with importer (ScriptedImporter : UnityEditor.QuickSearchModule:UnityEditor.Search:ASIAI0B)
Imported 'GUID: 3d17dfbc1c864f5b993c279862bf9a0f' -> (Import Result ID: 'a106b4d70d17a3a67b440ce0259f976c') in 0.018 seconds [static and dynamic dependencies]. Details - ImportResultOutputID=3b070d9bd7abc2ef2cfe4c46e19ca3ea DependenciesID=ea9437a372ad6cbadadfe25800d407eb StaticDependenciesID=3fc906e229ac2306d772e560b6cf0905 
Number of updated asset objects reloaded before import = 0
Number of asset objects unloaded after import = 1
========================================================================
Received Import Request.
  Time of request: 2026-08-22T02:54:38.2970518Z
  Time since last request: 0.000972 seconds.
  importAddress: GUID: 67e3e0cfa0204244683a6c506307f311 - Path: Packages/com.unity.render-pipelines.universal/Shaders/Utils/Universal2D.hlsl - Importer: ScriptedImporter/UnityEditor.QuickSearchModule:UnityEditor.Search:ASIAI0B
Importing 'GUID: 67e3e0cfa0204244683a6c506307f311 - Path: Packages/com.unity.render-pipelines.universal/Shaders/Utils/Universal2D.hlsl - Importer: ScriptedImporter/UnityEditor.QuickSearchModule:UnityEditor.Search:ASIAI0B' with importer (ScriptedImporter : UnityEditor.QuickSearchModule:UnityEditor.Search:ASIAI0B)
Imported 'GUID: 67e3e0cfa0204244683a6c506307f311' -> (Import Result ID: '070ee685a37f09eb4ac6d4bd76436b11') in 0.017 seconds [static and dynamic dependencies]. Details - ImportResultOutputID=e75dbc41319e9bc5935cdff18b376548 DependenciesID=b105b6a20e726a948384db29683fed96 StaticDependenciesID=cf91e44036a6f569638ee0167b728e72 
Number of updated asset objects reloaded before import = 0
Number of asset objects unloaded after import = 1
========================================================================
Received Import Request.
  Time of request: 2026-08-22T02:54:38.3358232Z
  Time since last request: 0.0006603 seconds.
  importAddress: GUID: 04c410c9937594faa893a11dceb85f7e - Path: Packages/com.unity.render-pipelines.universal/Shaders/Utils/Sampling.shader - Importer: ScriptedImporter/UnityEditor.QuickSearchModule:UnityEditor.Search:ASIAI0B
Importing 'GUID: 04c410c9937594faa893a11dceb85f7e - Path: Packages/com.unity.render-pipelines.universal/Shaders/Utils/Sampling.shader - Importer: ScriptedImporter/UnityEditor.QuickSearchModule:UnityEditor.Search:ASIAI0B' with importer (ScriptedImporter : UnityEditor.QuickSearchModule:UnityEditor.Search:ASIAI0B)
Imported 'GUID: 04c410c9937594faa893a11dceb85f7e' -> (Import Result ID: 'beadf92204d5608c78f68f8884d51267') in 0.012 seconds [static and dynamic dependencies]. Details - ImportResultOutputID=34d5f12c881e1451bd1cb72617332e1a DependenciesID=b183b0db46bc01574f5eca46b678ed12 StaticDependenciesID=c3df577662dd92ca6e4fae75b5ef8b8d 
Number of updated asset objects reloaded before import = 0
Number of asset objects unloaded after import = 1
========================================================================
Received Import Request.
  Time of request: 2026-08-22T02:54:38.3728112Z
  Time since last request: 0.0011987 seconds.
  importAddress: GUID: f6783ab646d374f94b199774402a5144 - Path: Packages/com.unity.render-pipelines.universal/Shaders/Terrain/TerrainDetailLit.shader - Importer: ScriptedImporter/UnityEditor.QuickSearchModule:UnityEditor.Search:ASIAI0B
Importing 'GUID: f6783ab646d374f94b199774402a5144 - Path: Packages/com.unity.render-pipelines.universal/Shaders/Terrain/TerrainDetailLit.shader - Importer: ScriptedImporter/UnityEditor.QuickSearchModule:UnityEditor.Search:ASIAI0B' with importer (ScriptedImporter : UnityEditor.QuickSearchModule:UnityEditor.Search:ASIAI0B)
Imported 'GUID: f6783ab646d374f94b199774402a5144' -> (Import Result ID: '11df3bb2f13bf36f55973a078a61d204') in 0.011 seconds [static and dynamic dependencies]. Details - ImportResultOutputID=554f904778dc8fc606950064da76c37a DependenciesID=80e1dcba7349a0819593aaca0311dd50 StaticDependenciesID=7994c53b74643de0bef8be7edddec274 
Number of updated asset objects reloaded before import = 0
Number of asset objects unloaded after import = 1
========================================================================
Received Import Request.
  Time of request: 2026-08-22T02:54:38.4082862Z
  Time since last request: 0.0009768 seconds.
  importAddress: GUID: 97ce72d5527034cbca1d95b53d583472 - Path: Packages/com.unity.render-pipelines.universal/Shaders/Terrain/WavingGrassDepthNormalsPass.hlsl - Importer: ScriptedImporter/UnityEditor.QuickSearchModule:UnityEditor.Search:ASIAI0B
Importing 'GUID: 97ce72d5527034cbca1d95b53d583472 - Path: Packages/com.unity.render-pipelines.universal/Shaders/Terrain/WavingGrassDepthNormalsPass.hlsl - Importer: ScriptedImporter/UnityEditor.QuickSearchModule:UnityEditor.Search:ASIAI0B' with importer (ScriptedImporter : UnityEditor.QuickSearchModule:UnityEditor.Search:ASIAI0B)
Imported 'GUID: 97ce72d5527034cbca1d95b53d583472' -> (Import Result ID: '3e3dcb464c039326870dd8644d2a9767') in 0.015 seconds [static and dynamic dependencies]. Details - ImportResultOutputID=ecc953194026b054c5e6f2904a0d1794 DependenciesID=31effff4f7a404e2707a55ef4a7d7383 StaticDependenciesID=0f32dff47f17a5a5e878e88786258bea 
Number of updated asset objects reloaded before import = 0
Number of asset objects unloaded after import = 1
========================================================================
Received Import Request.
  Time of request: 2026-08-22T02:54:38.44709Z
  Time since last request: 0.0010265 seconds.
  importAddress: GUID: da9d116cbd3a95840aeb4f28ba5146da - Path: Packages/com.unity.render-pipelines.universal/Tests/Editor/RenderPassCullingTests.cs - Importer: ScriptedImporter/UnityEditor.QuickSearchModule:UnityEditor.Search:ASIAI0B
Importing 'GUID: da9d116cbd3a95840aeb4f28ba5146da - Path: Packages/com.unity.render-pipelines.universal/Tests/Editor/RenderPassCullingTests.cs - Importer: ScriptedImporter/UnityEditor.QuickSearchModule:UnityEditor.Search:ASIAI0B' with importer (ScriptedImporter : UnityEditor.QuickSearchModule:UnityEditor.Search:ASIAI0B)
Imported 'GUID: da9d116cbd3a95840aeb4f28ba5146da' -> (Import Result ID: '0aa20d2be62edd61f5a6e2bdaa9cbf22') in 0.006 seconds [static and dynamic dependencies]. Details - ImportResultOutputID=6ab74f7427e824d5070b6ac666270db3 DependenciesID=1ffacede94349fec93b44460cb851d69 StaticDependenciesID=d4ee5fb210f73e48fb962454a29bec87 
Number of updated asset objects reloaded before import = 0
Number of asset objects unloaded after import = 0
========================================================================
Received Import Request.
  Time of request: 2026-08-22T02:54:38.4792154Z
  Time since last request: 0.0009033 seconds.
  importAddress: GUID: 1121bb4e615ca3c48b214e79e841e823 - Path: Packages/com.unity.render-pipelines.universal/Shaders/PostProcessing/StopNaN.shader - Importer: ScriptedImporter/UnityEditor.QuickSearchModule:UnityEditor.Search:ASIAI0B
Importing 'GUID: 1121bb4e615ca3c48b214e79e841e823 - Path: Packages/com.unity.render-pipelines.universal/Shaders/PostProcessing/StopNaN.shader - Importer: ScriptedImporter/UnityEditor.QuickSearchModule:UnityEditor.Search:ASIAI0B' with importer (ScriptedImporter : UnityEditor.QuickSearchModule:UnityEditor.Search:ASIAI0B)
Imported 'GUID: 1121bb4e615ca3c48b214e79e841e823' -> (Import Result ID: '9f7cdc37e825739c5ade7faabe33e851') in 0.010 seconds [static and dynamic dependencies]. Details - ImportResultOutputID=685d58d5164c2e98bfe020089e606475 DependenciesID=f3fe856ed9fcf043d7362c904a809acf StaticDependenciesID=1f318055fc458352ef303318d4022949 
Number of updated asset objects reloaded before import = 0
Number of asset objects unloaded after import = 1
========================================================================
Received Import Request.
  Time of request: 2026-08-22T02:54:38.5184211Z
  Time since last request: 0.0006189 seconds.
  importAddress: GUID: d5a307c014552314b9f560906d708772 - Path: Packages/com.unity.render-pipelines.universal/Shaders/XR/XRMirrorView.shader - Importer: ScriptedImporter/UnityEditor.QuickSearchModule:UnityEditor.Search:ASIAI0B
Importing 'GUID: d5a307c014552314b9f560906d708772 - Path: Packages/com.unity.render-pipelines.universal/Shaders/XR/XRMirrorView.shader - Importer: ScriptedImporter/UnityEditor.QuickSearchModule:UnityEditor.Search:ASIAI0B' with importer (ScriptedImporter : UnityEditor.QuickSearchModule:UnityEditor.Search:ASIAI0B)
Imported 'GUID: d5a307c014552314b9f560906d708772' -> (Import Result ID: '00b6296f7d4f19ec91201e8cefd3dff7') in 0.008 seconds [static and dynamic dependencies]. Details - ImportResultOutputID=746157262f87861ab27e822eaebe5d4f DependenciesID=fc42ae199ced0767e46b728083496bf9 StaticDependenciesID=1407fc87bca0a7228c8330689035c096 
Number of updated asset objects reloaded before import = 0
Number of asset objects unloaded after import = 1
========================================================================
Received Import Request.
  Time of request: 2026-08-22T02:54:38.5503625Z
  Time since last request: 0.0006016 seconds.
  importAddress: GUID: 42af586c09f391941a2a8a7bd5164b31 - Path: Packages/com.unity.render-pipelines.universal/Tests/Editor/EditorTests.cs - Importer: ScriptedImporter/UnityEditor.QuickSearchModule:UnityEditor.Search:ASIAI0B
Importing 'GUID: 42af586c09f391941a2a8a7bd5164b31 - Path: Packages/com.unity.render-pipelines.universal/Tests/Editor/EditorTests.cs - Importer: ScriptedImporter/UnityEditor.QuickSearchModule:UnityEditor.Search:ASIAI0B' with importer (ScriptedImporter : UnityEditor.QuickSearchModule:UnityEditor.Search:ASIAI0B)
Imported 'GUID: 42af586c09f391941a2a8a7bd5164b31' -> (Import Result ID: 'd34860181dfeda940da625c4610b40ac') in 0.006 seconds [static and dynamic dependencies]. Details - ImportResultOutputID=80191bf37f30f09544c3755d4a564896 DependenciesID=5fde3a2db9cb2458f85bc4f73f602888 StaticDependenciesID=00c52ad8359a4a4f01c015a7f22c0a79 
Number of updated asset objects reloaded before import = 0
Number of asset objects unloaded after import = 0
========================================================================
Received Import Request.
  Time of request: 2026-08-22T02:54:38.5797786Z
  Time since last request: 0.0008294 seconds.
  importAddress: GUID: a15b78cf8ca26ca4fb2090293153c62c - Path: Packages/com.unity.render-pipelines.universal/Shaders/PostProcessing/PaniniProjection.shader - Importer: ScriptedImporter/UnityEditor.QuickSearchModule:UnityEditor.Search:ASIAI0B
Importing 'GUID: a15b78cf8ca26ca4fb2090293153c62c - Path: Packages/com.unity.render-pipelines.universal/Shaders/PostProcessing/PaniniProjection.shader - Importer: ScriptedImporter/UnityEditor.QuickSearchModule:UnityEditor.Search:ASIAI0B' with importer (ScriptedImporter : UnityEditor.QuickSearchModule:UnityEditor.Search:ASIAI0B)
Imported 'GUID: a15b78cf8ca26ca4fb2090293153c62c' -> (Import Result ID: '1ec6de973ff327388c09c2b04fae4686') in 0.008 seconds [static and dynamic dependencies]. Details - ImportResultOutputID=3b4d9a2b606fc66b34bc8205e7b18266 DependenciesID=4c5a3321bb8ac8bd3ed74c9599da5df6 StaticDependenciesID=f8bd8b0d43654035067dbd363915c346 
Number of updated asset objects reloaded before import = 0
Number of asset objects unloaded after import = 1
========================================================================
Received Import Request.
  Time of request: 2026-08-22T02:54:38.6285177Z
  Time since last request: 0.0194302 seconds.
  importAddress: GUID: a56824d790f2d894b87761a6d3c6f176 - Path: Packages/com.unity.render-pipelines.universal/Editor/2D/Converter/BuiltInToURP2DRenderSettingsConverter.cs - Importer: ScriptedImporter/UnityEditor.QuickSearchModule:UnityEditor.Search:ASIAI0B
Importing 'GUID: a56824d790f2d894b87761a6d3c6f176 - Path: Packages/com.unity.render-pipelines.universal/Editor/2D/Converter/BuiltInToURP2DRenderSettingsConverter.cs - Importer: ScriptedImporter/UnityEditor.QuickSearchModule:UnityEditor.Search:ASIAI0B' with importer (ScriptedImporter : UnityEditor.QuickSearchModule:UnityEditor.Search:ASIAI0B)
Imported 'GUID: a56824d790f2d894b87761a6d3c6f176' -> (Import Result ID: 'd7430f2bee5f97f6d786ba3b75beadff') in 0.005 seconds [static and dynamic dependencies]. Details - ImportResultOutputID=192d8c8b8d3f025a11a57aaff8725785 DependenciesID=15640804b5c9358ff955447f2a6a584e StaticDependenciesID=f8a9589830607f7e612f77390f6192bc 
Number of updated asset objects reloaded before import = 0
Number of asset objects unloaded after import = 0
========================================================================
Received Import Request.
  Time of request: 2026-08-22T02:54:38.6518767Z
  Time since last request: 0.000661 seconds.
  importAddress: GUID: 654c582f7f8a5a14dbd7d119cbde215d - Path: Packages/com.unity.render-pipelines.universal/Textures/FilmGrain/Thin01.png - Importer: ScriptedImporter/UnityEditor.QuickSearchModule:UnityEditor.Search:ASIAI0B
Importing 'GUID: 654c582f7f8a5a14dbd7d119cbde215d - Path: Packages/com.unity.render-pipelines.universal/Textures/FilmGrain/Thin01.png - Importer: ScriptedImporter/UnityEditor.QuickSearchModule:UnityEditor.Search:ASIAI0B' with importer (ScriptedImporter : UnityEditor.QuickSearchModule:UnityEditor.Search:ASIAI0B)
Imported 'GUID: 654c582f7f8a5a14dbd7d119cbde215d' -> (Import Result ID: '4ae72196273c0c2724f6886f75851688') in 0.074 seconds [static and dynamic dependencies]. Details - ImportResultOutputID=d2ded59f266e855a42a35cf9f3444fdd DependenciesID=7ff5f33c6ba2481488dbb5a5f0f7ec33 StaticDependenciesID=0565eaa074751f9d7b2c6d2a389cd056 
Number of updated asset objects reloaded before import = 0
Number of asset objects unloaded after import = 1
========================================================================
Received Import Request.
  Time of request: 2026-08-22T02:54:38.7491812Z
  Time since last request: 0.0006624 seconds.
  importAddress: GUID: 119f93d0bcbf1e743bf5fcf237507d39 - Path: Packages/com.unity.render-pipelines.universal/Textures/2D/Sparkle.png - Importer: ScriptedImporter/UnityEditor.QuickSearchModule:UnityEditor.Search:ASIAI0B
Importing 'GUID: 119f93d0bcbf1e743bf5fcf237507d39 - Path: Packages/com.unity.render-pipelines.universal/Textures/2D/Sparkle.png - Importer: ScriptedImporter/UnityEditor.QuickSearchModule:UnityEditor.Search:ASIAI0B' with importer (ScriptedImporter : UnityEditor.QuickSearchModule:UnityEditor.Search:ASIAI0B)
Imported 'GUID: 119f93d0bcbf1e743bf5fcf237507d39' -> (Import Result ID: '57c9ad1891107410d15a6bc9d65bb47f') in 0.036 seconds [static and dynamic dependencies]. Details - ImportResultOutputID=df21d144cdc522088f03352b7bca7802 DependenciesID=b46629324dffaf75c8e34ce1eba6a5f8 StaticDependenciesID=d7cc27fb73a9012b988b71a6a0d21e82 
Number of updated asset objects reloaded before import = 0
Number of asset objects unloaded after import = 3
========================================================================
Received Import Request.
  Time of request: 2026-08-22T02:54:38.8129401Z
  Time since last request: 0.0007015 seconds.
  importAddress: GUID: df6ed9946a0fc5142a177c1a33ba7c2d - Path: Packages/com.unity.render-pipelines.universal/Tests/Runtime/PixelPerfectCameraTests.cs - Importer: ScriptedImporter/UnityEditor.QuickSearchModule:UnityEditor.Search:ASIAI0B
Importing 'GUID: df6ed9946a0fc5142a177c1a33ba7c2d - Path: Packages/com.unity.render-pipelines.universal/Tests/Runtime/PixelPerfectCameraTests.cs - Importer: ScriptedImporter/UnityEditor.QuickSearchModule:UnityEditor.Search:ASIAI0B' with importer (ScriptedImporter : UnityEditor.QuickSearchModule:UnityEditor.Search:ASIAI0B)
Imported 'GUID: df6ed9946a0fc5142a177c1a33ba7c2d' -> (Import Result ID: 'b1db1996900fee9c7dd5479ca446c8db') in 0.009 seconds [static and dynamic dependencies]. Details - ImportResultOutputID=4d4b74f36ca532d33e8dcc16f3220afa DependenciesID=895bedaced821a40d4ea81095939a2e4 StaticDependenciesID=792af79589c29bdb81f358288ab59542 
Number of updated asset objects reloaded before import = 0
Number of asset objects unloaded after import = 0
========================================================================
Received Import Request.
  Time of request: 2026-08-22T02:54:38.8444758Z
  Time since last request: 0.00053 seconds.
  importAddress: GUID: c06cc21c692f94f5fb5206247191eeee - Path: Packages/com.unity.render-pipelines.universal/Textures/BlueNoise256/LDR_LLL1_2.png - Importer: ScriptedImporter/UnityEditor.QuickSearchModule:UnityEditor.Search:ASIAI0B
Importing 'GUID: c06cc21c692f94f5fb5206247191eeee - Path: Packages/com.unity.render-pipelines.universal/Textures/BlueNoise256/LDR_LLL1_2.png - Importer: ScriptedImporter/UnityEditor.QuickSearchModule:UnityEditor.Search:ASIAI0B' with importer (ScriptedImporter : UnityEditor.QuickSearchModule:UnityEditor.Search:ASIAI0B)
Imported 'GUID: c06cc21c692f94f5fb5206247191eeee' -> (Import Result ID: '293d336c46170c2e726017a82c1d5a8f') in 0.016 seconds [static and dynamic dependencies]. Details - ImportResultOutputID=ed7106ec05bb2bed3bee9be461c32dbc DependenciesID=64e5eeb4a00e7c228f63b4f69475d6e3 StaticDependenciesID=932593937acd714ba19bfa5191672f3e 
Number of updated asset objects reloaded before import = 0
Number of asset objects unloaded after import = 1
========================================================================
Received Import Request.
  Time of request: 2026-08-22T02:54:38.8825016Z
  Time since last request: 0.0005163 seconds.
  importAddress: GUID: 56a77a3e8d64f47b6afe9e3c95cb57d5 - Path: Packages/com.unity.render-pipelines.universal/Textures/BlueNoise256/LDR_LLL1_6.png - Importer: ScriptedImporter/UnityEditor.QuickSearchModule:UnityEditor.Search:ASIAI0B
Importing 'GUID: 56a77a3e8d64f47b6afe9e3c95cb57d5 - Path: Packages/com.unity.render-pipelines.universal/Textures/BlueNoise256/LDR_LLL1_6.png - Importer: ScriptedImporter/UnityEditor.QuickSearchModule:UnityEditor.Search:ASIAI0B' with importer (ScriptedImporter : UnityEditor.QuickSearchModule:UnityEditor.Search:ASIAI0B)
Imported 'GUID: 56a77a3e8d64f47b6afe9e3c95cb57d5' -> (Import Result ID: '63461ece69981593193237a2d713eb29') in 0.011 seconds [static and dynamic dependencies]. Details - ImportResultOutputID=b61f5e5a43e70afea6d94fbe49aeed21 DependenciesID=49afb249cac32b2d7f2317573ae2bd32 StaticDependenciesID=30915f536238a642a1025270b365fe92 
Number of updated asset objects reloaded before import = 0
Number of asset objects unloaded after import = 1
========================================================================
Received Import Request.
  Time of request: 2026-08-22T02:54:38.9135369Z
  Time since last request: 0.0008037 seconds.
  importAddress: GUID: 7f54b2764826949c192810bd3944abcc - Path: Packages/com.unity.render-pipelines.universal/Editor/2D/LightBatchingDebugger/LightBatchingDebugger.uxml - Importer: ScriptedImporter/UnityEditor.QuickSearchModule:UnityEditor.Search:ASIAI0B
Importing 'GUID: 7f54b2764826949c192810bd3944abcc - Path: Packages/com.unity.render-pipelines.universal/Editor/2D/LightBatchingDebugger/LightBatchingDebugger.uxml - Importer: ScriptedImporter/UnityEditor.QuickSearchModule:UnityEditor.Search:ASIAI0B' with importer (ScriptedImporter : UnityEditor.QuickSearchModule:UnityEditor.Search:ASIAI0B)
Imported 'GUID: 7f54b2764826949c192810bd3944abcc' -> (Import Result ID: 'c67de03a212eb329b39a02267929308d') in 0.152 seconds [static and dynamic dependencies]. Details - ImportResultOutputID=d6b081a1e17277d46ca0ff28e27573b3 DependenciesID=eeaaa13658a32b31aa0296be3cd7a716 StaticDependenciesID=80d1752837441e703529359aed35a58d 
Number of updated asset objects reloaded before import = 0
Number of asset objects unloaded after import = 3
========================================================================
Received Import Request.
  Time of request: 2026-08-22T02:54:39.0891091Z
  Time since last request: 0.0007465 seconds.
  importAddress: GUID: eda0e8a03dd031e41974f62cc8cc0608 - Path: Packages/com.unity.render-pipelines.universal/Editor/2D/Converter/MaterialUpgraderDefinitions.cs - Importer: ScriptedImporter/UnityEditor.QuickSearchModule:UnityEditor.Search:ASIAI0B
Importing 'GUID: eda0e8a03dd031e41974f62cc8cc0608 - Path: Packages/com.unity.render-pipelines.universal/Editor/2D/Converter/MaterialUpgraderDefinitions.cs - Importer: ScriptedImporter/UnityEditor.QuickSearchModule:UnityEditor.Search:ASIAI0B' with importer (ScriptedImporter : UnityEditor.QuickSearchModule:UnityEditor.Search:ASIAI0B)
Imported 'GUID: eda0e8a03dd031e41974f62cc8cc0608' -> (Import Result ID: '648dc9b1f8456c178f47ce18a8ce0cfe') in 0.006 seconds [static and dynamic dependencies]. Details - ImportResultOutputID=129bd2aadf96ac1185b9cdca87e0e45f DependenciesID=77ecc02784b3bbbb3d135f889b6272b4 StaticDependenciesID=5e99d661bd28037d68452758aae311b7 
Number of updated asset objects reloaded before import = 0
Number of asset objects unloaded after import = 0
========================================================================
Received Import Request.
  Time of request: 2026-08-22T02:54:39.1231165Z
  Time since last request: 0.0011997 seconds.
  importAddress: GUID: 7dac6048e6e7a4747ad93c64661d3faf - Path: Packages/com.unity.render-pipelines.universal/Editor/2D/Overrides/SortingGroupEditor2DURP.cs - Importer: ScriptedImporter/UnityEditor.QuickSearchModule:UnityEditor.Search:ASIAI0B
Importing 'GUID: 7dac6048e6e7a4747ad93c64661d3faf - Path: Packages/com.unity.render-pipelines.universal/Editor/2D/Overrides/SortingGroupEditor2DURP.cs - Importer: ScriptedImporter/UnityEditor.QuickSearchModule:UnityEditor.Search:ASIAI0B' with importer (ScriptedImporter : UnityEditor.QuickSearchModule:UnityEditor.Search:ASIAI0B)
Imported 'GUID: 7dac6048e6e7a4747ad93c64661d3faf' -> (Import Result ID: 'f4a7f9875da29fd9704b79833e71bc2c') in 0.007 seconds [static and dynamic dependencies]. Details - ImportResultOutputID=195975ede310363100c2a9d72c769c0d DependenciesID=b33423cb1358edcf9f923eb92cd78250 StaticDependenciesID=bd0787350fde4bc1937da989e8e9e990 
Number of updated asset objects reloaded before import = 0
Number of asset objects unloaded after import = 0
========================================================================
Received Import Request.
  Time of request: 2026-08-22T02:54:39.1552621Z
  Time since last request: 0.000652 seconds.
  importAddress: GUID: 9930fb4528622b34687b00bbe6883de7 - Path: Packages/com.unity.render-pipelines.universal/Textures/FilmGrain/Medium03.png - Importer: ScriptedImporter/UnityEditor.QuickSearchModule:UnityEditor.Search:ASIAI0B
Importing 'GUID: 9930fb4528622b34687b00bbe6883de7 - Path: Packages/com.unity.render-pipelines.universal/Textures/FilmGrain/Medium03.png - Importer: ScriptedImporter/UnityEditor.QuickSearchModule:UnityEditor.Search:ASIAI0B' with importer (ScriptedImporter : UnityEditor.QuickSearchModule:UnityEditor.Search:ASIAI0B)
Imported 'GUID: 9930fb4528622b34687b00bbe6883de7' -> (Import Result ID: '1ba963fc68b45456453e1d153ca7e37d') in 0.015 seconds [static and dynamic dependencies]. Details - ImportResultOutputID=f37b0e05278a2d1d19bedd7e614315b9 DependenciesID=884aa3ea1647effde88577bcb531969a StaticDependenciesID=95a86302ab8732fdc957c0a0fa835b01 
Number of updated asset objects reloaded before import = 0
Number of asset objects unloaded after import = 1
========================================================================
Received Import Request.
  Time of request: 2026-08-22T02:54:39.2030152Z
  Time since last request: 0.0010816 seconds.
  importAddress: GUID: 3846104859549aa4eb627e318722149f - Path: Packages/com.unity.render-pipelines.universal/Tests/Runtime/RuntimeTests.cs - Importer: ScriptedImporter/UnityEditor.QuickSearchModule:UnityEditor.Search:ASIAI0B
Importing 'GUID: 3846104859549aa4eb627e318722149f - Path: Packages/com.unity.render-pipelines.universal/Tests/Runtime/RuntimeTests.cs - Importer: ScriptedImporter/UnityEditor.QuickSearchModule:UnityEditor.Search:ASIAI0B' with importer (ScriptedImporter : UnityEditor.QuickSearchModule:UnityEditor.Search:ASIAI0B)
Imported 'GUID: 3846104859549aa4eb627e318722149f' -> (Import Result ID: 'd33fb4aff1be5a5415e44e466879c447') in 0.008 seconds [static and dynamic dependencies]. Details - ImportResultOutputID=6c7531c51451642de810671de0767c1d DependenciesID=1ba7cc9fcf7796ffac086850b712b401 StaticDependenciesID=4835f1576bc8cd647b65552a8db01e38 
Number of updated asset objects reloaded before import = 0
Number of asset objects unloaded after import = 0
========================================================================
Received Import Request.
  Time of request: 2026-08-22T02:54:39.2391907Z
  Time since last request: 0.0005771 seconds.
  importAddress: GUID: e8d6afcb728d4974abc7ecfec3d77a6d - Path: Packages/com.unity.render-pipelines.universal/Tests/Runtime/DecalTests.cs - Importer: ScriptedImporter/UnityEditor.QuickSearchModule:UnityEditor.Search:ASIAI0B
Importing 'GUID: e8d6afcb728d4974abc7ecfec3d77a6d - Path: Packages/com.unity.render-pipelines.universal/Tests/Runtime/DecalTests.cs - Importer: ScriptedImporter/UnityEditor.QuickSearchModule:UnityEditor.Search:ASIAI0B' with importer (ScriptedImporter : UnityEditor.QuickSearchModule:UnityEditor.Search:ASIAI0B)
Imported 'GUID: e8d6afcb728d4974abc7ecfec3d77a6d' -> (Import Result ID: 'c156c23b349f9c2de35857a57b6f4486') in 0.011 seconds [static and dynamic dependencies]. Details - ImportResultOutputID=cf425c0f23f00100bf9a6dd3f84ead32 DependenciesID=40cae0e565897f09221923318027abec StaticDependenciesID=4ca2cb6a4610741d13cf37ef97ecdff8 
Number of updated asset objects reloaded before import = 0
Number of asset objects unloaded after import = 0
========================================================================
Received Import Request.
  Time of request: 2026-08-22T02:54:39.2766228Z
  Time since last request: 0.0017516 seconds.
  importAddress: GUID: 8a5fe95d62765c0459615b3a5e71c3a1 - Path: Packages/com.unity.render-pipelines.universal/Editor/2D/Converter/BuiltInPixelPerfectCameraConverter.cs - Importer: ScriptedImporter/UnityEditor.QuickSearchModule:UnityEditor.Search:ASIAI0B
Importing 'GUID: 8a5fe95d62765c0459615b3a5e71c3a1 - Path: Packages/com.unity.render-pipelines.universal/Editor/2D/Converter/BuiltInPixelPerfectCameraConverter.cs - Importer: ScriptedImporter/UnityEditor.QuickSearchModule:UnityEditor.Search:ASIAI0B' with importer (ScriptedImporter : UnityEditor.QuickSearchModule:UnityEditor.Search:ASIAI0B)
Imported 'GUID: 8a5fe95d62765c0459615b3a5e71c3a1' -> (Import Result ID: 'dea06aa228839dfb55edd6c40490ecfa') in 0.013 seconds [static and dynamic dependencies]. Details - ImportResultOutputID=13dcaf2c1f6063cfa1db4324e3c9b5e5 DependenciesID=d0d22401d6a1a02fb044abc5e9d0b8a4 StaticDependenciesID=0b705393c629950f080afd00e1a25a5c 
Number of updated asset objects reloaded before import = 0
Number of asset objects unloaded after import = 0
========================================================================
Received Import Request.
  Time of request: 2026-08-22T02:54:39.3159662Z
  Time since last request: 0.0020819 seconds.
  importAddress: GUID: aa2366bbec4f77041b59b590de916a32 - Path: Packages/com.unity.render-pipelines.universal/Editor/2D/Converter/URP3DToURP2DShaderConverter.cs - Importer: ScriptedImporter/UnityEditor.QuickSearchModule:UnityEditor.Search:ASIAI0B
Importing 'GUID: aa2366bbec4f77041b59b590de916a32 - Path: Packages/com.unity.render-pipelines.universal/Editor/2D/Converter/URP3DToURP2DShaderConverter.cs - Importer: ScriptedImporter/UnityEditor.QuickSearchModule:UnityEditor.Search:ASIAI0B' with importer (ScriptedImporter : UnityEditor.QuickSearchModule:UnityEditor.Search:ASIAI0B)
Imported 'GUID: aa2366bbec4f77041b59b590de916a32' -> (Import Result ID: 'f838bf31a391fba8a92123d2770da673') in 0.012 seconds [static and dynamic dependencies]. Details - ImportResultOutputID=6a0cdc93cc10aee42fffeca527fd5b80 DependenciesID=308ae2caa4b28d02e3208d20f6fd4612 StaticDependenciesID=6b5b6d3c966e0f87d3195ba4ad049a8b 
Number of updated asset objects reloaded before import = 0
Number of asset objects unloaded after import = 0
========================================================================
Received Import Request.
  Time of request: 2026-08-22T02:54:39.3548503Z
  Time since last request: 0.0005112 seconds.
  importAddress: GUID: 993d9a6b07bf33c4dbf1f13f5879bd34 - Path: Packages/com.unity.render-pipelines.universal/Tests/Runtime/RenderGraphConstraintsTests.cs - Importer: ScriptedImporter/UnityEditor.QuickSearchModule:UnityEditor.Search:ASIAI0B
Importing 'GUID: 993d9a6b07bf33c4dbf1f13f5879bd34 - Path: Packages/com.unity.render-pipelines.universal/Tests/Runtime/RenderGraphConstraintsTests.cs - Importer: ScriptedImporter/UnityEditor.QuickSearchModule:UnityEditor.Search:ASIAI0B' with importer (ScriptedImporter : UnityEditor.QuickSearchModule:UnityEditor.Search:ASIAI0B)
Imported 'GUID: 993d9a6b07bf33c4dbf1f13f5879bd34' -> (Import Result ID: '78c8f90dc402d12e5f80179ebce2f03c') in 0.008 seconds [static and dynamic dependencies]. Details - ImportResultOutputID=d369b5417cd039b40fac053571c3fabc DependenciesID=b6381d7be17ff3717bb61e44628d51b7 StaticDependenciesID=76ebacc315241e232826b67f7726b4a3 
Number of updated asset objects reloaded before import = 0
Number of asset objects unloaded after import = 0
========================================================================
Received Import Request.
  Time of request: 2026-08-22T02:54:39.3893968Z
  Time since last request: 0.0011132 seconds.
  importAddress: GUID: 3302065f671a8450b82c9ddf07426f3a - Path: Packages/com.unity.render-pipelines.universal/Textures/BlueNoise256/LDR_LLL1_5.png - Importer: ScriptedImporter/UnityEditor.QuickSearchModule:UnityEditor.Search:ASIAI0B
Importing 'GUID: 3302065f671a8450b82c9ddf07426f3a - Path: Packages/com.unity.render-pipelines.universal/Textures/BlueNoise256/LDR_LLL1_5.png - Importer: ScriptedImporter/UnityEditor.QuickSearchModule:UnityEditor.Search:ASIAI0B' with importer (ScriptedImporter : UnityEditor.QuickSearchModule:UnityEditor.Search:ASIAI0B)
Imported 'GUID: 3302065f671a8450b82c9ddf07426f3a' -> (Import Result ID: 'c1e2ec6e75cc2c2bdd8c7855011da728') in 0.014 seconds [static and dynamic dependencies]. Details - ImportResultOutputID=fe7e5198c0fe68f0845403fa2a13d91d DependenciesID=3de757f0ea3600c4b6d0850c97d185f5 StaticDependenciesID=3670a043c18ba9f5aa6d4ed35adefa07 
Number of updated asset objects reloaded before import = 0
Number of asset objects unloaded after import = 1
========================================================================
Received Import Request.
  Time of request: 2026-08-22T02:54:39.4317229Z
  Time since last request: 0.0019111 seconds.
  importAddress: GUID: 36d514892e55d4340b470c29fcab8b44 - Path: Packages/com.unity.render-pipelines.universal/Tests/Editor/Unity.RenderPipelines.Universal.Editor.Tests.asmdef - Importer: ScriptedImporter/UnityEditor.QuickSearchModule:UnityEditor.Search:ASIAI0B
Importing 'GUID: 36d514892e55d4340b470c29fcab8b44 - Path: Packages/com.unity.render-pipelines.universal/Tests/Editor/Unity.RenderPipelines.Universal.Editor.Tests.asmdef - Importer: ScriptedImporter/UnityEditor.QuickSearchModule:UnityEditor.Search:ASIAI0B' with importer (ScriptedImporter : UnityEditor.QuickSearchModule:UnityEditor.Search:ASIAI0B)
Imported 'GUID: 36d514892e55d4340b470c29fcab8b44' -> (Import Result ID: 'f41619e07bc5f81b018d2c79da4c3ec0') in 0.022 seconds [static and dynamic dependencies]. Details - ImportResultOutputID=5816e70d53aa40b7009756cded0470fd DependenciesID=20a70d5e95b9b3d3ce70ac801eab2991 StaticDependenciesID=0c31022bd3e1204fc81a041e54821482 
Number of updated asset objects reloaded before import = 0
Number of asset objects unloaded after import = 1
========================================================================
Received Import Request.
  Time of request: 2026-08-22T02:54:39.4790147Z
  Time since last request: 0.0023561 seconds.
  importAddress: GUID: bcdc8c86abfb40a45aa7ea6f4d34cb13 - Path: Packages/com.unity.render-pipelines.universal/Editor/2D/Overrides/AssemblyInfo.cs - Importer: ScriptedImporter/UnityEditor.QuickSearchModule:UnityEditor.Search:ASIAI0B
Importing 'GUID: bcdc8c86abfb40a45aa7ea6f4d34cb13 - Path: Packages/com.unity.render-pipelines.universal/Editor/2D/Overrides/AssemblyInfo.cs - Importer: ScriptedImporter/UnityEditor.QuickSearchModule:UnityEditor.Search:ASIAI0B' with importer (ScriptedImporter : UnityEditor.QuickSearchModule:UnityEditor.Search:ASIAI0B)
Imported 'GUID: bcdc8c86abfb40a45aa7ea6f4d34cb13' -> (Import Result ID: 'f4ce00b3fcb04bc33bc23bb0715bfa85') in 0.012 seconds [static and dynamic dependencies]. Details - ImportResultOutputID=5a88bb05603ecc344e0adb034b8779dc DependenciesID=e72c4ddfde1a95bf17b8370573530403 StaticDependenciesID=96a7ec0ff006be5e6db5060f739e08dc 
Number of updated asset objects reloaded before import = 0
Number of asset objects unloaded after import = 0
========================================================================
Received Import Request.
  Time of request: 2026-08-22T02:54:39.5194074Z
  Time since last request: 0.0021302 seconds.
  importAddress: GUID: fd5cb3dd3de574f1585db92b6689f86a - Path: Packages/com.unity.render-pipelines.universal/Editor/2D/LightBatchingDebugger/LightBatchingDebugger.uss - Importer: ScriptedImporter/UnityEditor.QuickSearchModule:UnityEditor.Search:ASIAI0B
Importing 'GUID: fd5cb3dd3de574f1585db92b6689f86a - Path: Packages/com.unity.render-pipelines.universal/Editor/2D/LightBatchingDebugger/LightBatchingDebugger.uss - Importer: ScriptedImporter/UnityEditor.QuickSearchModule:UnityEditor.Search:ASIAI0B' with importer (ScriptedImporter : UnityEditor.QuickSearchModule:UnityEditor.Search:ASIAI0B)
Imported 'GUID: fd5cb3dd3de574f1585db92b6689f86a' -> (Import Result ID: '1144d6b011a6081b880d60bfdcf5884e') in 0.008 seconds [static and dynamic dependencies]. Details - ImportResultOutputID=46b5aae2b36fc545f47ee336b8689021 DependenciesID=a4423344053f84b6901a2a7dd6b95182 StaticDependenciesID=9a37a832b16d9d11f275228b6c445872 
Number of updated asset objects reloaded before import = 0
Number of asset objects unloaded after import = 1
========================================================================
Received Import Request.
  Time of request: 2026-08-22T02:54:39.5495333Z
  Time since last request: 0.0008748 seconds.
  importAddress: GUID: fed0ca29658777447b2eedcce144000b - Path: Packages/com.unity.render-pipelines.universal/Editor/2D/Converter/BuiltInAndURP3DTo2DMaterialUpgrader.cs - Importer: ScriptedImporter/UnityEditor.QuickSearchModule:UnityEditor.Search:ASIAI0B
Importing 'GUID: fed0ca29658777447b2eedcce144000b - Path: Packages/com.unity.render-pipelines.universal/Editor/2D/Converter/BuiltInAndURP3DTo2DMaterialUpgrader.cs - Importer: ScriptedImporter/UnityEditor.QuickSearchModule:UnityEditor.Search:ASIAI0B' with importer (ScriptedImporter : UnityEditor.QuickSearchModule:UnityEditor.Search:ASIAI0B)
Imported 'GUID: fed0ca29658777447b2eedcce144000b' -> (Import Result ID: '60648e925a9de778380020ddd7553ab5') in 0.008 seconds [static and dynamic dependencies]. Details - ImportResultOutputID=a8f018d717b47bb906817b501e7533c1 DependenciesID=6f5ca552e73861cac9fe36056d5e9133 StaticDependenciesID=2cb2aca5489a09a611a52d098b269413 
Number of updated asset objects reloaded before import = 0
Number of asset objects unloaded after import = 0
========================================================================
Received Import Request.
  Time of request: 2026-08-22T02:54:39.5787123Z
  Time since last request: 0.000627 seconds.
  importAddress: GUID: a34b888dc08a0694b8008696310812fd - Path: Packages/com.unity.render-pipelines.universal/Editor/2D/Provider2D/Shadow2DSources_PropertyDrawer.cs - Importer: ScriptedImporter/UnityEditor.QuickSearchModule:UnityEditor.Search:ASIAI0B
Importing 'GUID: a34b888dc08a0694b8008696310812fd - Path: Packages/com.unity.render-pipelines.universal/Editor/2D/Provider2D/Shadow2DSources_PropertyDrawer.cs - Importer: ScriptedImporter/UnityEditor.QuickSearchModule:UnityEditor.Search:ASIAI0B' with importer (ScriptedImporter : UnityEditor.QuickSearchModule:UnityEditor.Search:ASIAI0B)
Imported 'GUID: a34b888dc08a0694b8008696310812fd' -> (Import Result ID: 'c55f470388eb97cdbfa2f6965ac6b76d') in 0.007 seconds [static and dynamic dependencies]. Details - ImportResultOutputID=a3ffa0a48d7ef171ca99c237dfc27386 DependenciesID=dc374b2d05fdb345df351ec6d8bc9988 StaticDependenciesID=0ebbe0b12e8570a2b53feea46c043143 
Number of updated asset objects reloaded before import = 0
Number of asset objects unloaded after import = 0
========================================================================
Received Import Request.
  Time of request: 2026-08-22T02:54:39.6096154Z
  Time since last request: 0.0006518 seconds.
  importAddress: GUID: 9899a41038dc3954a9a5d802ef6ee182 - Path: Packages/com.unity.render-pipelines.universal/Editor/2D/Converter/Base2DMaterialUpgrader.cs - Importer: ScriptedImporter/UnityEditor.QuickSearchModule:UnityEditor.Search:ASIAI0B
Importing 'GUID: 9899a41038dc3954a9a5d802ef6ee182 - Path: Packages/com.unity.render-pipelines.universal/Editor/2D/Converter/Base2DMaterialUpgrader.cs - Importer: ScriptedImporter/UnityEditor.QuickSearchModule:UnityEditor.Search:ASIAI0B' with importer (ScriptedImporter : UnityEditor.QuickSearchModule:UnityEditor.Search:ASIAI0B)
Imported 'GUID: 9899a41038dc3954a9a5d802ef6ee182' -> (Import Result ID: 'bfd70b1d1446c511af05e8ca7dd8ea6e') in 0.008 seconds [static and dynamic dependencies]. Details - ImportResultOutputID=c1512607598522b5aa07f9394faca1f3 DependenciesID=eb0f0f37a94af8feefe9510cbf03a381 StaticDependenciesID=e935a49bceeb100695035a0fe4b35edf 
Number of updated asset objects reloaded before import = 0
Number of asset objects unloaded after import = 0
========================================================================
Received Import Request.
  Time of request: 2026-08-22T02:54:39.640784Z
  Time since last request: 0.0005803 seconds.
  importAddress: GUID: 3fc1d215954974240928b390996c4362 - Path: Packages/com.unity.render-pipelines.universal/Tests/Editor/SupportedOnRendererAttributeTests.cs - Importer: ScriptedImporter/UnityEditor.QuickSearchModule:UnityEditor.Search:ASIAI0B
Importing 'GUID: 3fc1d215954974240928b390996c4362 - Path: Packages/com.unity.render-pipelines.universal/Tests/Editor/SupportedOnRendererAttributeTests.cs - Importer: ScriptedImporter/UnityEditor.QuickSearchModule:UnityEditor.Search:ASIAI0B' with importer (ScriptedImporter : UnityEditor.QuickSearchModule:UnityEditor.Search:ASIAI0B)
Imported 'GUID: 3fc1d215954974240928b390996c4362' -> (Import Result ID: '0efdaca77a4ea7291387421cee8f6dc4') in 0.007 seconds [static and dynamic dependencies]. Details - ImportResultOutputID=84e9251e2793036018d7590ca37f5211 DependenciesID=1295a68a71fd0575be5db91ff0c988bd StaticDependenciesID=745e8c6ce65acfdd75840e1eb3d5341d 
Number of updated asset objects reloaded before import = 0
Number of asset objects unloaded after import = 0
========================================================================
Received Import Request.
  Time of request: 2026-08-22T02:54:39.6703606Z
  Time since last request: 0.0004607 seconds.
  importAddress: GUID: 7c198b1ecf647d44bb399198e12d2bfa - Path: Packages/com.unity.render-pipelines.universal/Editor/2D/Converter/BuiltInToURP2DShaderConverter.cs - Importer: ScriptedImporter/UnityEditor.QuickSearchModule:UnityEditor.Search:ASIAI0B
Importing 'GUID: 7c198b1ecf647d44bb399198e12d2bfa - Path: Packages/com.unity.render-pipelines.universal/Editor/2D/Converter/BuiltInToURP2DShaderConverter.cs - Importer: ScriptedImporter/UnityEditor.QuickSearchModule:UnityEditor.Search:ASIAI0B' with importer (ScriptedImporter : UnityEditor.QuickSearchModule:UnityEditor.Search:ASIAI0B)
Imported 'GUID: 7c198b1ecf647d44bb399198e12d2bfa' -> (Import Result ID: '02247820240a75aa6d2335de14f00253') in 0.008 seconds [static and dynamic dependencies]. Details - ImportResultOutputID=dcab2f40b1db2db92e9e26d669531a8b DependenciesID=35237de316b89c177b0a7da2999c672d StaticDependenciesID=1af0ef67713bb0a66f49ab42cf163781 
Number of updated asset objects reloaded before import = 0
Number of asset objects unloaded after import = 0
========================================================================
Received Import Request.
  Time of request: 2026-08-22T02:54:39.7030075Z
  Time since last request: 0.0009131 seconds.
  importAddress: GUID: 754a67c6d4788447895a4349508b2f37 - Path: Packages/com.unity.render-pipelines.universal/Editor/2D/LightBatchingDebugger/LayerBatch.uxml - Importer: ScriptedImporter/UnityEditor.QuickSearchModule:UnityEditor.Search:ASIAI0B
Importing 'GUID: 754a67c6d4788447895a4349508b2f37 - Path: Packages/com.unity.render-pipelines.universal/Editor/2D/LightBatchingDebugger/LayerBatch.uxml - Importer: ScriptedImporter/UnityEditor.QuickSearchModule:UnityEditor.Search:ASIAI0B' with importer (ScriptedImporter : UnityEditor.QuickSearchModule:UnityEditor.Search:ASIAI0B)
Imported 'GUID: 754a67c6d4788447895a4349508b2f37' -> (Import Result ID: 'beea2c79fa6e0210786c761eec238027') in 0.027 seconds [static and dynamic dependencies]. Details - ImportResultOutputID=42b72343ed9f5a94c1ab4d5fcacaadd2 DependenciesID=a87cdecb891362affe6ecd7107b56d2e StaticDependenciesID=d970e978c3d2929352b89722fc5201d1 
Number of updated asset objects reloaded before import = 0
Number of asset objects unloaded after import = 3
========================================================================
Received Import Request.
  Time of request: 2026-08-22T02:54:39.7597158Z
  Time since last request: 0.0005282 seconds.
  importAddress: GUID: 5baecaac191c29b4588b13e6c63bc1b0 - Path: Packages/com.unity.render-pipelines.universal/Editor/2D/Converter/URP3DToURP2DReadonlyMaterialConverter.cs - Importer: ScriptedImporter/UnityEditor.QuickSearchModule:UnityEditor.Search:ASIAI0B
Importing 'GUID: 5baecaac191c29b4588b13e6c63bc1b0 - Path: Packages/com.unity.render-pipelines.universal/Editor/2D/Converter/URP3DToURP2DReadonlyMaterialConverter.cs - Importer: ScriptedImporter/UnityEditor.QuickSearchModule:UnityEditor.Search:ASIAI0B' with importer (ScriptedImporter : UnityEditor.QuickSearchModule:UnityEditor.Search:ASIAI0B)
Imported 'GUID: 5baecaac191c29b4588b13e6c63bc1b0' -> (Import Result ID: '61b620108e678676cecae87f5b57b744') in 0.007 seconds [static and dynamic dependencies]. Details - ImportResultOutputID=837a5996774cb8d4ff67812e939ad20d DependenciesID=997780505d30ff2bd358e9c68fad2bb3 StaticDependenciesID=e51c2e3f833a7fd5843e2d8940641b7d 
Number of updated asset objects reloaded before import = 0
Number of asset objects unloaded after import = 0
========================================================================
Received Import Request.
  Time of request: 2026-08-22T02:54:39.7939233Z
  Time since last request: 0.0007016 seconds.
  importAddress: GUID: 06094ba9171a2b2449746e516915ac1e - Path: Packages/com.unity.render-pipelines.universal/Editor/2D/Converter/BuiltInToURP2DReadonlyMaterialConverter.cs - Importer: ScriptedImporter/UnityEditor.QuickSearchModule:UnityEditor.Search:ASIAI0B
Importing 'GUID: 06094ba9171a2b2449746e516915ac1e - Path: Packages/com.unity.render-pipelines.universal/Editor/2D/Converter/BuiltInToURP2DReadonlyMaterialConverter.cs - Importer: ScriptedImporter/UnityEditor.QuickSearchModule:UnityEditor.Search:ASIAI0B' with importer (ScriptedImporter : UnityEditor.QuickSearchModule:UnityEditor.Search:ASIAI0B)
Imported 'GUID: 06094ba9171a2b2449746e516915ac1e' -> (Import Result ID: 'ffb498d8e946e92feeab45220f34b9ee') in 0.007 seconds [static and dynamic dependencies]. Details - ImportResultOutputID=047bab2cae62b43cc3ea6fd57f8a0f25 DependenciesID=41dd965ed6580a7a0fbd3debb18e1f0f StaticDependenciesID=1b859bc84f296db4e7bc187d96207f61 
Number of updated asset objects reloaded before import = 0
Number of asset objects unloaded after import = 0
========================================================================
Received Import Request.
  Time of request: 2026-08-22T02:54:39.8583998Z
  Time since last request: 0.0307746 seconds.
  importAddress: GUID: a58fea03b14b2be4295b11f21a57a6f7 - Path: Packages/com.unity.render-pipelines.universal/Editor/2D/Resources/LightCapUp.png - Importer: ScriptedImporter/UnityEditor.QuickSearchModule:UnityEditor.Search:ASIAI0B
Importing 'GUID: a58fea03b14b2be4295b11f21a57a6f7 - Path: Packages/com.unity.render-pipelines.universal/Editor/2D/Resources/LightCapUp.png - Importer: ScriptedImporter/UnityEditor.QuickSearchModule:UnityEditor.Search:ASIAI0B' with importer (ScriptedImporter : UnityEditor.QuickSearchModule:UnityEditor.Search:ASIAI0B)
Imported 'GUID: a58fea03b14b2be4295b11f21a57a6f7' -> (Import Result ID: '34841310e45cc5c2dcf9f4b28a300b2f') in 0.013 seconds [static and dynamic dependencies]. Details - ImportResultOutputID=cf59bb402ef29be542e6e5e58d448ee3 DependenciesID=3d94bc955365713a5109dc1ed72a510a StaticDependenciesID=6b77cf5c7e7c457b517b2f8d1bc4191e 
Number of updated asset objects reloaded before import = 0
Number of asset objects unloaded after import = 1
========================================================================
Received Import Request.
  Time of request: 2026-08-22T02:54:39.889005Z
  Time since last request: 0.0005217 seconds.
  importAddress: GUID: 6120e053fa5537949a54c661e2a57a39 - Path: Packages/com.unity.render-pipelines.universal/Editor/ShaderGraph/AssetCallbacks/CreateUnlitShaderGraph.cs - Importer: ScriptedImporter/UnityEditor.QuickSearchModule:UnityEditor.Search:ASIAI0B
Importing 'GUID: 6120e053fa5537949a54c661e2a57a39 - Path: Packages/com.unity.render-pipelines.universal/Editor/ShaderGraph/AssetCallbacks/CreateUnlitShaderGraph.cs - Importer: ScriptedImporter/UnityEditor.QuickSearchModule:UnityEditor.Search:ASIAI0B' with importer (ScriptedImporter : UnityEditor.QuickSearchModule:UnityEditor.Search:ASIAI0B)
Imported 'GUID: 6120e053fa5537949a54c661e2a57a39' -> (Import Result ID: 'ace040990f78ca3c7b960090b6637b4e') in 0.006 seconds [static and dynamic dependencies]. Details - ImportResultOutputID=cb6754960b945b83b8dea4fc154f7e62 DependenciesID=94ffc5d25de3cbdef8ba29eab5b53f49 StaticDependenciesID=de6bb6897b1f08735f53121608545083 
Number of updated asset objects reloaded before import = 0
Number of asset objects unloaded after import = 0
========================================================================
Received Import Request.
  Time of request: 2026-08-22T02:54:39.9166384Z
  Time since last request: 0.0013698 seconds.
  importAddress: GUID: 4f183ca0bce4b844b8b2b26d1a18159c - Path: Packages/com.unity.render-pipelines.universal/Editor/ShaderGraph/Includes/UITKPass.hlsl - Importer: ScriptedImporter/UnityEditor.QuickSearchModule:UnityEditor.Search:ASIAI0B
Importing 'GUID: 4f183ca0bce4b844b8b2b26d1a18159c - Path: Packages/com.unity.render-pipelines.universal/Editor/ShaderGraph/Includes/UITKPass.hlsl - Importer: ScriptedImporter/UnityEditor.QuickSearchModule:UnityEditor.Search:ASIAI0B' with importer (ScriptedImporter : UnityEditor.QuickSearchModule:UnityEditor.Search:ASIAI0B)
Imported 'GUID: 4f183ca0bce4b844b8b2b26d1a18159c' -> (Import Result ID: '217df49aaf87b81d3195060c08e7b99e') in 0.015 seconds [static and dynamic dependencies]. Details - ImportResultOutputID=27fe6415740bae8b689284d6635066ca DependenciesID=d9383db842943fb0a3a61e09850e1558 StaticDependenciesID=20252d47c5238ff9c1eda3d00be61136 
Number of updated asset objects reloaded before import = 0
Number of asset objects unloaded after import = 1
========================================================================
Received Import Request.
  Time of request: 2026-08-22T02:54:39.9529288Z
  Time since last request: 0.0006205 seconds.
  importAddress: GUID: 0618e9bb046736646afe2346a3813db4 - Path: Packages/com.unity.render-pipelines.universal/Editor/ShaderGraph/Includes/CanvasPass.hlsl - Importer: ScriptedImporter/UnityEditor.QuickSearchModule:UnityEditor.Search:ASIAI0B
Importing 'GUID: 0618e9bb046736646afe2346a3813db4 - Path: Packages/com.unity.render-pipelines.universal/Editor/ShaderGraph/Includes/CanvasPass.hlsl - Importer: ScriptedImporter/UnityEditor.QuickSearchModule:UnityEditor.Search:ASIAI0B' with importer (ScriptedImporter : UnityEditor.QuickSearchModule:UnityEditor.Search:ASIAI0B)
Imported 'GUID: 0618e9bb046736646afe2346a3813db4' -> (Import Result ID: '551d73a307ad7ad961c7b568abe00565') in 0.017 seconds [static and dynamic dependencies]. Details - ImportResultOutputID=66d09fb9e99db21753c3820df65bf651 DependenciesID=136df02f857d25a0b845e6ff7031338e StaticDependenciesID=4d097889821a606e2f8beca701fad44c 
Number of updated asset objects reloaded before import = 0
Number of asset objects unloaded after import = 1
========================================================================
Received Import Request.
  Time of request: 2026-08-22T02:54:39.9937138Z
  Time since last request: 0.0005068 seconds.
  importAddress: GUID: 3beb91c1958c67d47bb580c465e22f29 - Path: Packages/com.unity.render-pipelines.universal/Editor/ShaderGraph/Includes/ShadowCasterPass.hlsl - Importer: ScriptedImporter/UnityEditor.QuickSearchModule:UnityEditor.Search:ASIAI0B
Importing 'GUID: 3beb91c1958c67d47bb580c465e22f29 - Path: Packages/com.unity.render-pipelines.universal/Editor/ShaderGraph/Includes/ShadowCasterPass.hlsl - Importer: ScriptedImporter/UnityEditor.QuickSearchModule:UnityEditor.Search:ASIAI0B' with importer (ScriptedImporter : UnityEditor.QuickSearchModule:UnityEditor.Search:ASIAI0B)
Imported 'GUID: 3beb91c1958c67d47bb580c465e22f29' -> (Import Result ID: 'cb3d5663793973f87415f3fdad84a076') in 0.006 seconds [static and dynamic dependencies]. Details - ImportResultOutputID=35830acc3ddb198ff081a68c99fceb2d DependenciesID=75502ab80f1a3a52bdaa9fffc009a3b1 StaticDependenciesID=067122b9c1d660e9fd422e96dd40efe2 
Number of updated asset objects reloaded before import = 0
Number of asset objects unloaded after import = 1
========================================================================
Received Import Request.
  Time of request: 2026-08-22T02:54:40.0189408Z
  Time since last request: 0.00053 seconds.
  importAddress: GUID: 77cfa04f893eb8745b6a454a3d51b43c - Path: Packages/com.unity.render-pipelines.universal/Editor/Overrides/Shaders/TrackballEditor.shader - Importer: ScriptedImporter/UnityEditor.QuickSearchModule:UnityEditor.Search:ASIAI0B
Importing 'GUID: 77cfa04f893eb8745b6a454a3d51b43c - Path: Packages/com.unity.render-pipelines.universal/Editor/Overrides/Shaders/TrackballEditor.shader - Importer: ScriptedImporter/UnityEditor.QuickSearchModule:UnityEditor.Search:ASIAI0B' with importer (ScriptedImporter : UnityEditor.QuickSearchModule:UnityEditor.Search:ASIAI0B)
Imported 'GUID: 77cfa04f893eb8745b6a454a3d51b43c' -> (Import Result ID: '2caea5ae9cc6b0922f62c269c3f41272') in 0.007 seconds [static and dynamic dependencies]. Details - ImportResultOutputID=d4c9eac7facf178c3b69acfe9b6367e4 DependenciesID=914cb531e17ea6277b4cd0e2311789a0 StaticDependenciesID=c34308a16cedfb3ec53ed02b6d26789a 
Number of updated asset objects reloaded before import = 0
Number of asset objects unloaded after import = 1
========================================================================
Received Import Request.
  Time of request: 2026-08-22T02:54:40.0481968Z
  Time since last request: 0.0007371 seconds.
  importAddress: GUID: ea5e0c2b753f4b5287a5a23f0e61407e - Path: Packages/com.unity.render-pipelines.universal/Editor/ShaderGraph/Includes/SixWayForwardPass.hlsl - Importer: ScriptedImporter/UnityEditor.QuickSearchModule:UnityEditor.Search:ASIAI0B
Importing 'GUID: ea5e0c2b753f4b5287a5a23f0e61407e - Path: Packages/com.unity.render-pipelines.universal/Editor/ShaderGraph/Includes/SixWayForwardPass.hlsl - Importer: ScriptedImporter/UnityEditor.QuickSearchModule:UnityEditor.Search:ASIAI0B' with importer (ScriptedImporter : UnityEditor.QuickSearchModule:UnityEditor.Search:ASIAI0B)
Imported 'GUID: ea5e0c2b753f4b5287a5a23f0e61407e' -> (Import Result ID: 'ea7f4a01ee98f1df3c6d6201e67155ba') in 0.021 seconds [static and dynamic dependencies]. Details - ImportResultOutputID=c864bdf77117da5ba987d999a69bc9f2 DependenciesID=fa30907683fd210ca6c1cc2defcd3ef3 StaticDependenciesID=1da0929abe9582e651b560c0e604fad7 
Number of updated asset objects reloaded before import = 0
Number of asset objects unloaded after import = 1
========================================================================
Received Import Request.
  Time of request: 2026-08-22T02:54:40.0920018Z
  Time since last request: 0.0006159 seconds.
  importAddress: GUID: afa2d039a61b9a44ab0eb7f1c138af34 - Path: Packages/com.unity.render-pipelines.universal/Editor/SceneTemplates/Indoors/GlobalVolumeProfile.asset - Importer: ScriptedImporter/UnityEditor.QuickSearchModule:UnityEditor.Search:ASIAI0B
Importing 'GUID: afa2d039a61b9a44ab0eb7f1c138af34 - Path: Packages/com.unity.render-pipelines.universal/Editor/SceneTemplates/Indoors/GlobalVolumeProfile.asset - Importer: ScriptedImporter/UnityEditor.QuickSearchModule:UnityEditor.Search:ASIAI0B' with importer (ScriptedImporter : UnityEditor.QuickSearchModule:UnityEditor.Search:ASIAI0B)
Imported 'GUID: afa2d039a61b9a44ab0eb7f1c138af34' -> (Import Result ID: 'd5684b088d2d21b1082c87ce86ad6c46') in 0.028 seconds [static and dynamic dependencies]. Details - ImportResultOutputID=26e8b974fbce2be408e17a3dfbd42d60 DependenciesID=b58dcb0e3935ba0871f52e3a83d47208 StaticDependenciesID=625bf35aa9317ad0ffbf81dca294c5cf 
Number of updated asset objects reloaded before import = 0
Number of asset objects unloaded after import = 6
========================================================================
Received Import Request.
  Time of request: 2026-08-22T02:54:40.1447249Z
  Time since last request: 0.0005468 seconds.
  importAddress: GUID: 4f1ef37ae953c484bbc5d5e4049147e5 - Path: Packages/com.unity.render-pipelines.universal/Editor/SceneTemplates/Materials/Black.mat - Importer: ScriptedImporter/UnityEditor.QuickSearchModule:UnityEditor.Search:ASIAI0B
Importing 'GUID: 4f1ef37ae953c484bbc5d5e4049147e5 - Path: Packages/com.unity.render-pipelines.universal/Editor/SceneTemplates/Materials/Black.mat - Importer: ScriptedImporter/UnityEditor.QuickSearchModule:UnityEditor.Search:ASIAI0B' with importer (ScriptedImporter : UnityEditor.QuickSearchModule:UnityEditor.Search:ASIAI0B)
Imported 'GUID: 4f1ef37ae953c484bbc5d5e4049147e5' -> (Import Result ID: '2c1468528c19ec0df2a40eb797fe598e') in 0.013 seconds [static and dynamic dependencies]. Details - ImportResultOutputID=de3b4ef65db40a273b0a463bb3ea680a DependenciesID=e9750c37859367acf8dccbadf2d25288 StaticDependenciesID=29d0bdcb0dd4920c9097005d555c22a2 
Number of updated asset objects reloaded before import = 0
Number of asset objects unloaded after import = 2
========================================================================
Received Import Request.
  Time of request: 2026-08-22T02:54:40.181499Z
  Time since last request: 0.0005548 seconds.
  importAddress: GUID: 7cba34d70552e144586a4d3ce4a33de5 - Path: Packages/com.unity.render-pipelines.universal/Editor/2D/Resources/PixelPerfectCamera.png - Importer: ScriptedImporter/UnityEditor.QuickSearchModule:UnityEditor.Search:ASIAI0B
Importing 'GUID: 7cba34d70552e144586a4d3ce4a33de5 - Path: Packages/com.unity.render-pipelines.universal/Editor/2D/Resources/PixelPerfectCamera.png - Importer: ScriptedImporter/UnityEditor.QuickSearchModule:UnityEditor.Search:ASIAI0B' with importer (ScriptedImporter : UnityEditor.QuickSearchModule:UnityEditor.Search:ASIAI0B)
Imported 'GUID: 7cba34d70552e144586a4d3ce4a33de5' -> (Import Result ID: 'cb7638f95891dd85c95d680ad63165b4') in 0.009 seconds [static and dynamic dependencies]. Details - ImportResultOutputID=cbfc2f6fe455dc2e13a435401dc4151c DependenciesID=6e75ece1cd31e8a783473c8f383530ae StaticDependenciesID=9ffa79c92f0a1b3a617d2a709b202fa9 
Number of updated asset objects reloaded before import = 0
Number of asset objects unloaded after import = 1
========================================================================
Received Import Request.
  Time of request: 2026-08-22T02:54:40.2135653Z
  Time since last request: 0.0005602 seconds.
  importAddress: GUID: 7b0974d577112814b864532434d162a7 - Path: Packages/com.unity.render-pipelines.universal/Editor/ShaderGraph/Includes/DecalMeshBiasTypeEnum.cs - Importer: ScriptedImporter/UnityEditor.QuickSearchModule:UnityEditor.Search:ASIAI0B
Importing 'GUID: 7b0974d577112814b864532434d162a7 - Path: Packages/com.unity.render-pipelines.universal/Editor/ShaderGraph/Includes/DecalMeshBiasTypeEnum.cs - Importer: ScriptedImporter/UnityEditor.QuickSearchModule:UnityEditor.Search:ASIAI0B' with importer (ScriptedImporter : UnityEditor.QuickSearchModule:UnityEditor.Search:ASIAI0B)
Imported 'GUID: 7b0974d577112814b864532434d162a7' -> (Import Result ID: '666b340e4cf242e07f8df7f12d17388a') in 0.007 seconds [static and dynamic dependencies]. Details - ImportResultOutputID=71c0ab6acdb61f24a3f583b19ce7a008 DependenciesID=eba3c6b07767e13569d7be754ed1312f StaticDependenciesID=83c2b365d21629e5716febc04ae1722b 
Number of updated asset objects reloaded before import = 0
Number of asset objects unloaded after import = 0
========================================================================
Received Import Request.
  Time of request: 2026-08-22T02:54:40.2437387Z
  Time since last request: 0.0008095 seconds.
  importAddress: GUID: edb0ac362a4849488bbf53e05e67bb8a - Path: Packages/com.unity.render-pipelines.universal/Editor/ShaderGraph/AssetCallbacks/CreateSixWayShaderGraph.cs - Importer: ScriptedImporter/UnityEditor.QuickSearchModule:UnityEditor.Search:ASIAI0B
Importing 'GUID: edb0ac362a4849488bbf53e05e67bb8a - Path: Packages/com.unity.render-pipelines.universal/Editor/ShaderGraph/AssetCallbacks/CreateSixWayShaderGraph.cs - Importer: ScriptedImporter/UnityEditor.QuickSearchModule:UnityEditor.Search:ASIAI0B' with importer (ScriptedImporter : UnityEditor.QuickSearchModule:UnityEditor.Search:ASIAI0B)
Imported 'GUID: edb0ac362a4849488bbf53e05e67bb8a' -> (Import Result ID: 'ff08570de7e436f66f1da0b2b1e2bb90') in 0.008 seconds [static and dynamic dependencies]. Details - ImportResultOutputID=aa070e7232ab7b3589593ccd975af28d DependenciesID=10c7778d395b29c4a33e0503e5e230c5 StaticDependenciesID=6876e2194927bbbda2aab36806b70dbf 
Number of updated asset objects reloaded before import = 0
Number of asset objects unloaded after import = 0
========================================================================
Received Import Request.
  Time of request: 2026-08-22T02:54:40.2735572Z
  Time since last request: 0.0006267 seconds.
  importAddress: GUID: 3d3db9f7026a8344cbbc2353827bbbc0 - Path: Packages/com.unity.render-pipelines.universal/Editor/ShaderGraph/GraphTemplates/UITKFullTemplate.png - Importer: ScriptedImporter/UnityEditor.QuickSearchModule:UnityEditor.Search:ASIAI0B
Importing 'GUID: 3d3db9f7026a8344cbbc2353827bbbc0 - Path: Packages/com.unity.render-pipelines.universal/Editor/ShaderGraph/GraphTemplates/UITKFullTemplate.png - Importer: ScriptedImporter/UnityEditor.QuickSearchModule:UnityEditor.Search:ASIAI0B' with importer (ScriptedImporter : UnityEditor.QuickSearchModule:UnityEditor.Search:ASIAI0B)
Imported 'GUID: 3d3db9f7026a8344cbbc2353827bbbc0' -> (Import Result ID: '2aa07fef121cc5dcc499e1791e43b5df') in 0.044 seconds [static and dynamic dependencies]. Details - ImportResultOutputID=e31d071026075a62ae0ce77857c2008b DependenciesID=da45b889e1c056c2b5acde050aa1dcda StaticDependenciesID=3ee111942e4bb630d917a3636a59ab5f 
Number of updated asset objects reloaded before import = 0
Number of asset objects unloaded after import = 1
========================================================================
Received Import Request.
  Time of request: 2026-08-22T02:54:40.3410789Z
  Time since last request: 0.0005031 seconds.
  importAddress: GUID: ba78d2682f9fed14fb0827a24fb5a1f0 - Path: Packages/com.unity.render-pipelines.universal/Editor/ShaderGraph/Includes/ShaderPass.hlsl - Importer: ScriptedImporter/UnityEditor.QuickSearchModule:UnityEditor.Search:ASIAI0B
Importing 'GUID: ba78d2682f9fed14fb0827a24fb5a1f0 - Path: Packages/com.unity.render-pipelines.universal/Editor/ShaderGraph/Includes/ShaderPass.hlsl - Importer: ScriptedImporter/UnityEditor.QuickSearchModule:UnityEditor.Search:ASIAI0B' with importer (ScriptedImporter : UnityEditor.QuickSearchModule:UnityEditor.Search:ASIAI0B)
Imported 'GUID: ba78d2682f9fed14fb0827a24fb5a1f0' -> (Import Result ID: '560f43906515002fd026a433cfa3117f') in 0.020 seconds [static and dynamic dependencies]. Details - ImportResultOutputID=be3deca5bc700ce8e28fdbd8a7ef3f45 DependenciesID=af7a382a1222809dd8692add14c39724 StaticDependenciesID=ce574a98fcbf0df25e1fc6ecdcb7ac4f 
Number of updated asset objects reloaded before import = 0
Number of asset objects unloaded after import = 1
========================================================================
Received Import Request.
  Time of request: 2026-08-22T02:54:40.3836963Z
  Time since last request: 0.001502 seconds.
  importAddress: GUID: 5e9976b2da5c9bf42b66c3cc55397aae - Path: Packages/com.unity.render-pipelines.universal/Editor/BuildProcessors/GraphicsSettingsStrippers/OnTilePostProcessStripper.cs - Importer: ScriptedImporter/UnityEditor.QuickSearchModule:UnityEditor.Search:ASIAI0B
Importing 'GUID: 5e9976b2da5c9bf42b66c3cc55397aae - Path: Packages/com.unity.render-pipelines.universal/Editor/BuildProcessors/GraphicsSettingsStrippers/OnTilePostProcessStripper.cs - Importer: ScriptedImporter/UnityEditor.QuickSearchModule:UnityEditor.Search:ASIAI0B' with importer (ScriptedImporter : UnityEditor.QuickSearchModule:UnityEditor.Search:ASIAI0B)
Imported 'GUID: 5e9976b2da5c9bf42b66c3cc55397aae' -> (Import Result ID: '4f41a4f769ec7cdf171fc7dde8670019') in 0.014 seconds [static and dynamic dependencies]. Details - ImportResultOutputID=b3f1314969720076fc176623715cb6b4 DependenciesID=ebbce646be27d24b163d02534db057c1 StaticDependenciesID=0db6c74218f4dfc3bf50121fbf57531e 
Number of updated asset objects reloaded before import = 0
Number of asset objects unloaded after import = 0
========================================================================
Received Import Request.
  Time of request: 2026-08-22T02:54:40.4304922Z
  Time since last request: 0.0000379 seconds.
  importAddress: GUID: 6f5f3e944558b294093fde8026e4d36e - Path: Packages/com.unity.render-pipelines.universal/Editor/SceneTemplates/Indoors/Indoors Baking Set.asset - Importer: ScriptedImporter/UnityEditor.QuickSearchModule:UnityEditor.Search:ASIAI0B
Importing 'GUID: 6f5f3e944558b294093fde8026e4d36e - Path: Packages/com.unity.render-pipelines.universal/Editor/SceneTemplates/Indoors/Indoors Baking Set.asset - Importer: ScriptedImporter/UnityEditor.QuickSearchModule:UnityEditor.Search:ASIAI0B' with importer (ScriptedImporter : UnityEditor.QuickSearchModule:UnityEditor.Search:ASIAI0B)
Imported 'GUID: 6f5f3e944558b294093fde8026e4d36e' -> (Import Result ID: 'c338f9a13e05e8ef0b66c66e6ff737ef') in 0.074 seconds [static and dynamic dependencies]. Details - ImportResultOutputID=f58adcd5e878410e4eb86b8695aff7a5 DependenciesID=7a159e6b724a0835f9d66ef950b8bc37 StaticDependenciesID=d9f4de58bdbb0b88a77438da5e0f84c5 
Number of updated asset objects reloaded before import = 0
Number of asset objects unloaded after import = 1
========================================================================
Received Import Request.
  Time of request: 2026-08-22T02:54:40.5471963Z
  Time since last request: 0.00057 seconds.
  importAddress: GUID: 95e15a77195eb574ab82aaac18b1c796 - Path: Packages/com.unity.render-pipelines.universal/Editor/Overrides/Shaders/ShadowsMidtonesHighlightsCurves.shader - Importer: ScriptedImporter/UnityEditor.QuickSearchModule:UnityEditor.Search:ASIAI0B
Importing 'GUID: 95e15a77195eb574ab82aaac18b1c796 - Path: Packages/com.unity.render-pipelines.universal/Editor/Overrides/Shaders/ShadowsMidtonesHighlightsCurves.shader - Importer: ScriptedImporter/UnityEditor.QuickSearchModule:UnityEditor.Search:ASIAI0B' with importer (ScriptedImporter : UnityEditor.QuickSearchModule:UnityEditor.Search:ASIAI0B)
Imported 'GUID: 95e15a77195eb574ab82aaac18b1c796' -> (Import Result ID: 'fad1811084584c5da2813cd10261963c') in 0.011 seconds [static and dynamic dependencies]. Details - ImportResultOutputID=8496ad574209f3f4433a158bf9bd9e64 DependenciesID=2be3bdefd5162b8ac96c4b44411f53ee StaticDependenciesID=cd400951b625225207220e01c388b7f6 
Number of updated asset objects reloaded before import = 0
Number of asset objects unloaded after import = 1
========================================================================
Received Import Request.
  Time of request: 2026-08-22T02:54:40.5843391Z
  Time since last request: 0.0006826 seconds.
  importAddress: GUID: 0d6c3a273fdfa794ea11d8bf9a531114 - Path: Packages/com.unity.render-pipelines.universal/Editor/2D/Shadows/ShadowCaster2DShapeTool.cs - Importer: ScriptedImporter/UnityEditor.QuickSearchModule:UnityEditor.Search:ASIAI0B
Importing 'GUID: 0d6c3a273fdfa794ea11d8bf9a531114 - Path: Packages/com.unity.render-pipelines.universal/Editor/2D/Shadows/ShadowCaster2DShapeTool.cs - Importer: ScriptedImporter/UnityEditor.QuickSearchModule:UnityEditor.Search:ASIAI0B' with importer (ScriptedImporter : UnityEditor.QuickSearchModule:UnityEditor.Search:ASIAI0B)
Imported 'GUID: 0d6c3a273fdfa794ea11d8bf9a531114' -> (Import Result ID: '8e793a4c312a39a86e8e85f798eb474b') in 0.009 seconds [static and dynamic dependencies]. Details - ImportResultOutputID=00953b81fd61a176ad7a5fb4dcb4ecd5 DependenciesID=3daaa395f04fde765df451a6efd860da StaticDependenciesID=193dd37fd4dfe0fe93b50de6611dd974 
Number of updated asset objects reloaded before import = 0
Number of asset objects unloaded after import = 0
========================================================================
Received Import Request.
  Time of request: 2026-08-22T02:54:40.6199428Z
  Time since last request: 0.0007818 seconds.
  importAddress: GUID: fb4cc07de95d2c14bbd0d0a735e84eb0 - Path: Packages/com.unity.render-pipelines.universal/Editor/ShaderGraph/AssetCallbacks/CreateTerrainShaderGraph.cs - Importer: ScriptedImporter/UnityEditor.QuickSearchModule:UnityEditor.Search:ASIAI0B
Importing 'GUID: fb4cc07de95d2c14bbd0d0a735e84eb0 - Path: Packages/com.unity.render-pipelines.universal/Editor/ShaderGraph/AssetCallbacks/CreateTerrainShaderGraph.cs - Importer: ScriptedImporter/UnityEditor.QuickSearchModule:UnityEditor.Search:ASIAI0B' with importer (ScriptedImporter : UnityEditor.QuickSearchModule:UnityEditor.Search:ASIAI0B)
Imported 'GUID: fb4cc07de95d2c14bbd0d0a735e84eb0' -> (Import Result ID: '4d3bf00db863af6830956f4272b75b64') in 0.010 seconds [static and dynamic dependencies]. Details - ImportResultOutputID=d9d8afe7ecb481408f519dac66097382 DependenciesID=e7a98767c32697b3c374c7262ea3abe7 StaticDependenciesID=74224beab9294c8cbe20fe82f98dcda7 
Number of updated asset objects reloaded before import = 0
Number of asset objects unloaded after import = 0
========================================================================
Received Import Request.
  Time of request: 2026-08-22T02:54:40.6545213Z
  Time since last request: 0.001133 seconds.
  importAddress: GUID: 96356c82da2c2c54c8829d0ed7497562 - Path: Packages/com.unity.render-pipelines.universal/Editor/Settings/PropertyDrawers/URPShaderStrippingSettingsPropertyDrawer.cs - Importer: ScriptedImporter/UnityEditor.QuickSearchModule:UnityEditor.Search:ASIAI0B
Importing 'GUID: 96356c82da2c2c54c8829d0ed7497562 - Path: Packages/com.unity.render-pipelines.universal/Editor/Settings/PropertyDrawers/URPShaderStrippingSettingsPropertyDrawer.cs - Importer: ScriptedImporter/UnityEditor.QuickSearchModule:UnityEditor.Search:ASIAI0B' with importer (ScriptedImporter : UnityEditor.QuickSearchModule:UnityEditor.Search:ASIAI0B)
Imported 'GUID: 96356c82da2c2c54c8829d0ed7497562' -> (Import Result ID: 'c68c62ceef98305f02aae3b23de8159c') in 0.009 seconds [static and dynamic dependencies]. Details - ImportResultOutputID=24b1f37ea554365323263fc93a204140 DependenciesID=bec8683d080e359594309c1440af0ea2 StaticDependenciesID=ff09c75dc6693474888f8da8d774f756 
Number of updated asset objects reloaded before import = 0
Number of asset objects unloaded after import = 0
========================================================================
Received Import Request.
  Time of request: 2026-08-22T02:54:40.691401Z
  Time since last request: 0.0007659 seconds.
  importAddress: GUID: aab9add076be9364aaee067b3c0e3910 - Path: Packages/com.unity.render-pipelines.universal/Editor/ShaderGraph/AssetCallbacks/CreateLitShaderGraph.cs - Importer: ScriptedImporter/UnityEditor.QuickSearchModule:UnityEditor.Search:ASIAI0B
Importing 'GUID: aab9add076be9364aaee067b3c0e3910 - Path: Packages/com.unity.render-pipelines.universal/Editor/ShaderGraph/AssetCallbacks/CreateLitShaderGraph.cs - Importer: ScriptedImporter/UnityEditor.QuickSearchModule:UnityEditor.Search:ASIAI0B' with importer (ScriptedImporter : UnityEditor.QuickSearchModule:UnityEditor.Search:ASIAI0B)
Imported 'GUID: aab9add076be9364aaee067b3c0e3910' -> (Import Result ID: '0cb0b06d4e15dc45660ec4cf9877d6c4') in 0.009 seconds [static and dynamic dependencies]. Details - ImportResultOutputID=4b435d3b800ac93f38507f08b1ed2715 DependenciesID=c572af9ce197d57cbf7e786d254d7557 StaticDependenciesID=13a03979d81eb169023e90d09b8fe880 
Number of updated asset objects reloaded before import = 0
Number of asset objects unloaded after import = 0
========================================================================
Received Import Request.
  Time of request: 2026-08-22T02:54:40.7232583Z
  Time since last request: 0.0009789 seconds.
  importAddress: GUID: 9ebb19659794b47c59986fcc45692a0d - Path: Packages/com.unity.render-pipelines.universal/Editor/ShaderGraph/Includes/DepthNormalsOnlyPass.hlsl - Importer: ScriptedImporter/UnityEditor.QuickSearchModule:UnityEditor.Search:ASIAI0B
Importing 'GUID: 9ebb19659794b47c59986fcc45692a0d - Path: Packages/com.unity.render-pipelines.universal/Editor/ShaderGraph/Includes/DepthNormalsOnlyPass.hlsl - Importer: ScriptedImporter/UnityEditor.QuickSearchModule:UnityEditor.Search:ASIAI0B' with importer (ScriptedImporter : UnityEditor.QuickSearchModule:UnityEditor.Search:ASIAI0B)
Imported 'GUID: 9ebb19659794b47c59986fcc45692a0d' -> (Import Result ID: '5002e2c63a286a8cf17e15f1751e7142') in 0.018 seconds [static and dynamic dependencies]. Details - ImportResultOutputID=b94d01ec404d1c9da9ffba198cac7e52 DependenciesID=6c79fbe7bbdcbf2074699d262faa5832 StaticDependenciesID=377feac7786d930fb2db9361eed1442a 
Number of updated asset objects reloaded before import = 0
Number of asset objects unloaded after import = 1
========================================================================
Received Import Request.
  Time of request: 2026-08-22T02:54:40.765698Z
  Time since last request: 0.0006485 seconds.
  importAddress: GUID: 9c44f71308994120a70f5c6b28210698 - Path: Packages/com.unity.render-pipelines.universal/Editor/Settings/PropertyDrawers/URPDefaultVolumeProfileSettingsPropertyDrawer.cs - Importer: ScriptedImporter/UnityEditor.QuickSearchModule:UnityEditor.Search:ASIAI0B
Importing 'GUID: 9c44f71308994120a70f5c6b28210698 - Path: Packages/com.unity.render-pipelines.universal/Editor/Settings/PropertyDrawers/URPDefaultVolumeProfileSettingsPropertyDrawer.cs - Importer: ScriptedImporter/UnityEditor.QuickSearchModule:UnityEditor.Search:ASIAI0B' with importer (ScriptedImporter : UnityEditor.QuickSearchModule:UnityEditor.Search:ASIAI0B)
Imported 'GUID: 9c44f71308994120a70f5c6b28210698' -> (Import Result ID: '69d0f7076aa046d25c2b8673db84ace1') in 0.007 seconds [static and dynamic dependencies]. Details - ImportResultOutputID=285032e6ba0f76e7bb20cf322df6e8bf DependenciesID=019be0ea2f3e780def8e4037a38e3e92 StaticDependenciesID=b564b59656c05016c018734815e8a7c6 
Number of updated asset objects reloaded before import = 0
Number of asset objects unloaded after import = 0
========================================================================
Received Import Request.
  Time of request: 2026-08-22T02:54:40.7959199Z
  Time since last request: 0.0004429 seconds.
  importAddress: GUID: 1929d7278217e2044b79817cf49db603 - Path: Packages/com.unity.render-pipelines.universal/Editor/BuildProcessors/GraphicsSettingsStrippers/RendererStripper.cs - Importer: ScriptedImporter/UnityEditor.QuickSearchModule:UnityEditor.Search:ASIAI0B
Importing 'GUID: 1929d7278217e2044b79817cf49db603 - Path: Packages/com.unity.render-pipelines.universal/Editor/BuildProcessors/GraphicsSettingsStrippers/RendererStripper.cs - Importer: ScriptedImporter/UnityEditor.QuickSearchModule:UnityEditor.Search:ASIAI0B' with importer (ScriptedImporter : UnityEditor.QuickSearchModule:UnityEditor.Search:ASIAI0B)
Imported 'GUID: 1929d7278217e2044b79817cf49db603' -> (Import Result ID: '59949c7b877e402699f376d3bee70869') in 0.006 seconds [static and dynamic dependencies]. Details - ImportResultOutputID=75792f87ed385e4b69bf2d12dbdedd87 DependenciesID=b631fafab07066f5e920394ff00d21f0 StaticDependenciesID=9b761fd37391d1a4c770ca7e43621c6a 
Number of updated asset objects reloaded before import = 0
Number of asset objects unloaded after import = 0
========================================================================
Received Import Request.
  Time of request: 2026-08-22T02:54:40.8202634Z
  Time since last request: 0.0005281 seconds.
  importAddress: GUID: bc3def193b270c649b041063a70a1a1f - Path: Packages/com.unity.render-pipelines.universal/Editor/ShaderGraph/GraphTemplates/Terrain Standard 4 Layers URP.shadergraph - Importer: ScriptedImporter/UnityEditor.QuickSearchModule:UnityEditor.Search:ASIAI0B
Importing 'GUID: bc3def193b270c649b041063a70a1a1f - Path: Packages/com.unity.render-pipelines.universal/Editor/ShaderGraph/GraphTemplates/Terrain Standard 4 Layers URP.shadergraph - Importer: ScriptedImporter/UnityEditor.QuickSearchModule:UnityEditor.Search:ASIAI0B' with importer (ScriptedImporter : UnityEditor.QuickSearchModule:UnityEditor.Search:ASIAI0B)
Imported 'GUID: bc3def193b270c649b041063a70a1a1f' -> (Import Result ID: 'f91f8ee136f8708bc7d807d0f810d268') in 0.055 seconds [static and dynamic dependencies]. Details - ImportResultOutputID=4678d42a95ebe4eb37efa96869010de5 DependenciesID=0e0f317dd1ff0756dd5d0e3bc0b686cb StaticDependenciesID=9d2a1c3a7693867ebfb021b613c21c11 
Number of updated asset objects reloaded before import = 0
Number of asset objects unloaded after import = 7
========================================================================
Received Import Request.
  Time of request: 2026-08-22T02:54:40.8933574Z
  Time since last request: 0.0000203 seconds.
  importAddress: GUID: f96821bbefeea864b9b418af4b8615ac - Path: Packages/com.unity.render-pipelines.universal/Editor/SceneTemplates/Materials/White.mat - Importer: ScriptedImporter/UnityEditor.QuickSearchModule:UnityEditor.Search:ASIAI0B
Importing 'GUID: f96821bbefeea864b9b418af4b8615ac - Path: Packages/com.unity.render-pipelines.universal/Editor/SceneTemplates/Materials/White.mat - Importer: ScriptedImporter/UnityEditor.QuickSearchModule:UnityEditor.Search:ASIAI0B' with importer (ScriptedImporter : UnityEditor.QuickSearchModule:UnityEditor.Search:ASIAI0B)
Imported 'GUID: f96821bbefeea864b9b418af4b8615ac' -> (Import Result ID: '467758b9e1b51a8901db4cd909b3c522') in 0.008 seconds [static and dynamic dependencies]. Details - ImportResultOutputID=ed2a547188e6cb53a5c1fbf8af4fad8d DependenciesID=8b6ca30f5f69617fac7e4f34af9dc7e0 StaticDependenciesID=f55569137917a3a2bea577e2b7310f25 
Number of updated asset objects reloaded before import = 0
Number of asset objects unloaded after import = 2
========================================================================
Received Import Request.
  Time of request: 2026-08-22T02:54:40.9231036Z
  Time since last request: 0.0004131 seconds.
  importAddress: GUID: e375ace14cc3b5b448ca85ba2455930c - Path: Packages/com.unity.render-pipelines.universal/Editor/SceneTemplates/Indoors/ReflectionProbe-0.exr - Importer: ScriptedImporter/UnityEditor.QuickSearchModule:UnityEditor.Search:ASIAI0B
Importing 'GUID: e375ace14cc3b5b448ca85ba2455930c - Path: Packages/com.unity.render-pipelines.universal/Editor/SceneTemplates/Indoors/ReflectionProbe-0.exr - Importer: ScriptedImporter/UnityEditor.QuickSearchModule:UnityEditor.Search:ASIAI0B' with importer (ScriptedImporter : UnityEditor.QuickSearchModule:UnityEditor.Search:ASIAI0B)
Imported 'GUID: e375ace14cc3b5b448ca85ba2455930c' -> (Import Result ID: '2ed281ea12dca1125983a072f36e9012') in 0.012 seconds [static and dynamic dependencies]. Details - ImportResultOutputID=f868b8464f8f4c2113abc31e6996d83b DependenciesID=158e9d521ef133e65f65b8fb4ba591a8 StaticDependenciesID=c2f85ddddf14c34a8db3652ec8c2d7ed 
Number of updated asset objects reloaded before import = 0
Number of asset objects unloaded after import = 1
========================================================================
Received Import Request.
  Time of request: 2026-08-22T02:54:40.9543366Z
  Time since last request: 0.0004694 seconds.
  importAddress: GUID: b34b07a45ba63ce47896c9e674f3a7a7 - Path: Packages/com.unity.render-pipelines.universal/Editor/SceneTemplates/Materials/Metal_Black.mat - Importer: ScriptedImporter/UnityEditor.QuickSearchModule:UnityEditor.Search:ASIAI0B
Importing 'GUID: b34b07a45ba63ce47896c9e674f3a7a7 - Path: Packages/com.unity.render-pipelines.universal/Editor/SceneTemplates/Materials/Metal_Black.mat - Importer: ScriptedImporter/UnityEditor.QuickSearchModule:UnityEditor.Search:ASIAI0B' with importer (ScriptedImporter : UnityEditor.QuickSearchModule:UnityEditor.Search:ASIAI0B)
Imported 'GUID: b34b07a45ba63ce47896c9e674f3a7a7' -> (Import Result ID: '4d37c42b8c3c6035920ad511e817d304') in 0.009 seconds [static and dynamic dependencies]. Details - ImportResultOutputID=aaef514b159b843d741b13a051a8e73f DependenciesID=e3df65b57139aa512fbcafdefa59f0e0 StaticDependenciesID=8c14278d763318b8891273da3db00ff1 
Number of updated asset objects reloaded before import = 0
Number of asset objects unloaded after import = 2
========================================================================
Received Import Request.
  Time of request: 2026-08-22T02:54:40.9846438Z
  Time since last request: 0.0004198 seconds.
  importAddress: GUID: bbf92febd37eec24fa8da21f59ace918 - Path: Packages/com.unity.render-pipelines.universal/Editor/SceneTemplates/Standard/LightingData.asset - Importer: ScriptedImporter/UnityEditor.QuickSearchModule:UnityEditor.Search:ASIAI0B
Importing 'GUID: bbf92febd37eec24fa8da21f59ace918 - Path: Packages/com.unity.render-pipelines.universal/Editor/SceneTemplates/Standard/LightingData.asset - Importer: ScriptedImporter/UnityEditor.QuickSearchModule:UnityEditor.Search:ASIAI0B' with importer (ScriptedImporter : UnityEditor.QuickSearchModule:UnityEditor.Search:ASIAI0B)
Imported 'GUID: bbf92febd37eec24fa8da21f59ace918' -> (Import Result ID: 'bffa724923d64d3bf3fd75ba9ba1d964') in 0.008 seconds [static and dynamic dependencies]. Details - ImportResultOutputID=c7bcfa6852b8d3d029a6265ff1ad552a DependenciesID=8b1a1a9e6583345156d7c404906993a6 StaticDependenciesID=d17c82106263f66ce24c0ca626857a6a 
Number of updated asset objects reloaded before import = 0
Number of asset objects unloaded after import = 2
========================================================================
Received Import Request.
  Time of request: 2026-08-22T02:54:41.0141925Z
  Time since last request: 0.0005261 seconds.
  importAddress: GUID: 9ba98ca4f0fc0754caca09e38af0cc0a - Path: Packages/com.unity.render-pipelines.universal/Editor/Decal/Resources/DecalGizmo.png - Importer: ScriptedImporter/UnityEditor.QuickSearchModule:UnityEditor.Search:ASIAI0B
Importing 'GUID: 9ba98ca4f0fc0754caca09e38af0cc0a - Path: Packages/com.unity.render-pipelines.universal/Editor/Decal/Resources/DecalGizmo.png - Importer: ScriptedImporter/UnityEditor.QuickSearchModule:UnityEditor.Search:ASIAI0B' with importer (ScriptedImporter : UnityEditor.QuickSearchModule:UnityEditor.Search:ASIAI0B)
Imported 'GUID: 9ba98ca4f0fc0754caca09e38af0cc0a' -> (Import Result ID: '00c34576279389eee109da40be8cecf1') in 0.023 seconds [static and dynamic dependencies]. Details - ImportResultOutputID=fc59081704bbef2209963fc2accd039d DependenciesID=68de2c5b509e5cba8253278f6b286b8f StaticDependenciesID=5bd7a7f92f06c03a1bbee0f918c19697 
Number of updated asset objects reloaded before import = 0
Number of asset objects unloaded after import = 1
========================================================================
Received Import Request.
  Time of request: 2026-08-22T02:54:41.0575801Z
  Time since last request: 0.0003253 seconds.
  importAddress: GUID: 42c8d975867dbb34299217c9b3a62677 - Path: Packages/com.unity.render-pipelines.universal/Editor/SceneTemplates/Standard/ReflectionProbe-0.exr - Importer: ScriptedImporter/UnityEditor.QuickSearchModule:UnityEditor.Search:ASIAI0B
Importing 'GUID: 42c8d975867dbb34299217c9b3a62677 - Path: Packages/com.unity.render-pipelines.universal/Editor/SceneTemplates/Standard/ReflectionProbe-0.exr - Importer: ScriptedImporter/UnityEditor.QuickSearchModule:UnityEditor.Search:ASIAI0B' with importer (ScriptedImporter : UnityEditor.QuickSearchModule:UnityEditor.Search:ASIAI0B)
Imported 'GUID: 42c8d975867dbb34299217c9b3a62677' -> (Import Result ID: 'b6a480d297e8de84c7afe11d29087917') in 0.013 seconds [static and dynamic dependencies]. Details - ImportResultOutputID=95f78f3ab7597796bd33b5e6c060df8f DependenciesID=13ea496cab9a1ea172292f098fcde373 StaticDependenciesID=b255adafdf5ffd629fd04685bc0e580c 
Number of updated asset objects reloaded before import = 0
Number of asset objects unloaded after import = 1
========================================================================
Received Import Request.
  Time of request: 2026-08-22T02:54:41.1151551Z
  Time since last request: 0.0249695 seconds.
  importAddress: GUID: d6c78107b64145745805d963de80cc17 - Path: Packages/com.unity.render-pipelines.universal/Editor/ShaderGraph/Targets/UniversalLitSubTarget.cs - Importer: ScriptedImporter/UnityEditor.QuickSearchModule:UnityEditor.Search:ASIAI0B
Importing 'GUID: d6c78107b64145745805d963de80cc17 - Path: Packages/com.unity.render-pipelines.universal/Editor/ShaderGraph/Targets/UniversalLitSubTarget.cs - Importer: ScriptedImporter/UnityEditor.QuickSearchModule:UnityEditor.Search:ASIAI0B' with importer (ScriptedImporter : UnityEditor.QuickSearchModule:UnityEditor.Search:ASIAI0B)
Imported 'GUID: d6c78107b64145745805d963de80cc17' -> (Import Result ID: 'a49eb7c4f1df5ddfcf3d302d1f133cc9') in 0.008 seconds [static and dynamic dependencies]. Details - ImportResultOutputID=13f57ce52cf0e0ceed28c2d91ec0a409 DependenciesID=685e56f471ee056190dd6ee95a5866fd StaticDependenciesID=22ce1ce6e50b2173df4e3590349ce768 
Number of updated asset objects reloaded before import = 0
Number of asset objects unloaded after import = 0
========================================================================
Received Import Request.
  Time of request: 2026-08-22T02:54:41.1373933Z
  Time since last request: 0.0007117 seconds.
  importAddress: GUID: 88cd98f0807c4d0ea90990b27cc42068 - Path: Packages/com.unity.render-pipelines.universal/Editor/Tools/MaterialUpgrader/UpgradeUtility.cs - Importer: ScriptedImporter/UnityEditor.QuickSearchModule:UnityEditor.Search:ASIAI0B
Importing 'GUID: 88cd98f0807c4d0ea90990b27cc42068 - Path: Packages/com.unity.render-pipelines.universal/Editor/Tools/MaterialUpgrader/UpgradeUtility.cs - Importer: ScriptedImporter/UnityEditor.QuickSearchModule:UnityEditor.Search:ASIAI0B' with importer (ScriptedImporter : UnityEditor.QuickSearchModule:UnityEditor.Search:ASIAI0B)
Imported 'GUID: 88cd98f0807c4d0ea90990b27cc42068' -> (Import Result ID: '443ebd6df4c3c6af16851726506df610') in 0.010 seconds [static and dynamic dependencies]. Details - ImportResultOutputID=fcfe7e3268308d41234c14a2eaeca884 DependenciesID=e5c82dd0346556188530e5e089872fbf StaticDependenciesID=3fb4bd9bd92857a6e25119841feb0883 
Number of updated asset objects reloaded before import = 0
Number of asset objects unloaded after import = 0
========================================================================
Received Import Request.
  Time of request: 2026-08-22T02:54:41.1733553Z
  Time since last request: 0.0005987 seconds.
  importAddress: GUID: 92228d45c1ff66740bfa9e6d97f7e280 - Path: Packages/com.unity.render-pipelines.universal/Editor/ShaderGraph/Targets/UniversalSubTarget.cs - Importer: ScriptedImporter/UnityEditor.QuickSearchModule:UnityEditor.Search:ASIAI0B
Importing 'GUID: 92228d45c1ff66740bfa9e6d97f7e280 - Path: Packages/com.unity.render-pipelines.universal/Editor/ShaderGraph/Targets/UniversalSubTarget.cs - Importer: ScriptedImporter/UnityEditor.QuickSearchModule:UnityEditor.Search:ASIAI0B' with importer (ScriptedImporter : UnityEditor.QuickSearchModule:UnityEditor.Search:ASIAI0B)
Imported 'GUID: 92228d45c1ff66740bfa9e6d97f7e280' -> (Import Result ID: '49779cacba6c9436faa978594e51bd13') in 0.007 seconds [static and dynamic dependencies]. Details - ImportResultOutputID=612b98650edd744da8c3f1d09d82cd42 DependenciesID=f23a243f75f60496730478da6aacd9f6 StaticDependenciesID=7e418aa67e3747b7745f9f0344ec9c04 
Number of updated asset objects reloaded before import = 0
Number of asset objects unloaded after import = 0
========================================================================
Received Import Request.
  Time of request: 2026-08-22T02:54:41.2016002Z
  Time since last request: 0.0005009 seconds.
  importAddress: GUID: 1202285d83908604784202e4a57aa93c - Path: Packages/com.unity.render-pipelines.universal/Runtime/2D/Lights/Light2DPoint.cs - Importer: ScriptedImporter/UnityEditor.QuickSearchModule:UnityEditor.Search:ASIAI0B
Importing 'GUID: 1202285d83908604784202e4a57aa93c - Path: Packages/com.unity.render-pipelines.universal/Runtime/2D/Lights/Light2DPoint.cs - Importer: ScriptedImporter/UnityEditor.QuickSearchModule:UnityEditor.Search:ASIAI0B' with importer (ScriptedImporter : UnityEditor.QuickSearchModule:UnityEditor.Search:ASIAI0B)
Imported 'GUID: 1202285d83908604784202e4a57aa93c' -> (Import Result ID: '351f03a27b9e7f01f46cf3bd16345167') in 0.006 seconds [static and dynamic dependencies]. Details - ImportResultOutputID=8f410afe3382a009db02f01f7980d62c DependenciesID=4ed61b352559f649c691ed000dd23bcb StaticDependenciesID=369ba9a14ca2ddb358c8b617615026dc 
Number of updated asset objects reloaded before import = 0
Number of asset objects unloaded after import = 0
========================================================================
Received Import Request.
  Time of request: 2026-08-22T02:54:41.2312642Z
  Time since last request: 0.0005451 seconds.
  importAddress: GUID: 3d707c2c34101af48b8dc0b38ea50a1f - Path: Packages/com.unity.render-pipelines.universal/Editor/VFXGraph/Shaders/VFXPasses.template - Importer: ScriptedImporter/UnityEditor.QuickSearchModule:UnityEditor.Search:ASIAI0B
Importing 'GUID: 3d707c2c34101af48b8dc0b38ea50a1f - Path: Packages/com.unity.render-pipelines.universal/Editor/VFXGraph/Shaders/VFXPasses.template - Importer: ScriptedImporter/UnityEditor.QuickSearchModule:UnityEditor.Search:ASIAI0B' with importer (ScriptedImporter : UnityEditor.QuickSearchModule:UnityEditor.Search:ASIAI0B)
Imported 'GUID: 3d707c2c34101af48b8dc0b38ea50a1f' -> (Import Result ID: '434cc3ed84fabb6a73fb083f11a07abb') in 0.007 seconds [static and dynamic dependencies]. Details - ImportResultOutputID=abacd051c26dac76ae3920c062bc1704 DependenciesID=8492d585f083e54f8c04850fb393502b StaticDependenciesID=e723b7da042f953f09e9b9ada859c0c9 
Number of updated asset objects reloaded before import = 0
Number of asset objects unloaded after import = 1
========================================================================
Received Import Request.
  Time of request: 2026-08-22T02:54:41.2610391Z
  Time since last request: 0.0006215 seconds.
  importAddress: GUID: 718db304c67a4e7692ab540c060259b2 - Path: Packages/com.unity.render-pipelines.universal/Runtime/2D/Rendergraph/DrawLight2DPass.cs - Importer: ScriptedImporter/UnityEditor.QuickSearchModule:UnityEditor.Search:ASIAI0B
Importing 'GUID: 718db304c67a4e7692ab540c060259b2 - Path: Packages/com.unity.render-pipelines.universal/Runtime/2D/Rendergraph/DrawLight2DPass.cs - Importer: ScriptedImporter/UnityEditor.QuickSearchModule:UnityEditor.Search:ASIAI0B' with importer (ScriptedImporter : UnityEditor.QuickSearchModule:UnityEditor.Search:ASIAI0B)
Imported 'GUID: 718db304c67a4e7692ab540c060259b2' -> (Import Result ID: '002f2704aa318e02fc38004ab4b435d1') in 0.006 seconds [static and dynamic dependencies]. Details - ImportResultOutputID=273525f594a8a819ddd09885cb9f8553 DependenciesID=af55f7336f6903a9b79b0294cab94812 StaticDependenciesID=9adfe0b22dc31cae89640ca990bb68f8 
Number of updated asset objects reloaded before import = 0
Number of asset objects unloaded after import = 0
========================================================================
Received Import Request.
  Time of request: 2026-08-22T02:54:41.2909729Z
  Time since last request: 0.0006872 seconds.
  importAddress: GUID: 2f37f38354ae11b4ba31a324dbabef7d - Path: Packages/com.unity.render-pipelines.universal/Editor/Tools/MaterialUpgrader/MaterialUpgraderProviders.cs - Importer: ScriptedImporter/UnityEditor.QuickSearchModule:UnityEditor.Search:ASIAI0B
Importing 'GUID: 2f37f38354ae11b4ba31a324dbabef7d - Path: Packages/com.unity.render-pipelines.universal/Editor/Tools/MaterialUpgrader/MaterialUpgraderProviders.cs - Importer: ScriptedImporter/UnityEditor.QuickSearchModule:UnityEditor.Search:ASIAI0B' with importer (ScriptedImporter : UnityEditor.QuickSearchModule:UnityEditor.Search:ASIAI0B)
Imported 'GUID: 2f37f38354ae11b4ba31a324dbabef7d' -> (Import Result ID: '528afdcab9a41dbef4c91fb920aa5c8d') in 0.009 seconds [static and dynamic dependencies]. Details - ImportResultOutputID=a59468cf73240720fd651096a9a2ab49 DependenciesID=e5f25a2bc49775884d5517a12eedd53c StaticDependenciesID=2ff3c1590abf9aa0aca1b333faf52934 
Number of updated asset objects reloaded before import = 0
Number of asset objects unloaded after import = 0
========================================================================
Received Import Request.
  Time of request: 2026-08-22T02:54:41.3229929Z
  Time since last request: 0.0005634 seconds.
  importAddress: GUID: 97c3f7dcb477ec842aa878573640313a - Path: Packages/com.unity.render-pipelines.universal/Editor/ShaderGraph/Targets/UniversalUnlitSubTarget.cs - Importer: ScriptedImporter/UnityEditor.QuickSearchModule:UnityEditor.Search:ASIAI0B
Importing 'GUID: 97c3f7dcb477ec842aa878573640313a - Path: Packages/com.unity.render-pipelines.universal/Editor/ShaderGraph/Targets/UniversalUnlitSubTarget.cs - Importer: ScriptedImporter/UnityEditor.QuickSearchModule:UnityEditor.Search:ASIAI0B' with importer (ScriptedImporter : UnityEditor.QuickSearchModule:UnityEditor.Search:ASIAI0B)
Imported 'GUID: 97c3f7dcb477ec842aa878573640313a' -> (Import Result ID: 'd38f6e9db9b6c4c1e1811c00dffae59d') in 0.008 seconds [static and dynamic dependencies]. Details - ImportResultOutputID=a3fe078d90f13e329aba2e6751d8ff8c DependenciesID=e22b6f6cb17bb44293c77e601a5fd2f6 StaticDependenciesID=86efe89957299227fc161c3b1d79fb21 
Number of updated asset objects reloaded before import = 0
Number of asset objects unloaded after import = 0
========================================================================
Received Import Request.
  Time of request: 2026-08-22T02:54:41.35407Z
  Time since last request: 0.0008378 seconds.
  importAddress: GUID: 2e3b7e4ab4a5f4e43b67ed106268f659 - Path: Packages/com.unity.render-pipelines.universal/Editor/ShaderGraph/Targets/UniversalCanvasSubTarget.cs - Importer: ScriptedImporter/UnityEditor.QuickSearchModule:UnityEditor.Search:ASIAI0B
Importing 'GUID: 2e3b7e4ab4a5f4e43b67ed106268f659 - Path: Packages/com.unity.render-pipelines.universal/Editor/ShaderGraph/Targets/UniversalCanvasSubTarget.cs - Importer: ScriptedImporter/UnityEditor.QuickSearchModule:UnityEditor.Search:ASIAI0B' with importer (ScriptedImporter : UnityEditor.QuickSearchModule:UnityEditor.Search:ASIAI0B)
Imported 'GUID: 2e3b7e4ab4a5f4e43b67ed106268f659' -> (Import Result ID: '2d784579acbda3849aea80b043420555') in 0.006 seconds [static and dynamic dependencies]. Details - ImportResultOutputID=d3f9d8a36d64edbaad022fc3d764fc0a DependenciesID=e448603d4cabc0313e8b5202f33a3b1c StaticDependenciesID=0d2c0512be9ccbf1646b0e8f6a0638e5 
Number of updated asset objects reloaded before import = 0
Number of asset objects unloaded after import = 0
========================================================================
Received Import Request.
  Time of request: 2026-08-22T02:54:41.3929389Z
  Time since last request: 0.0010491 seconds.
  importAddress: GUID: 087c834eb72635d4f9bfedf7a58af4f6 - Path: Packages/com.unity.render-pipelines.universal/Editor/Tools/Converters/BuiltInToURP3DReadonlyMaterialConverter.cs - Importer: ScriptedImporter/UnityEditor.QuickSearchModule:UnityEditor.Search:ASIAI0B
Importing 'GUID: 087c834eb72635d4f9bfedf7a58af4f6 - Path: Packages/com.unity.render-pipelines.universal/Editor/Tools/Converters/BuiltInToURP3DReadonlyMaterialConverter.cs - Importer: ScriptedImporter/UnityEditor.QuickSearchModule:UnityEditor.Search:ASIAI0B' with importer (ScriptedImporter : UnityEditor.QuickSearchModule:UnityEditor.Search:ASIAI0B)
Imported 'GUID: 087c834eb72635d4f9bfedf7a58af4f6' -> (Import Result ID: '298405d2e923d284e895c639db1bd40a') in 0.004 seconds [static and dynamic dependencies]. Details - ImportResultOutputID=1e55ea23c59772790ee6d74800e50f04 DependenciesID=27b0571a5a13990d6e19696d0faeba3d StaticDependenciesID=246db9d4616d757ea70eaa070dbdeaa1 
Number of updated asset objects reloaded before import = 0
Number of asset objects unloaded after import = 0
========================================================================
Received Import Request.
  Time of request: 2026-08-22T02:54:41.4266435Z
  Time since last request: 0.0074268 seconds.
  importAddress: GUID: b3c58a63bfb3ecb4d81289bf60b5b802 - Path: Packages/com.unity.render-pipelines.universal/Editor/Tools/Converters/BuiltInToURP3DMaterialUpgrader.cs - Importer: ScriptedImporter/UnityEditor.QuickSearchModule:UnityEditor.Search:ASIAI0B
Importing 'GUID: b3c58a63bfb3ecb4d81289bf60b5b802 - Path: Packages/com.unity.render-pipelines.universal/Editor/Tools/Converters/BuiltInToURP3DMaterialUpgrader.cs - Importer: ScriptedImporter/UnityEditor.QuickSearchModule:UnityEditor.Search:ASIAI0B' with importer (ScriptedImporter : UnityEditor.QuickSearchModule:UnityEditor.Search:ASIAI0B)
Imported 'GUID: b3c58a63bfb3ecb4d81289bf60b5b802' -> (Import Result ID: 'e1813159dc6bd08d751c99f64e35a58f') in 0.008 seconds [static and dynamic dependencies]. Details - ImportResultOutputID=b1a7fdefcebfe27d785bedf70df352b8 DependenciesID=dc9d9112206b3edfde3861587994b7d0 StaticDependenciesID=3bb06b8a9efb4490df47bdc5d5c5b8ba 
Number of updated asset objects reloaded before import = 0
Number of asset objects unloaded after import = 0
========================================================================
Received Import Request.
  Time of request: 2026-08-22T02:54:41.4532448Z
  Time since last request: 0.0007788 seconds.
  importAddress: GUID: 73570bca5636a644cb758c4a0098ae05 - Path: Packages/com.unity.render-pipelines.universal/Editor/Tools/MaterialUpgrader/UniversalSpeedTree9MaterialUpgrader.cs - Importer: ScriptedImporter/UnityEditor.QuickSearchModule:UnityEditor.Search:ASIAI0B
Importing 'GUID: 73570bca5636a644cb758c4a0098ae05 - Path: Packages/com.unity.render-pipelines.universal/Editor/Tools/MaterialUpgrader/UniversalSpeedTree9MaterialUpgrader.cs - Importer: ScriptedImporter/UnityEditor.QuickSearchModule:UnityEditor.Search:ASIAI0B' with importer (ScriptedImporter : UnityEditor.QuickSearchModule:UnityEditor.Search:ASIAI0B)
Imported 'GUID: 73570bca5636a644cb758c4a0098ae05' -> (Import Result ID: 'ef38a62947e5874e5f39e3c479fa263b') in 0.008 seconds [static and dynamic dependencies]. Details - ImportResultOutputID=c31eead4e29af4bd5fe8465a37bdb00c DependenciesID=4020578c2c3080a91807a52597aad9e1 StaticDependenciesID=b22b37f9dc64d8d3ae626166a9c22820 
Number of updated asset objects reloaded before import = 0
Number of asset objects unloaded after import = 0
========================================================================
Received Import Request.
  Time of request: 2026-08-22T02:54:41.4835978Z
  Time since last request: 0.0007063 seconds.
  importAddress: GUID: 073797afb82c5a1438f328866b10b3f0 - Path: Packages/com.unity.render-pipelines.universal/Runtime/2D/Lights/Light2D.cs - Importer: ScriptedImporter/UnityEditor.QuickSearchModule:UnityEditor.Search:ASIAI0B
Importing 'GUID: 073797afb82c5a1438f328866b10b3f0 - Path: Packages/com.unity.render-pipelines.universal/Runtime/2D/Lights/Light2D.cs - Importer: ScriptedImporter/UnityEditor.QuickSearchModule:UnityEditor.Search:ASIAI0B' with importer (ScriptedImporter : UnityEditor.QuickSearchModule:UnityEditor.Search:ASIAI0B)
Imported 'GUID: 073797afb82c5a1438f328866b10b3f0' -> (Import Result ID: '03330c5b80d458e573ddb6861162a1af') in 0.006 seconds [static and dynamic dependencies]. Details - ImportResultOutputID=da2b4e3a04fd8275c0dc7e56c18d6d5b DependenciesID=388f52b74fe639de8009f4d60e244c4b StaticDependenciesID=054ff92cc74bbfad0525d024f5990ae8 
Number of updated asset objects reloaded before import = 0
Number of asset objects unloaded after import = 0
========================================================================
Received Import Request.
  Time of request: 2026-08-22T02:54:41.5149331Z
  Time since last request: 0.0006368 seconds.
  importAddress: GUID: 2085a40153652db43a116297c1924476 - Path: Packages/com.unity.render-pipelines.universal/Editor/ShaderGraph/Includes/Varyings.hlsl - Importer: ScriptedImporter/UnityEditor.QuickSearchModule:UnityEditor.Search:ASIAI0B
Importing 'GUID: 2085a40153652db43a116297c1924476 - Path: Packages/com.unity.render-pipelines.universal/Editor/ShaderGraph/Includes/Varyings.hlsl - Importer: ScriptedImporter/UnityEditor.QuickSearchModule:UnityEditor.Search:ASIAI0B' with importer (ScriptedImporter : UnityEditor.QuickSearchModule:UnityEditor.Search:ASIAI0B)
Imported 'GUID: 2085a40153652db43a116297c1924476' -> (Import Result ID: '10906858806b1c19897431fa949e2e46') in 0.020 seconds [static and dynamic dependencies]. Details - ImportResultOutputID=7047289ee3b09772245bfc3e462ee1fe DependenciesID=3b8bfe7612db8d878bb21b7119a2ae78 StaticDependenciesID=37587f166f71534899c02784f2418b0b 
Number of updated asset objects reloaded before import = 0
Number of asset objects unloaded after import = 1
========================================================================
Received Import Request.
  Time of request: 2026-08-22T02:54:41.5589964Z
  Time since last request: 0.0009679 seconds.
  importAddress: GUID: 45705132c6bcacc459c763f7cd71b9fa - Path: Packages/com.unity.render-pipelines.universal/Editor/ShaderGraph/Targets/UniversalTerrainLitSubTarget.Dependencies.cs - Importer: ScriptedImporter/UnityEditor.QuickSearchModule:UnityEditor.Search:ASIAI0B
Importing 'GUID: 45705132c6bcacc459c763f7cd71b9fa - Path: Packages/com.unity.render-pipelines.universal/Editor/ShaderGraph/Targets/UniversalTerrainLitSubTarget.Dependencies.cs - Importer: ScriptedImporter/UnityEditor.QuickSearchModule:UnityEditor.Search:ASIAI0B' with importer (ScriptedImporter : UnityEditor.QuickSearchModule:UnityEditor.Search:ASIAI0B)
Imported 'GUID: 45705132c6bcacc459c763f7cd71b9fa' -> (Import Result ID: '9214004deff9af7e3f9218607ab971fc') in 0.005 seconds [static and dynamic dependencies]. Details - ImportResultOutputID=e2828dd4f5abe43d049610e7f9e9aae3 DependenciesID=9a4cde526c7d17ce30bc3155eeaaee1a StaticDependenciesID=3a2c311a98815df8e72799febe427570 
Number of updated asset objects reloaded before import = 0
Number of asset objects unloaded after import = 0
========================================================================
Received Import Request.
  Time of request: 2026-08-22T02:54:41.5835961Z
  Time since last request: 0.0006136 seconds.
  importAddress: GUID: 8176ef27c50d1485084b4ab6f1554353 - Path: Packages/com.unity.render-pipelines.universal/Editor/ShaderGUI/Shaders/BakedLitShader.cs - Importer: ScriptedImporter/UnityEditor.QuickSearchModule:UnityEditor.Search:ASIAI0B
Importing 'GUID: 8176ef27c50d1485084b4ab6f1554353 - Path: Packages/com.unity.render-pipelines.universal/Editor/ShaderGUI/Shaders/BakedLitShader.cs - Importer: ScriptedImporter/UnityEditor.QuickSearchModule:UnityEditor.Search:ASIAI0B' with importer (ScriptedImporter : UnityEditor.QuickSearchModule:UnityEditor.Search:ASIAI0B)
Imported 'GUID: 8176ef27c50d1485084b4ab6f1554353' -> (Import Result ID: '12eebd8aa2f869f0a89ead90d688ca2a') in 0.007 seconds [static and dynamic dependencies]. Details - ImportResultOutputID=857f375511b8e164bc3175a4480f1f2f DependenciesID=1ceca3eae821daba3cecff29ae3e773c StaticDependenciesID=091adadb3d65ccc0143808bd7da3c74a 
Number of updated asset objects reloaded before import = 0
Number of asset objects unloaded after import = 0
========================================================================
Received Import Request.
  Time of request: 2026-08-22T02:54:41.6148901Z
  Time since last request: 0.0021642 seconds.
  importAddress: GUID: cfd8db254ecd63d45bc135530bd0c325 - Path: Packages/com.unity.render-pipelines.universal/Runtime/2D/FrameData/Universal2DRenderingData.cs - Importer: ScriptedImporter/UnityEditor.QuickSearchModule:UnityEditor.Search:ASIAI0B
Importing 'GUID: cfd8db254ecd63d45bc135530bd0c325 - Path: Packages/com.unity.render-pipelines.universal/Runtime/2D/FrameData/Universal2DRenderingData.cs - Importer: ScriptedImporter/UnityEditor.QuickSearchModule:UnityEditor.Search:ASIAI0B' with importer (ScriptedImporter : UnityEditor.QuickSearchModule:UnityEditor.Search:ASIAI0B)
Imported 'GUID: cfd8db254ecd63d45bc135530bd0c325' -> (Import Result ID: '24aa201b9cd7e61ac29e5a179552d834') in 0.007 seconds [static and dynamic dependencies]. Details - ImportResultOutputID=0976285eeedb1efc8100cdff65154bbb DependenciesID=15baabe8236a29fa1acaa0ed108f7fe7 StaticDependenciesID=f7119336a719a71f04f92ba28d2e5d5b 
Number of updated asset objects reloaded before import = 0
Number of asset objects unloaded after import = 0
========================================================================
Received Import Request.
  Time of request: 2026-08-22T02:54:41.6441453Z
  Time since last request: 0.0005826 seconds.
  importAddress: GUID: 14716551160f4757bf2332c27a53ec34 - Path: Packages/com.unity.render-pipelines.universal/Runtime/2D/Lights/Light2DAuthoring.cs - Importer: ScriptedImporter/UnityEditor.QuickSearchModule:UnityEditor.Search:ASIAI0B
Importing 'GUID: 14716551160f4757bf2332c27a53ec34 - Path: Packages/com.unity.render-pipelines.universal/Runtime/2D/Lights/Light2DAuthoring.cs - Importer: ScriptedImporter/UnityEditor.QuickSearchModule:UnityEditor.Search:ASIAI0B' with importer (ScriptedImporter : UnityEditor.QuickSearchModule:UnityEditor.Search:ASIAI0B)
Imported 'GUID: 14716551160f4757bf2332c27a53ec34' -> (Import Result ID: 'e48e7bb54160c80d70edb7fe8c29060f') in 0.008 seconds [static and dynamic dependencies]. Details - ImportResultOutputID=36248789c6501c81581b08889cd139c5 DependenciesID=8460e5b2dfe2a97886786ab5e6647a1a StaticDependenciesID=930f55627b70f79bda1a5dcf33cac9f4 
Number of updated asset objects reloaded before import = 0
Number of asset objects unloaded after import = 0
========================================================================
Received Import Request.
  Time of request: 2026-08-22T02:54:41.671649Z
  Time since last request: 0.0005501 seconds.
  importAddress: GUID: 8ed8ed178d5584da0874d4c69e3624a9 - Path: Packages/com.unity.render-pipelines.universal/Editor/ShaderGUI/Shaders/UnlitShader.cs - Importer: ScriptedImporter/UnityEditor.QuickSearchModule:UnityEditor.Search:ASIAI0B
Importing 'GUID: 8ed8ed178d5584da0874d4c69e3624a9 - Path: Packages/com.unity.render-pipelines.universal/Editor/ShaderGUI/Shaders/UnlitShader.cs - Importer: ScriptedImporter/UnityEditor.QuickSearchModule:UnityEditor.Search:ASIAI0B' with importer (ScriptedImporter : UnityEditor.QuickSearchModule:UnityEditor.Search:ASIAI0B)
Imported 'GUID: 8ed8ed178d5584da0874d4c69e3624a9' -> (Import Result ID: 'dd40bcc45f5d17c4452f955a7df249f1') in 0.006 seconds [static and dynamic dependencies]. Details - ImportResultOutputID=be9009fe762562d708249068166af372 DependenciesID=fc15ea917bc3dc4c1d5d3e06c80b7fb4 StaticDependenciesID=c7bf377232c07e0c0ee2bcd41f43bbd7 
Number of updated asset objects reloaded before import = 0
Number of asset objects unloaded after import = 0
========================================================================
Received Import Request.
  Time of request: 2026-08-22T02:54:41.6975647Z
  Time since last request: 0.0004802 seconds.
  importAddress: GUID: b33851187d4324530b9f7abfe14d0137 - Path: Packages/com.unity.render-pipelines.universal/Editor/ShaderGUI/ShadingModels/LitGUI.cs - Importer: ScriptedImporter/UnityEditor.QuickSearchModule:UnityEditor.Search:ASIAI0B
Importing 'GUID: b33851187d4324530b9f7abfe14d0137 - Path: Packages/com.unity.render-pipelines.universal/Editor/ShaderGUI/ShadingModels/LitGUI.cs - Importer: ScriptedImporter/UnityEditor.QuickSearchModule:UnityEditor.Search:ASIAI0B' with importer (ScriptedImporter : UnityEditor.QuickSearchModule:UnityEditor.Search:ASIAI0B)
Imported 'GUID: b33851187d4324530b9f7abfe14d0137' -> (Import Result ID: '5bf84928aba986abccc46325fac4275e') in 0.006 seconds [static and dynamic dependencies]. Details - ImportResultOutputID=4722e56e76f94a725478d507874b38f3 DependenciesID=413a501b2c9a1258e1e53db54224fe93 StaticDependenciesID=b12acac5882e86bf9715cf33af7aab56 
Number of updated asset objects reloaded before import = 0
Number of asset objects unloaded after import = 0
========================================================================
Received Import Request.
  Time of request: 2026-08-22T02:54:41.7228377Z
  Time since last request: 0.0007333 seconds.
  importAddress: GUID: 12779f6eb83918741bac0370abcf0df9 - Path: Packages/com.unity.render-pipelines.universal/Editor/Tools/MaterialUpgrader/MaterialUpgraderDefinitions.cs - Importer: ScriptedImporter/UnityEditor.QuickSearchModule:UnityEditor.Search:ASIAI0B
Importing 'GUID: 12779f6eb83918741bac0370abcf0df9 - Path: Packages/com.unity.render-pipelines.universal/Editor/Tools/MaterialUpgrader/MaterialUpgraderDefinitions.cs - Importer: ScriptedImporter/UnityEditor.QuickSearchModule:UnityEditor.Search:ASIAI0B' with importer (ScriptedImporter : UnityEditor.QuickSearchModule:UnityEditor.Search:ASIAI0B)
Imported 'GUID: 12779f6eb83918741bac0370abcf0df9' -> (Import Result ID: '76edb7f99f4fa1f549e6d58dba0d1fc1') in 0.007 seconds [static and dynamic dependencies]. Details - ImportResultOutputID=a786dcc9f22ab61e5d822369ed5e3086 DependenciesID=3396a8a13b01abc018ac0539ce4442d2 StaticDependenciesID=c2359e52e7a74fa518f291931b608d0e 
Number of updated asset objects reloaded before import = 0
Number of asset objects unloaded after import = 0
========================================================================
Received Import Request.
  Time of request: 2026-08-22T02:54:41.752356Z
  Time since last request: 0.0009789 seconds.
  importAddress: GUID: 56fd66c66c0d99848be7cc4829d45942 - Path: Packages/com.unity.render-pipelines.universal/Editor/VFXGraph/Shaders/VFXLitVaryings.template - Importer: ScriptedImporter/UnityEditor.QuickSearchModule:UnityEditor.Search:ASIAI0B
Importing 'GUID: 56fd66c66c0d99848be7cc4829d45942 - Path: Packages/com.unity.render-pipelines.universal/Editor/VFXGraph/Shaders/VFXLitVaryings.template - Importer: ScriptedImporter/UnityEditor.QuickSearchModule:UnityEditor.Search:ASIAI0B' with importer (ScriptedImporter : UnityEditor.QuickSearchModule:UnityEditor.Search:ASIAI0B)
Imported 'GUID: 56fd66c66c0d99848be7cc4829d45942' -> (Import Result ID: '17f8a2ca59792caaebaa71c92add41cb') in 0.008 seconds [static and dynamic dependencies]. Details - ImportResultOutputID=fc5b717a10f4e24b0f52564290bec650 DependenciesID=e3fe5a2a42ba0a02ba21eb15f41e326c StaticDependenciesID=f1f9dab89d78e5a2510e4316716aa615 
Number of updated asset objects reloaded before import = 0
Number of asset objects unloaded after import = 1
========================================================================
Received Import Request.
  Time of request: 2026-08-22T02:54:41.7815915Z
  Time since last request: 0.0004951 seconds.
  importAddress: GUID: 3c49b0c9c0fdfac469942832f71ce5b1 - Path: Packages/com.unity.render-pipelines.universal/Runtime/2D/Rendergraph/GlobalPropertiesPass.cs - Importer: ScriptedImporter/UnityEditor.QuickSearchModule:UnityEditor.Search:ASIAI0B
Importing 'GUID: 3c49b0c9c0fdfac469942832f71ce5b1 - Path: Packages/com.unity.render-pipelines.universal/Runtime/2D/Rendergraph/GlobalPropertiesPass.cs - Importer: ScriptedImporter/UnityEditor.QuickSearchModule:UnityEditor.Search:ASIAI0B' with importer (ScriptedImporter : UnityEditor.QuickSearchModule:UnityEditor.Search:ASIAI0B)
Imported 'GUID: 3c49b0c9c0fdfac469942832f71ce5b1' -> (Import Result ID: 'd6379ebf8bf92d828019b7ec1d819517') in 0.007 seconds [static and dynamic dependencies]. Details - ImportResultOutputID=f91948b917ed615293de10eb2f0164d6 DependenciesID=275fa39304f1e8cc36eb7729fdc7c830 StaticDependenciesID=c832d78c38971ee4045f5dc00722c3d0 
Number of updated asset objects reloaded before import = 0
Number of asset objects unloaded after import = 0
========================================================================
Received Import Request.
  Time of request: 2026-08-22T02:54:41.8131634Z
  Time since last request: 0.0007056 seconds.
  importAddress: GUID: 56722ba5606e4941bf34fc2305532cd4 - Path: Packages/com.unity.render-pipelines.universal/Editor/ShaderGraph/Targets/UniversalSixWaySubTarget.cs - Importer: ScriptedImporter/UnityEditor.QuickSearchModule:UnityEditor.Search:ASIAI0B
Importing 'GUID: 56722ba5606e4941bf34fc2305532cd4 - Path: Packages/com.unity.render-pipelines.universal/Editor/ShaderGraph/Targets/UniversalSixWaySubTarget.cs - Importer: ScriptedImporter/UnityEditor.QuickSearchModule:UnityEditor.Search:ASIAI0B' with importer (ScriptedImporter : UnityEditor.QuickSearchModule:UnityEditor.Search:ASIAI0B)
Imported 'GUID: 56722ba5606e4941bf34fc2305532cd4' -> (Import Result ID: 'baa7eea146ac63ae514e6780c8d068e5') in 0.006 seconds [static and dynamic dependencies]. Details - ImportResultOutputID=6a348ce14a4fd261e16f01211758d390 DependenciesID=7308b84bb18fc4442ea1fa26bd2807aa StaticDependenciesID=a405a66f3f1850c81e7b7395d21d9948 
Number of updated asset objects reloaded before import = 0
Number of asset objects unloaded after import = 0
========================================================================
Received Import Request.
  Time of request: 2026-08-22T02:54:41.8443208Z
  Time since last request: 0.0005931 seconds.
  importAddress: GUID: ed33028ae86f863468162a7c6b0ae962 - Path: Packages/com.unity.render-pipelines.universal/Editor/ShaderGraph/Templates/SharedCode.template.hlsl - Importer: ScriptedImporter/UnityEditor.QuickSearchModule:UnityEditor.Search:ASIAI0B
Importing 'GUID: ed33028ae86f863468162a7c6b0ae962 - Path: Packages/com.unity.render-pipelines.universal/Editor/ShaderGraph/Templates/SharedCode.template.hlsl - Importer: ScriptedImporter/UnityEditor.QuickSearchModule:UnityEditor.Search:ASIAI0B' with importer (ScriptedImporter : UnityEditor.QuickSearchModule:UnityEditor.Search:ASIAI0B)
Imported 'GUID: ed33028ae86f863468162a7c6b0ae962' -> (Import Result ID: '6fa193a4404008459d35f28507b3f387') in 0.019 seconds [static and dynamic dependencies]. Details - ImportResultOutputID=7bdc03a084c24de8c86583ada3b7b2d8 DependenciesID=ccbfc894a609bd69c50f0066bb05daea StaticDependenciesID=c23d1051ba20fc62e3597c9a6580c38c 
Number of updated asset objects reloaded before import = 0
Number of asset objects unloaded after import = 1
========================================================================
Received Import Request.
  Time of request: 2026-08-22T02:54:41.8894934Z
  Time since last request: 0.0007789 seconds.
  importAddress: GUID: 84e6c97ce450449128b4f193da9c0263 - Path: Packages/com.unity.render-pipelines.universal/Editor/ShaderGUI/Shaders/ParticlesUnlitShader.cs - Importer: ScriptedImporter/UnityEditor.QuickSearchModule:UnityEditor.Search:ASIAI0B
Importing 'GUID: 84e6c97ce450449128b4f193da9c0263 - Path: Packages/com.unity.render-pipelines.universal/Editor/ShaderGUI/Shaders/ParticlesUnlitShader.cs - Importer: ScriptedImporter/UnityEditor.QuickSearchModule:UnityEditor.Search:ASIAI0B' with importer (ScriptedImporter : UnityEditor.QuickSearchModule:UnityEditor.Search:ASIAI0B)
Imported 'GUID: 84e6c97ce450449128b4f193da9c0263' -> (Import Result ID: '9ebda783c00ab5b6df5271f6a8e74130') in 0.009 seconds [static and dynamic dependencies]. Details - ImportResultOutputID=e115b082149317a687bc56a6d1441ad3 DependenciesID=3bdafc33dcac9b87ac3ad006ae329e0d StaticDependenciesID=31bac501f93594ff8f020afef1204fac 
Number of updated asset objects reloaded before import = 0
Number of asset objects unloaded after import = 0
========================================================================
Received Import Request.
  Time of request: 2026-08-22T02:54:41.9230711Z
  Time since last request: 0.0005653 seconds.
  importAddress: GUID: f4caf3da21d83644ea1c04986c6cea14 - Path: Packages/com.unity.render-pipelines.universal/Runtime/2D/Lights/Light2DBlendStyle.cs - Importer: ScriptedImporter/UnityEditor.QuickSearchModule:UnityEditor.Search:ASIAI0B
Importing 'GUID: f4caf3da21d83644ea1c04986c6cea14 - Path: Packages/com.unity.render-pipelines.universal/Runtime/2D/Lights/Light2DBlendStyle.cs - Importer: ScriptedImporter/UnityEditor.QuickSearchModule:UnityEditor.Search:ASIAI0B' with importer (ScriptedImporter : UnityEditor.QuickSearchModule:UnityEditor.Search:ASIAI0B)
Imported 'GUID: f4caf3da21d83644ea1c04986c6cea14' -> (Import Result ID: '1d70a0554b5dcf4e21a575db4e86bc5b') in 0.008 seconds [static and dynamic dependencies]. Details - ImportResultOutputID=63ba8411d0da203ef8fd6e01ddfc8277 DependenciesID=f8d665bcac86e380812dccee22057b85 StaticDependenciesID=8ccd9d637fca34e3be39dc656e4e62a9 
Number of updated asset objects reloaded before import = 0
Number of asset objects unloaded after import = 0
========================================================================
Received Import Request.
  Time of request: 2026-08-22T02:54:41.9548958Z
  Time since last request: 0.0006998 seconds.
  importAddress: GUID: 6994c3a2393b6ee4a9b963abd8f7b656 - Path: Packages/com.unity.render-pipelines.universal/Runtime/2D/Rendergraph/UpscalePass.cs - Importer: ScriptedImporter/UnityEditor.QuickSearchModule:UnityEditor.Search:ASIAI0B
Importing 'GUID: 6994c3a2393b6ee4a9b963abd8f7b656 - Path: Packages/com.unity.render-pipelines.universal/Runtime/2D/Rendergraph/UpscalePass.cs - Importer: ScriptedImporter/UnityEditor.QuickSearchModule:UnityEditor.Search:ASIAI0B' with importer (ScriptedImporter : UnityEditor.QuickSearchModule:UnityEditor.Search:ASIAI0B)
Imported 'GUID: 6994c3a2393b6ee4a9b963abd8f7b656' -> (Import Result ID: 'd4d75968286e906b1f8cb8da23a9f320') in 0.011 seconds [static and dynamic dependencies]. Details - ImportResultOutputID=4e3b2467bab1664fd1031f5d76d291a9 DependenciesID=5d99e90f0ccbecbb8d0c8b3c3b606b3d StaticDependenciesID=ace4a0bea162278254b44316707f3a2d 
Number of updated asset objects reloaded before import = 0
Number of asset objects unloaded after import = 0
========================================================================
Received Import Request.
  Time of request: 2026-08-22T02:54:41.9998288Z
  Time since last request: 0.0099641 seconds.
  importAddress: GUID: a699ef0a455ff0440a0fe9b1689ec566 - Path: Packages/com.unity.render-pipelines.universal/Editor/Tools/MaterialUpgrader/UniversalSpeedTree8MaterialUpgrader.cs - Importer: ScriptedImporter/UnityEditor.QuickSearchModule:UnityEditor.Search:ASIAI0B
Importing 'GUID: a699ef0a455ff0440a0fe9b1689ec566 - Path: Packages/com.unity.render-pipelines.universal/Editor/Tools/MaterialUpgrader/UniversalSpeedTree8MaterialUpgrader.cs - Importer: ScriptedImporter/UnityEditor.QuickSearchModule:UnityEditor.Search:ASIAI0B' with importer (ScriptedImporter : UnityEditor.QuickSearchModule:UnityEditor.Search:ASIAI0B)
Imported 'GUID: a699ef0a455ff0440a0fe9b1689ec566' -> (Import Result ID: 'bc30610eef09d11970985499fb6eb613') in 0.029 seconds [static and dynamic dependencies]. Details - ImportResultOutputID=8f37dec2950046d7bac0921e9c13f530 DependenciesID=2bf657c9d05763cb2c122be5dd117680 StaticDependenciesID=43968b48ab84e4423f1aba1ecea5324b 
Number of updated asset objects reloaded before import = 0
Number of asset objects unloaded after import = 0
========================================================================
Received Import Request.
  Time of request: 2026-08-22T02:54:42.1059964Z
  Time since last request: 0.0474181 seconds.
  importAddress: GUID: d41cfd0a88e7a024797e86c60a0ff961 - Path: Packages/com.unity.render-pipelines.universal/Runtime/2D/Shadows/ShadowRendering.cs - Importer: ScriptedImporter/UnityEditor.QuickSearchModule:UnityEditor.Search:ASIAI0B
Importing 'GUID: d41cfd0a88e7a024797e86c60a0ff961 - Path: Packages/com.unity.render-pipelines.universal/Runtime/2D/Shadows/ShadowRendering.cs - Importer: ScriptedImporter/UnityEditor.QuickSearchModule:UnityEditor.Search:ASIAI0B' with importer (ScriptedImporter : UnityEditor.QuickSearchModule:UnityEditor.Search:ASIAI0B)
Imported 'GUID: d41cfd0a88e7a024797e86c60a0ff961' -> (Import Result ID: 'd5facbdef9ba32f54c928da634b3b598') in 0.015 seconds [static and dynamic dependencies]. Details - ImportResultOutputID=7df74e02945dc686dc1504d47d2efc92 DependenciesID=bfc5b8a42b621238717c998e0644614f StaticDependenciesID=faabbab1f76ecaac195fd914d1dc57c7 
Number of updated asset objects reloaded before import = 0
Number of asset objects unloaded after import = 0
========================================================================
Received Import Request.
  Time of request: 2026-08-22T02:54:42.1432961Z
  Time since last request: 0.0005512 seconds.
  importAddress: GUID: 134e9451a58aaba43ba713adbd103d92 - Path: Packages/com.unity.render-pipelines.universal/Runtime/RendererFeatures/SurfaceCacheGIRendererFeature/FlatNormalResolution.compute - Importer: ScriptedImporter/UnityEditor.QuickSearchModule:UnityEditor.Search:ASIAI0B
Importing 'GUID: 134e9451a58aaba43ba713adbd103d92 - Path: Packages/com.unity.render-pipelines.universal/Runtime/RendererFeatures/SurfaceCacheGIRendererFeature/FlatNormalResolution.compute - Importer: ScriptedImporter/UnityEditor.QuickSearchModule:UnityEditor.Search:ASIAI0B' with importer (ScriptedImporter : UnityEditor.QuickSearchModule:UnityEditor.Search:ASIAI0B)
Imported 'GUID: 134e9451a58aaba43ba713adbd103d92' -> (Import Result ID: 'efc8b7d91496dffb24948269675db83a') in 0.011 seconds [static and dynamic dependencies]. Details - ImportResultOutputID=f8afac07d83919ce51ba7d5400622596 DependenciesID=b77bc9cb7a293b34ceb3793c4e8dff36 StaticDependenciesID=011a16b9e95ef1ef74641f79b16e9f4c 
Number of updated asset objects reloaded before import = 0
Number of asset objects unloaded after import = 1
========================================================================
Received Import Request.
  Time of request: 2026-08-22T02:54:42.1917941Z
  Time since last request: 0.0008799 seconds.
  importAddress: GUID: 46a8b2f3e1abb2145a6a4f00b699a87e - Path: Packages/com.unity.render-pipelines.universal/Runtime/Decal/Entities/DecalUpdateCulledSystem.cs - Importer: ScriptedImporter/UnityEditor.QuickSearchModule:UnityEditor.Search:ASIAI0B
Importing 'GUID: 46a8b2f3e1abb2145a6a4f00b699a87e - Path: Packages/com.unity.render-pipelines.universal/Runtime/Decal/Entities/DecalUpdateCulledSystem.cs - Importer: ScriptedImporter/UnityEditor.QuickSearchModule:UnityEditor.Search:ASIAI0B' with importer (ScriptedImporter : UnityEditor.QuickSearchModule:UnityEditor.Search:ASIAI0B)
Imported 'GUID: 46a8b2f3e1abb2145a6a4f00b699a87e' -> (Import Result ID: '2ad602eb5a80abbc63b06a31a07788b3') in 0.007 seconds [static and dynamic dependencies]. Details - ImportResultOutputID=4e716625e61f52905b0023293e422463 DependenciesID=7d89cb616123e7cfdc205df6742f630a StaticDependenciesID=144470a56fb3d967c196df1d4e05f3c4 
Number of updated asset objects reloaded before import = 0
Number of asset objects unloaded after import = 0
========================================================================
Received Import Request.
  Time of request: 2026-08-22T02:54:42.2249834Z
  Time since last request: 0.000583 seconds.
  importAddress: GUID: 3ff5a8cb01afe45ceb78977408e21133 - Path: Packages/com.unity.render-pipelines.universal/Runtime/Passes/PostProcess/StopNanPostProcessPass.cs - Importer: ScriptedImporter/UnityEditor.QuickSearchModule:UnityEditor.Search:ASIAI0B
Importing 'GUID: 3ff5a8cb01afe45ceb78977408e21133 - Path: Packages/com.unity.render-pipelines.universal/Runtime/Passes/PostProcess/StopNanPostProcessPass.cs - Importer: ScriptedImporter/UnityEditor.QuickSearchModule:UnityEditor.Search:ASIAI0B' with importer (ScriptedImporter : UnityEditor.QuickSearchModule:UnityEditor.Search:ASIAI0B)
Imported 'GUID: 3ff5a8cb01afe45ceb78977408e21133' -> (Import Result ID: 'c764d32e6410cd1a5266a6ef48dee314') in 0.009 seconds [static and dynamic dependencies]. Details - ImportResultOutputID=ce65a96f4e1715fb87dd22bbbdcd4aaf DependenciesID=3486e1da4d8c4d0ee52a9517bec35f2f StaticDependenciesID=354431348fe1b64d230c05de1a294af3 
Number of updated asset objects reloaded before import = 0
Number of asset objects unloaded after import = 0
========================================================================
Received Import Request.
  Time of request: 2026-08-22T02:54:42.2539639Z
  Time since last request: 0.0006218 seconds.
  importAddress: GUID: 81f448cc93783d24fbc04af4b95e8af0 - Path: Packages/com.unity.render-pipelines.universal/Runtime/Decal/Entities/DecalUpdateCullingGroupSystem.cs - Importer: ScriptedImporter/UnityEditor.QuickSearchModule:UnityEditor.Search:ASIAI0B
Importing 'GUID: 81f448cc93783d24fbc04af4b95e8af0 - Path: Packages/com.unity.render-pipelines.universal/Runtime/Decal/Entities/DecalUpdateCullingGroupSystem.cs - Importer: ScriptedImporter/UnityEditor.QuickSearchModule:UnityEditor.Search:ASIAI0B' with importer (ScriptedImporter : UnityEditor.QuickSearchModule:UnityEditor.Search:ASIAI0B)
Imported 'GUID: 81f448cc93783d24fbc04af4b95e8af0' -> (Import Result ID: '1e5e6deec6beeb893c4e380e6106743f') in 0.007 seconds [static and dynamic dependencies]. Details - ImportResultOutputID=101fa2e3a0f051302edc25f980271251 DependenciesID=010109541e67d5e220ca70a5b33fa42e StaticDependenciesID=1763fa25abfec624342d2c6b6c9e2394 
Number of updated asset objects reloaded before import = 0
Number of asset objects unloaded after import = 0
========================================================================
Received Import Request.
  Time of request: 2026-08-22T02:54:42.2826254Z
  Time since last request: 0.0008086 seconds.
  importAddress: GUID: 9d3c965386a423a4b9b2f6b30ecad735 - Path: Packages/com.unity.render-pipelines.universal/Runtime/2D/Shadows/ShadowCasterGroup2DManager.cs - Importer: ScriptedImporter/UnityEditor.QuickSearchModule:UnityEditor.Search:ASIAI0B
Importing 'GUID: 9d3c965386a423a4b9b2f6b30ecad735 - Path: Packages/com.unity.render-pipelines.universal/Runtime/2D/Shadows/ShadowCasterGroup2DManager.cs - Importer: ScriptedImporter/UnityEditor.QuickSearchModule:UnityEditor.Search:ASIAI0B' with importer (ScriptedImporter : UnityEditor.QuickSearchModule:UnityEditor.Search:ASIAI0B)
Imported 'GUID: 9d3c965386a423a4b9b2f6b30ecad735' -> (Import Result ID: '6ed0b4ab0fb8525943c6bd6c4b42955e') in 0.006 seconds [static and dynamic dependencies]. Details - ImportResultOutputID=bc754864d599fbe58a7172231d3cd6c8 DependenciesID=be71c5008f3f7467a1bf7f1eeeddb36a StaticDependenciesID=221dd995c41533e89859e775e3e9d925 
Number of updated asset objects reloaded before import = 0
Number of asset objects unloaded after import = 0
========================================================================
Received Import Request.
  Time of request: 2026-08-22T02:54:42.3101776Z
  Time since last request: 0.0006319 seconds.
  importAddress: GUID: 1d7f8ba4f5bcca541bb11360a0dc18b8 - Path: Packages/com.unity.render-pipelines.universal/Runtime/2D/Sources/Light2DProviderSource.cs - Importer: ScriptedImporter/UnityEditor.QuickSearchModule:UnityEditor.Search:ASIAI0B
Importing 'GUID: 1d7f8ba4f5bcca541bb11360a0dc18b8 - Path: Packages/com.unity.render-pipelines.universal/Runtime/2D/Sources/Light2DProviderSource.cs - Importer: ScriptedImporter/UnityEditor.QuickSearchModule:UnityEditor.Search:ASIAI0B' with importer (ScriptedImporter : UnityEditor.QuickSearchModule:UnityEditor.Search:ASIAI0B)
Imported 'GUID: 1d7f8ba4f5bcca541bb11360a0dc18b8' -> (Import Result ID: '6eede0eeb266e7de13de41e280a09553') in 0.007 seconds [static and dynamic dependencies]. Details - ImportResultOutputID=96f8f2495f607c2b339287be236ec2ac DependenciesID=934d04f7265ee5c719c9c33b8b8aa97d StaticDependenciesID=a7e51b9ccd865ee57ff434caed5eaf3e 
Number of updated asset objects reloaded before import = 0
Number of asset objects unloaded after import = 0
========================================================================
Received Import Request.
  Time of request: 2026-08-22T02:54:42.3384763Z
  Time since last request: 0.0015249 seconds.
  importAddress: GUID: 7c302ee1d7410a6458981a5f329520b4 - Path: Packages/com.unity.render-pipelines.universal/Runtime/RendererFeatures/SurfaceCacheGIRendererFeature/ScreenResolveUpsampling.compute - Importer: ScriptedImporter/UnityEditor.QuickSearchModule:UnityEditor.Search:ASIAI0B
Importing 'GUID: 7c302ee1d7410a6458981a5f329520b4 - Path: Packages/com.unity.render-pipelines.universal/Runtime/RendererFeatures/SurfaceCacheGIRendererFeature/ScreenResolveUpsampling.compute - Importer: ScriptedImporter/UnityEditor.QuickSearchModule:UnityEditor.Search:ASIAI0B' with importer (ScriptedImporter : UnityEditor.QuickSearchModule:UnityEditor.Search:ASIAI0B)
Imported 'GUID: 7c302ee1d7410a6458981a5f329520b4' -> (Import Result ID: '4b66ab1be8a5bd76da298fb24936eb4c') in 0.007 seconds [static and dynamic dependencies]. Details - ImportResultOutputID=809ae32c93a31e29637d6437db7bd05f DependenciesID=10e83ba40065b3fcd03688a0b6eb8876 StaticDependenciesID=c9c28cb115ec11b7b3e81f6031559330 
Number of updated asset objects reloaded before import = 0
Number of asset objects unloaded after import = 1
========================================================================
Received Import Request.
  Time of request: 2026-08-22T02:54:42.3680341Z
  Time since last request: 0.0006553 seconds.
  importAddress: GUID: 7c68662492324997981f99fb0847793d - Path: Packages/com.unity.render-pipelines.universal/Runtime/Passes/PostProcess/LensFlareScreenSpacePostProcessPass.cs - Importer: ScriptedImporter/UnityEditor.QuickSearchModule:UnityEditor.Search:ASIAI0B
Importing 'GUID: 7c68662492324997981f99fb0847793d - Path: Packages/com.unity.render-pipelines.universal/Runtime/Passes/PostProcess/LensFlareScreenSpacePostProcessPass.cs - Importer: ScriptedImporter/UnityEditor.QuickSearchModule:UnityEditor.Search:ASIAI0B' with importer (ScriptedImporter : UnityEditor.QuickSearchModule:UnityEditor.Search:ASIAI0B)
Imported 'GUID: 7c68662492324997981f99fb0847793d' -> (Import Result ID: '1c8f229c8cae1ca4036b4f6b749a22d9') in 0.008 seconds [static and dynamic dependencies]. Details - ImportResultOutputID=298a9ada76cbc19554d3f0f8c5748b83 DependenciesID=9dabcef8bd8777a2d58753870481dbdd StaticDependenciesID=cd3082c2425313161858005e34e1c07c 
Number of updated asset objects reloaded before import = 0
Number of asset objects unloaded after import = 0
========================================================================
Received Import Request.
  Time of request: 2026-08-22T02:54:42.3983795Z
  Time since last request: 0.0012685 seconds.
  importAddress: GUID: e6ccd2bcab38044d49049ca64624997a - Path: Packages/com.unity.render-pipelines.universal/Runtime/Passes/PostProcess/ScalingSetupPostProcessPass.cs - Importer: ScriptedImporter/UnityEditor.QuickSearchModule:UnityEditor.Search:ASIAI0B
Importing 'GUID: e6ccd2bcab38044d49049ca64624997a - Path: Packages/com.unity.render-pipelines.universal/Runtime/Passes/PostProcess/ScalingSetupPostProcessPass.cs - Importer: ScriptedImporter/UnityEditor.QuickSearchModule:UnityEditor.Search:ASIAI0B' with importer (ScriptedImporter : UnityEditor.QuickSearchModule:UnityEditor.Search:ASIAI0B)
Imported 'GUID: e6ccd2bcab38044d49049ca64624997a' -> (Import Result ID: '8c79e19723a57dac96f0b557eb00734d') in 0.004 seconds [static and dynamic dependencies]. Details - ImportResultOutputID=dda58f7f187b2fe07e1ea009791d79fe DependenciesID=2cbf0c3c99ba8e7f1d8d24b675ae8ce8 StaticDependenciesID=02607ff2e3488bcfb1929906c368b8f9 
Number of updated asset objects reloaded before import = 0
Number of asset objects unloaded after import = 0
========================================================================
Received Import Request.
  Time of request: 2026-08-22T02:54:42.4241315Z
  Time since last request: 0.0006861 seconds.
  importAddress: GUID: 8e7118b526134a64dac2e096e1466dd6 - Path: Packages/com.unity.render-pipelines.universal/Runtime/Decal/Entities/DecalDrawSystem.cs - Importer: ScriptedImporter/UnityEditor.QuickSearchModule:UnityEditor.Search:ASIAI0B
Importing 'GUID: 8e7118b526134a64dac2e096e1466dd6 - Path: Packages/com.unity.render-pipelines.universal/Runtime/Decal/Entities/DecalDrawSystem.cs - Importer: ScriptedImporter/UnityEditor.QuickSearchModule:UnityEditor.Search:ASIAI0B' with importer (ScriptedImporter : UnityEditor.QuickSearchModule:UnityEditor.Search:ASIAI0B)
Imported 'GUID: 8e7118b526134a64dac2e096e1466dd6' -> (Import Result ID: 'b0b222c3945d855858f90b000460b412') in 0.004 seconds [static and dynamic dependencies]. Details - ImportResultOutputID=b5470affbe55ff78234282bbf815d011 DependenciesID=d8bc1cb90d0be14072be2238b9929b7a StaticDependenciesID=a391a2e78acdd9b1da55011be13200f6 
Number of updated asset objects reloaded before import = 0
Number of asset objects unloaded after import = 0
========================================================================
Received Import Request.
  Time of request: 2026-08-22T02:54:42.4472656Z
  Time since last request: 0.0005621 seconds.
  importAddress: GUID: c8e19e79f3205474ab6ddb2a8c2d50f7 - Path: Packages/com.unity.render-pipelines.universal/Runtime/Decal/Entities/DecalChunk.cs - Importer: ScriptedImporter/UnityEditor.QuickSearchModule:UnityEditor.Search:ASIAI0B
Importing 'GUID: c8e19e79f3205474ab6ddb2a8c2d50f7 - Path: Packages/com.unity.render-pipelines.universal/Runtime/Decal/Entities/DecalChunk.cs - Importer: ScriptedImporter/UnityEditor.QuickSearchModule:UnityEditor.Search:ASIAI0B' with importer (ScriptedImporter : UnityEditor.QuickSearchModule:UnityEditor.Search:ASIAI0B)
Imported 'GUID: c8e19e79f3205474ab6ddb2a8c2d50f7' -> (Import Result ID: 'cbd52d4a76627665ba4879c73528f75d') in 0.007 seconds [static and dynamic dependencies]. Details - ImportResultOutputID=e17bcd974749dd7ee286ed8e33448ff4 DependenciesID=b151e740de1db5499dd49230d62377da StaticDependenciesID=3ab4579cccfbd51281fc2511505e289a 
Number of updated asset objects reloaded before import = 0
Number of asset objects unloaded after import = 0
========================================================================
Received Import Request.
  Time of request: 2026-08-22T02:54:42.4768845Z
  Time since last request: 0.0005903 seconds.
  importAddress: GUID: 65a21829bcfc0a7458e8ae05cf1e6291 - Path: Packages/com.unity.render-pipelines.universal/Runtime/2D/Sources/Provider2DKVPair.cs - Importer: ScriptedImporter/UnityEditor.QuickSearchModule:UnityEditor.Search:ASIAI0B
Importing 'GUID: 65a21829bcfc0a7458e8ae05cf1e6291 - Path: Packages/com.unity.render-pipelines.universal/Runtime/2D/Sources/Provider2DKVPair.cs - Importer: ScriptedImporter/UnityEditor.QuickSearchModule:UnityEditor.Search:ASIAI0B' with importer (ScriptedImporter : UnityEditor.QuickSearchModule:UnityEditor.Search:ASIAI0B)
Imported 'GUID: 65a21829bcfc0a7458e8ae05cf1e6291' -> (Import Result ID: '1a7473d7d57631f333ad5fca72880ef8') in 0.007 seconds [static and dynamic dependencies]. Details - ImportResultOutputID=c7ccf71cd6dc3962683b0dda03ddeb1e DependenciesID=27863850e6760af3f305093cb2205e1b StaticDependenciesID=c4711a69fd6ae69b8b7c798660d2e6e3 
Number of updated asset objects reloaded before import = 0
Number of asset objects unloaded after import = 0
========================================================================
Received Import Request.
  Time of request: 2026-08-22T02:54:42.5064501Z
  Time since last request: 0.0006993 seconds.
  importAddress: GUID: 8a239b3da89050c4e89ac06b168fc684 - Path: Packages/com.unity.render-pipelines.universal/Runtime/RendererFeatures/SurfaceCacheGIRendererFeature/FallbackMaterial.mat - Importer: ScriptedImporter/UnityEditor.QuickSearchModule:UnityEditor.Search:ASIAI0B
Importing 'GUID: 8a239b3da89050c4e89ac06b168fc684 - Path: Packages/com.unity.render-pipelines.universal/Runtime/RendererFeatures/SurfaceCacheGIRendererFeature/FallbackMaterial.mat - Importer: ScriptedImporter/UnityEditor.QuickSearchModule:UnityEditor.Search:ASIAI0B' with importer (ScriptedImporter : UnityEditor.QuickSearchModule:UnityEditor.Search:ASIAI0B)
Imported 'GUID: 8a239b3da89050c4e89ac06b168fc684' -> (Import Result ID: 'c222b8027841196faf070d746052280c') in 0.017 seconds [static and dynamic dependencies]. Details - ImportResultOutputID=8bda6356ff67b4773df8000cde151559 DependenciesID=4006619f27ce3c78a2408fa6b919531f StaticDependenciesID=ea1f2c84869729cae9c9286bb816b6a9 
Number of updated asset objects reloaded before import = 0
Number of asset objects unloaded after import = 1
========================================================================
Received Import Request.
  Time of request: 2026-08-22T02:54:42.547907Z
  Time since last request: 0.0005859 seconds.
  importAddress: GUID: 7db70e0ea77f5ac47a8f4565a9406397 - Path: Packages/com.unity.render-pipelines.universal/Runtime/2D/Shadows/ShadowCaster2D.cs - Importer: ScriptedImporter/UnityEditor.QuickSearchModule:UnityEditor.Search:ASIAI0B
Importing 'GUID: 7db70e0ea77f5ac47a8f4565a9406397 - Path: Packages/com.unity.render-pipelines.universal/Runtime/2D/Shadows/ShadowCaster2D.cs - Importer: ScriptedImporter/UnityEditor.QuickSearchModule:UnityEditor.Search:ASIAI0B' with importer (ScriptedImporter : UnityEditor.QuickSearchModule:UnityEditor.Search:ASIAI0B)
Imported 'GUID: 7db70e0ea77f5ac47a8f4565a9406397' -> (Import Result ID: 'bff051b45b96bad41c048eb6ac91e942') in 0.006 seconds [static and dynamic dependencies]. Details - ImportResultOutputID=bcacea8d106154e021e23c5d2539058d DependenciesID=70c49b795567fc614ce2c20afa91edf2 StaticDependenciesID=f85f5eee3eb99fc1f51b2de9bdf663a0 
Number of updated asset objects reloaded before import = 0
Number of asset objects unloaded after import = 0
========================================================================
Received Import Request.
  Time of request: 2026-08-22T02:54:42.5727514Z
  Time since last request: 0.000507 seconds.
  importAddress: GUID: 389e75599c6f47399ec151a887fef961 - Path: Packages/com.unity.render-pipelines.universal/Runtime/Passes/PostProcess/PostProcessPass.cs - Importer: ScriptedImporter/UnityEditor.QuickSearchModule:UnityEditor.Search:ASIAI0B
Importing 'GUID: 389e75599c6f47399ec151a887fef961 - Path: Packages/com.unity.render-pipelines.universal/Runtime/Passes/PostProcess/PostProcessPass.cs - Importer: ScriptedImporter/UnityEditor.QuickSearchModule:UnityEditor.Search:ASIAI0B' with importer (ScriptedImporter : UnityEditor.QuickSearchModule:UnityEditor.Search:ASIAI0B)
Imported 'GUID: 389e75599c6f47399ec151a887fef961' -> (Import Result ID: 'b1ec0703d171fb1e36af229cc5071a43') in 0.006 seconds [static and dynamic dependencies]. Details - ImportResultOutputID=2c4c84610f844d4dfd88ac5f87c95d5b DependenciesID=77a1369b90638b41e3cd3e5253555cea StaticDependenciesID=283458efb8ad56f07332112e5527d2d4 
Number of updated asset objects reloaded before import = 0
Number of asset objects unloaded after import = 0
========================================================================
Received Import Request.
  Time of request: 2026-08-22T02:54:42.6002852Z
  Time since last request: 0.0005953 seconds.
  importAddress: GUID: 14a1338d3233f42aca614647651477ee - Path: Packages/com.unity.render-pipelines.universal/Runtime/Passes/PostProcess/DepthOfFieldGaussianPostProcessPass.cs - Importer: ScriptedImporter/UnityEditor.QuickSearchModule:UnityEditor.Search:ASIAI0B
Importing 'GUID: 14a1338d3233f42aca614647651477ee - Path: Packages/com.unity.render-pipelines.universal/Runtime/Passes/PostProcess/DepthOfFieldGaussianPostProcessPass.cs - Importer: ScriptedImporter/UnityEditor.QuickSearchModule:UnityEditor.Search:ASIAI0B' with importer (ScriptedImporter : UnityEditor.QuickSearchModule:UnityEditor.Search:ASIAI0B)
Imported 'GUID: 14a1338d3233f42aca614647651477ee' -> (Import Result ID: '2806110b877d1b59754c906b94744986') in 0.011 seconds [static and dynamic dependencies]. Details - ImportResultOutputID=45dbfd637a628fc4e6b67e2a82cd045d DependenciesID=aab787d828f62ba5ebcc159164007f12 StaticDependenciesID=5fb9c7639cf6ff20be5b0a417ddff7eb 
Number of updated asset objects reloaded before import = 0
Number of asset objects unloaded after import = 0
========================================================================
Received Import Request.
  Time of request: 2026-08-22T02:54:42.6341878Z
  Time since last request: 0.0005185 seconds.
  importAddress: GUID: 36f159460b6b00648afabd8225abd962 - Path: Packages/com.unity.render-pipelines.universal/Runtime/2D/Sources/Light2DSource_BuiltIn.cs - Importer: ScriptedImporter/UnityEditor.QuickSearchModule:UnityEditor.Search:ASIAI0B
Importing 'GUID: 36f159460b6b00648afabd8225abd962 - Path: Packages/com.unity.render-pipelines.universal/Runtime/2D/Sources/Light2DSource_BuiltIn.cs - Importer: ScriptedImporter/UnityEditor.QuickSearchModule:UnityEditor.Search:ASIAI0B' with importer (ScriptedImporter : UnityEditor.QuickSearchModule:UnityEditor.Search:ASIAI0B)
Imported 'GUID: 36f159460b6b00648afabd8225abd962' -> (Import Result ID: '7506861e25a58b4466baa70d79513535') in 0.007 seconds [static and dynamic dependencies]. Details - ImportResultOutputID=bad930be43a1778d281d306a40f3fe3a DependenciesID=0fb3c47ce506f88c4659ba5fd2783a25 StaticDependenciesID=f05b7375134ed2bbd997ef347d1ec313 
Number of updated asset objects reloaded before import = 0
Number of asset objects unloaded after import = 0
========================================================================
Received Import Request.
  Time of request: 2026-08-22T02:54:42.664056Z
  Time since last request: 0.0005484 seconds.
  importAddress: GUID: d776af40f15db584481ac25590babc57 - Path: Packages/com.unity.render-pipelines.universal/Runtime/Decal/Entities/DecalEntityManager.cs - Importer: ScriptedImporter/UnityEditor.QuickSearchModule:UnityEditor.Search:ASIAI0B
Importing 'GUID: d776af40f15db584481ac25590babc57 - Path: Packages/com.unity.render-pipelines.universal/Runtime/Decal/Entities/DecalEntityManager.cs - Importer: ScriptedImporter/UnityEditor.QuickSearchModule:UnityEditor.Search:ASIAI0B' with importer (ScriptedImporter : UnityEditor.QuickSearchModule:UnityEditor.Search:ASIAI0B)
Imported 'GUID: d776af40f15db584481ac25590babc57' -> (Import Result ID: 'da33b8735d5e28f7fbea143f56ed31ca') in 0.006 seconds [static and dynamic dependencies]. Details - ImportResultOutputID=fa7766d54ddeb2d458eb198a08602554 DependenciesID=1be5fbee7681ca641b0c2da7d17ee35a StaticDependenciesID=6b98e3b5994372492d4a3559e94381a7 
Number of updated asset objects reloaded before import = 0
Number of asset objects unloaded after import = 0
========================================================================
Received Import Request.
  Time of request: 2026-08-22T02:54:42.6942963Z
  Time since last request: 0.0011323 seconds.
  importAddress: GUID: aef66ab76b8cc4546855b92dfdddeb23 - Path: Packages/com.unity.render-pipelines.universal/Runtime/Passes/PostProcess/FinalPostProcessPass.cs - Importer: ScriptedImporter/UnityEditor.QuickSearchModule:UnityEditor.Search:ASIAI0B
Importing 'GUID: aef66ab76b8cc4546855b92dfdddeb23 - Path: Packages/com.unity.render-pipelines.universal/Runtime/Passes/PostProcess/FinalPostProcessPass.cs - Importer: ScriptedImporter/UnityEditor.QuickSearchModule:UnityEditor.Search:ASIAI0B' with importer (ScriptedImporter : UnityEditor.QuickSearchModule:UnityEditor.Search:ASIAI0B)
Imported 'GUID: aef66ab76b8cc4546855b92dfdddeb23' -> (Import Result ID: '4cb2870cb9d9b8e62aa734b498f7a3ff') in 0.009 seconds [static and dynamic dependencies]. Details - ImportResultOutputID=dc68e571abfea496050091273a869d0a DependenciesID=683d8487544f6eca0e94dfc3b5bb7462 StaticDependenciesID=5d383182fac3182b351511309713d9a7 
Number of updated asset objects reloaded before import = 0
Number of asset objects unloaded after import = 0
========================================================================
Received Import Request.
  Time of request: 2026-08-22T02:54:42.7260335Z
  Time since last request: 0.0009365 seconds.
  importAddress: GUID: 1a207e3bee00db44b940e6f362a8e148 - Path: Packages/com.unity.render-pipelines.universal/Runtime/Materials/PhysicalMaterial3DsMax/PhysicalMaterial3DsMaxTransparent.shadergraph - Importer: ScriptedImporter/UnityEditor.QuickSearchModule:UnityEditor.Search:ASIAI0B
Importing 'GUID: 1a207e3bee00db44b940e6f362a8e148 - Path: Packages/com.unity.render-pipelines.universal/Runtime/Materials/PhysicalMaterial3DsMax/PhysicalMaterial3DsMaxTransparent.shadergraph - Importer: ScriptedImporter/UnityEditor.QuickSearchModule:UnityEditor.Search:ASIAI0B' with importer (ScriptedImporter : UnityEditor.QuickSearchModule:UnityEditor.Search:ASIAI0B)
Imported 'GUID: 1a207e3bee00db44b940e6f362a8e148' -> (Import Result ID: 'b009204abd7a0b05d9a8f1d1837f9329') in 0.028 seconds [static and dynamic dependencies]. Details - ImportResultOutputID=3b2b364509e3ae2a4d33e9d1abd63ef0 DependenciesID=0b07d84720b5783cdc3dd16727a8ac4d StaticDependenciesID=b073f6233628b707dcbfd25fa2c1cb09 
Number of updated asset objects reloaded before import = 0
Number of asset objects unloaded after import = 6
========================================================================
Received Import Request.
  Time of request: 2026-08-22T02:54:42.7772803Z
  Time since last request: 0.000033 seconds.
  importAddress: GUID: d9b7ea2602695214b8674204f5127c20 - Path: Packages/com.unity.render-pipelines.universal/Runtime/2D/Sources/Shadow2DProviderSources.cs - Importer: ScriptedImporter/UnityEditor.QuickSearchModule:UnityEditor.Search:ASIAI0B
Importing 'GUID: d9b7ea2602695214b8674204f5127c20 - Path: Packages/com.unity.render-pipelines.universal/Runtime/2D/Sources/Shadow2DProviderSources.cs - Importer: ScriptedImporter/UnityEditor.QuickSearchModule:UnityEditor.Search:ASIAI0B' with importer (ScriptedImporter : UnityEditor.QuickSearchModule:UnityEditor.Search:ASIAI0B)
Imported 'GUID: d9b7ea2602695214b8674204f5127c20' -> (Import Result ID: 'bac8df8e1ee1756c7a5495865f90c287') in 0.006 seconds [static and dynamic dependencies]. Details - ImportResultOutputID=77241145bf8b89794d695d286600c3c5 DependenciesID=507fba62d4866b778088cf66dcb37ba3 StaticDependenciesID=7f294f27adc7145ee0877ee7f271e2a8 
Number of updated asset objects reloaded before import = 0
Number of asset objects unloaded after import = 0
========================================================================
Received Import Request.
  Time of request: 2026-08-22T02:54:42.8066497Z
  Time since last request: 0.0006383 seconds.
  importAddress: GUID: 4083e05963a34a969d61631315469f1c - Path: Packages/com.unity.render-pipelines.universal/Runtime/Passes/PostProcess/UpscalerPostProcessPass.cs - Importer: ScriptedImporter/UnityEditor.QuickSearchModule:UnityEditor.Search:ASIAI0B
Importing 'GUID: 4083e05963a34a969d61631315469f1c - Path: Packages/com.unity.render-pipelines.universal/Runtime/Passes/PostProcess/UpscalerPostProcessPass.cs - Importer: ScriptedImporter/UnityEditor.QuickSearchModule:UnityEditor.Search:ASIAI0B' with importer (ScriptedImporter : UnityEditor.QuickSearchModule:UnityEditor.Search:ASIAI0B)
Imported 'GUID: 4083e05963a34a969d61631315469f1c' -> (Import Result ID: 'e9b6e45cc9a217123ca3245fdbacaa08') in 0.007 seconds [static and dynamic dependencies]. Details - ImportResultOutputID=2d36f694a7e137dc45b5e4f26ac61a0a DependenciesID=b3e81320712cc984fbdbdfed0ff2310e StaticDependenciesID=bd8b31892ee5849676f865d4afa11e7f 
Number of updated asset objects reloaded before import = 0
Number of asset objects unloaded after import = 0
========================================================================
Received Import Request.
  Time of request: 2026-08-22T02:54:42.8368414Z
  Time since last request: 0.0008745 seconds.
  importAddress: GUID: fa054ad1c981d4fdab51c7cc151226c6 - Path: Packages/com.unity.render-pipelines.universal/Runtime/Passes/PostProcess/MotionBlurPostProcessPass.cs - Importer: ScriptedImporter/UnityEditor.QuickSearchModule:UnityEditor.Search:ASIAI0B
Importing 'GUID: fa054ad1c981d4fdab51c7cc151226c6 - Path: Packages/com.unity.render-pipelines.universal/Runtime/Passes/PostProcess/MotionBlurPostProcessPass.cs - Importer: ScriptedImporter/UnityEditor.QuickSearchModule:UnityEditor.Search:ASIAI0B' with importer (ScriptedImporter : UnityEditor.QuickSearchModule:UnityEditor.Search:ASIAI0B)
Imported 'GUID: fa054ad1c981d4fdab51c7cc151226c6' -> (Import Result ID: '1a32286f234df6f45eacd6d02eaa985c') in 0.007 seconds [static and dynamic dependencies]. Details - ImportResultOutputID=e543359856484b40c9ad1358a10371ff DependenciesID=f54439be17d463d4803dc4d282dc705a StaticDependenciesID=8cc6506db7fc40b5f18ea8cfbd1c1b3c 
Number of updated asset objects reloaded before import = 0
Number of asset objects unloaded after import = 0
========================================================================
Received Import Request.
  Time of request: 2026-08-22T02:54:42.8682771Z
  Time since last request: 0.0007155 seconds.
  importAddress: GUID: ad9384b4a85870d429d445bbad3ed38d - Path: Packages/com.unity.render-pipelines.universal/Runtime/Decal/Entities/DecalSkipCulledSystem.cs - Importer: ScriptedImporter/UnityEditor.QuickSearchModule:UnityEditor.Search:ASIAI0B
Importing 'GUID: ad9384b4a85870d429d445bbad3ed38d - Path: Packages/com.unity.render-pipelines.universal/Runtime/Decal/Entities/DecalSkipCulledSystem.cs - Importer: ScriptedImporter/UnityEditor.QuickSearchModule:UnityEditor.Search:ASIAI0B' with importer (ScriptedImporter : UnityEditor.QuickSearchModule:UnityEditor.Search:ASIAI0B)
Imported 'GUID: ad9384b4a85870d429d445bbad3ed38d' -> (Import Result ID: '1fa72ce020fab7f70ff976f5901abb23') in 0.009 seconds [static and dynamic dependencies]. Details - ImportResultOutputID=315f4bd368a5712f0642ccb15b5478fe DependenciesID=bdbdae0d4edae0c85eeab925c1c829aa StaticDependenciesID=4421c1bc6695af671c1111283ae7ed7b 
Number of updated asset objects reloaded before import = 0
Number of asset objects unloaded after import = 0
========================================================================
Received Import Request.
  Time of request: 2026-08-22T02:54:42.9020212Z
  Time since last request: 0.0022211 seconds.
  importAddress: GUID: d5c66722071146f69b099990ed8bcbda - Path: Packages/com.unity.render-pipelines.universal/Runtime/Passes/PostProcess/PaniniProjectionPostProcessPass.cs - Importer: ScriptedImporter/UnityEditor.QuickSearchModule:UnityEditor.Search:ASIAI0B
Importing 'GUID: d5c66722071146f69b099990ed8bcbda - Path: Packages/com.unity.render-pipelines.universal/Runtime/Passes/PostProcess/PaniniProjectionPostProcessPass.cs - Importer: ScriptedImporter/UnityEditor.QuickSearchModule:UnityEditor.Search:ASIAI0B' with importer (ScriptedImporter : UnityEditor.QuickSearchModule:UnityEditor.Search:ASIAI0B)
Imported 'GUID: d5c66722071146f69b099990ed8bcbda' -> (Import Result ID: 'd6b40f1f25f1d95dab36d769e79ab753') in 0.011 seconds [static and dynamic dependencies]. Details - ImportResultOutputID=2bb37ed4a6fdf65fce761214f23651a5 DependenciesID=807094b0cc5809072ae11fd40c9445c4 StaticDependenciesID=c7f9d8f173afacc46ffd3728eaf19664 
Number of updated asset objects reloaded before import = 0
Number of asset objects unloaded after import = 0
========================================================================
Received Import Request.
  Time of request: 2026-08-22T02:54:42.9394547Z
  Time since last request: 0.0008599 seconds.
  importAddress: GUID: bc72453fe7004b54a9b676b403c0ba54 - Path: Packages/com.unity.render-pipelines.universal/Runtime/Decal/DBuffer/DBufferDepthCopyPass.cs - Importer: ScriptedImporter/UnityEditor.QuickSearchModule:UnityEditor.Search:ASIAI0B
Importing 'GUID: bc72453fe7004b54a9b676b403c0ba54 - Path: Packages/com.unity.render-pipelines.universal/Runtime/Decal/DBuffer/DBufferDepthCopyPass.cs - Importer: ScriptedImporter/UnityEditor.QuickSearchModule:UnityEditor.Search:ASIAI0B' with importer (ScriptedImporter : UnityEditor.QuickSearchModule:UnityEditor.Search:ASIAI0B)
Imported 'GUID: bc72453fe7004b54a9b676b403c0ba54' -> (Import Result ID: '90335de16c40233f7c943d40d1d9803d') in 0.006 seconds [static and dynamic dependencies]. Details - ImportResultOutputID=4d98dde2a8a8c33c98c96966cc9a05b2 DependenciesID=0068a580ed88298eb95d51078ed5a3ee StaticDependenciesID=a447bef8ac9e53d09c9fb972ee5ca268 
Number of updated asset objects reloaded before import = 0
Number of asset objects unloaded after import = 0
========================================================================
Received Import Request.
  Time of request: 2026-08-22T02:54:42.9684151Z
  Time since last request: 0.0005913 seconds.
  importAddress: GUID: 4d40202dfa5473d44bcdc97e00d74703 - Path: Packages/com.unity.render-pipelines.universal/Runtime/RendererFeatures/SurfaceCacheGIRendererFeature/Debug.compute - Importer: ScriptedImporter/UnityEditor.QuickSearchModule:UnityEditor.Search:ASIAI0B
Importing 'GUID: 4d40202dfa5473d44bcdc97e00d74703 - Path: Packages/com.unity.render-pipelines.universal/Runtime/RendererFeatures/SurfaceCacheGIRendererFeature/Debug.compute - Importer: ScriptedImporter/UnityEditor.QuickSearchModule:UnityEditor.Search:ASIAI0B' with importer (ScriptedImporter : UnityEditor.QuickSearchModule:UnityEditor.Search:ASIAI0B)
Imported 'GUID: 4d40202dfa5473d44bcdc97e00d74703' -> (Import Result ID: '93621c3474b53a0a3efa3eeca01d317d') in 0.008 seconds [static and dynamic dependencies]. Details - ImportResultOutputID=af9a4439504a70f74732f3bf098368ef DependenciesID=c008af837299066cbbd10eb0eff72347 StaticDependenciesID=683aa1408178e84a3044f29c2f214cdb 
Number of updated asset objects reloaded before import = 0
Number of asset objects unloaded after import = 1
========================================================================
Received Import Request.
  Time of request: 2026-08-22T02:54:42.998979Z
  Time since last request: 0.0005435 seconds.
  importAddress: GUID: 93c9bd87382837c4aab136fa4c0c7bf8 - Path: Packages/com.unity.render-pipelines.universal/Runtime/Decal/DBuffer/DecalForwardEmissivePass.cs - Importer: ScriptedImporter/UnityEditor.QuickSearchModule:UnityEditor.Search:ASIAI0B
Importing 'GUID: 93c9bd87382837c4aab136fa4c0c7bf8 - Path: Packages/com.unity.render-pipelines.universal/Runtime/Decal/DBuffer/DecalForwardEmissivePass.cs - Importer: ScriptedImporter/UnityEditor.QuickSearchModule:UnityEditor.Search:ASIAI0B' with importer (ScriptedImporter : UnityEditor.QuickSearchModule:UnityEditor.Search:ASIAI0B)
Imported 'GUID: 93c9bd87382837c4aab136fa4c0c7bf8' -> (Import Result ID: '1b5f8b6ee64a8054707f58782c71e0e9') in 0.012 seconds [static and dynamic dependencies]. Details - ImportResultOutputID=1b1a154fa29c145d39655ccf1547e9d7 DependenciesID=00d7e9dc848c1f89ac07ddf1dd7ebd79 StaticDependenciesID=a3c6cdb7517df1e91ef1f9b23fd6750d 
Number of updated asset objects reloaded before import = 0
Number of asset objects unloaded after import = 0
========================================================================
Received Import Request.
  Time of request: 2026-08-22T02:54:43.0338918Z
  Time since last request: 0.0009643 seconds.
  importAddress: GUID: 968d592865a36d64abb3a8de86ddbc91 - Path: Packages/com.unity.render-pipelines.universal/Runtime/2D/Sources/IProvider2DSources.cs - Importer: ScriptedImporter/UnityEditor.QuickSearchModule:UnityEditor.Search:ASIAI0B
Importing 'GUID: 968d592865a36d64abb3a8de86ddbc91 - Path: Packages/com.unity.render-pipelines.universal/Runtime/2D/Sources/IProvider2DSources.cs - Importer: ScriptedImporter/UnityEditor.QuickSearchModule:UnityEditor.Search:ASIAI0B' with importer (ScriptedImporter : UnityEditor.QuickSearchModule:UnityEditor.Search:ASIAI0B)
Imported 'GUID: 968d592865a36d64abb3a8de86ddbc91' -> (Import Result ID: '448babf5d8c25d20267c5e53ab429e7d') in 0.006 seconds [static and dynamic dependencies]. Details - ImportResultOutputID=fa1ba1c7be55b6be36829d284d337ce6 DependenciesID=e4f4595e1ba8d2ffb85b0ee3c7e84155 StaticDependenciesID=20dee6e6744db6e1854c8babdcef1365 
Number of updated asset objects reloaded before import = 0
Number of asset objects unloaded after import = 0
========================================================================
Received Import Request.
  Time of request: 2026-08-22T02:54:43.0638018Z
  Time since last request: 0.0005614 seconds.
  importAddress: GUID: 3d9fc4c0ae8e22f49a8ebefad82718d9 - Path: Packages/com.unity.render-pipelines.universal/Runtime/RendererFeatures/SurfaceCacheGIRendererFeature/PatchAllocation.compute - Importer: ScriptedImporter/UnityEditor.QuickSearchModule:UnityEditor.Search:ASIAI0B
Importing 'GUID: 3d9fc4c0ae8e22f49a8ebefad82718d9 - Path: Packages/com.unity.render-pipelines.universal/Runtime/RendererFeatures/SurfaceCacheGIRendererFeature/PatchAllocation.compute - Importer: ScriptedImporter/UnityEditor.QuickSearchModule:UnityEditor.Search:ASIAI0B' with importer (ScriptedImporter : UnityEditor.QuickSearchModule:UnityEditor.Search:ASIAI0B)
Imported 'GUID: 3d9fc4c0ae8e22f49a8ebefad82718d9' -> (Import Result ID: 'b1262e00b3fbf945fd67bf78c405abd8') in 0.006 seconds [static and dynamic dependencies]. Details - ImportResultOutputID=2feb0444102376b1799e80d635404b57 DependenciesID=358e5cb3adeec59caefd0529814a1ef2 StaticDependenciesID=4f91748ba446566988561038d188b331 
Number of updated asset objects reloaded before import = 0
Number of asset objects unloaded after import = 1
========================================================================
Received Import Request.
  Time of request: 2026-08-22T02:54:43.0911689Z
  Time since last request: 0.0007848 seconds.
  importAddress: GUID: 013fd020dbca2ff4aa86ad4cf51ab0ef - Path: Packages/com.unity.render-pipelines.universal/Runtime/2D/Sources/Shadow2DSource_ShapeEditor.cs - Importer: ScriptedImporter/UnityEditor.QuickSearchModule:UnityEditor.Search:ASIAI0B
Importing 'GUID: 013fd020dbca2ff4aa86ad4cf51ab0ef - Path: Packages/com.unity.render-pipelines.universal/Runtime/2D/Sources/Shadow2DSource_ShapeEditor.cs - Importer: ScriptedImporter/UnityEditor.QuickSearchModule:UnityEditor.Search:ASIAI0B' with importer (ScriptedImporter : UnityEditor.QuickSearchModule:UnityEditor.Search:ASIAI0B)
Imported 'GUID: 013fd020dbca2ff4aa86ad4cf51ab0ef' -> (Import Result ID: '0a26d3ceed07500bf4716ea17ce96e34') in 0.006 seconds [static and dynamic dependencies]. Details - ImportResultOutputID=ec54e173e31a025d1dec97f08b86aeeb DependenciesID=9524f5e5119d9d17ecb58f7df535b455 StaticDependenciesID=a8afdda06c52df6d34e63a013bca77ee 
Number of updated asset objects reloaded before import = 0
Number of asset objects unloaded after import = 0
========================================================================
Received Import Request.
  Time of request: 2026-08-22T02:54:43.1198717Z
  Time since last request: 0.0007255 seconds.
  importAddress: GUID: 6fb6d1c3ff6b1434aa8c4affe8313171 - Path: Packages/com.unity.render-pipelines.universal/Runtime/2D/Sources/Provider2DSources.cs - Importer: ScriptedImporter/UnityEditor.QuickSearchModule:UnityEditor.Search:ASIAI0B
Importing 'GUID: 6fb6d1c3ff6b1434aa8c4affe8313171 - Path: Packages/com.unity.render-pipelines.universal/Runtime/2D/Sources/Provider2DSources.cs - Importer: ScriptedImporter/UnityEditor.QuickSearchModule:UnityEditor.Search:ASIAI0B' with importer (ScriptedImporter : UnityEditor.QuickSearchModule:UnityEditor.Search:ASIAI0B)
Imported 'GUID: 6fb6d1c3ff6b1434aa8c4affe8313171' -> (Import Result ID: '5a329b1309f5a210bb8645e4174583eb') in 0.007 seconds [static and dynamic dependencies]. Details - ImportResultOutputID=51dd6422ea06a4903d99523925abced1 DependenciesID=a09721bc3b9a3714aa507ba9fe49d2af StaticDependenciesID=99b27d4671ad3e06abff2172555aa85f 
Number of updated asset objects reloaded before import = 0
Number of asset objects unloaded after import = 0
========================================================================
Received Import Request.
  Time of request: 2026-08-22T02:54:43.1517813Z
  Time since last request: 0.0005688 seconds.
  importAddress: GUID: 30fa68ce467463643a86b839ca0eb195 - Path: Packages/com.unity.render-pipelines.universal/Runtime/Materials/ArnoldStandardSurface/ArnoldStandardSurfaceTransparent.shadergraph - Importer: ScriptedImporter/UnityEditor.QuickSearchModule:UnityEditor.Search:ASIAI0B
Importing 'GUID: 30fa68ce467463643a86b839ca0eb195 - Path: Packages/com.unity.render-pipelines.universal/Runtime/Materials/ArnoldStandardSurface/ArnoldStandardSurfaceTransparent.shadergraph - Importer: ScriptedImporter/UnityEditor.QuickSearchModule:UnityEditor.Search:ASIAI0B' with importer (ScriptedImporter : UnityEditor.QuickSearchModule:UnityEditor.Search:ASIAI0B)
Imported 'GUID: 30fa68ce467463643a86b839ca0eb195' -> (Import Result ID: '43c4ca7ae0eb064bb63a5b75acf3e7e4') in 0.028 seconds [static and dynamic dependencies]. Details - ImportResultOutputID=28f6b503183cad6b62dc330e9f05ba2e DependenciesID=b4f949b59fc5cb6ac7b69c455dbbaca1 StaticDependenciesID=df9b6384f084c1abce1cd0e36299d482 
Number of updated asset objects reloaded before import = 0
Number of asset objects unloaded after import = 6
========================================================================
Received Import Request.
  Time of request: 2026-08-22T02:54:43.2021837Z
  Time since last request: 0.0002486 seconds.
  importAddress: GUID: 2485e47eef604b74ab3897c10c266891 - Path: Packages/com.unity.render-pipelines.universal/Runtime/2D/Sources/Provider2DInfo.cs - Importer: ScriptedImporter/UnityEditor.QuickSearchModule:UnityEditor.Search:ASIAI0B
Importing 'GUID: 2485e47eef604b74ab3897c10c266891 - Path: Packages/com.unity.render-pipelines.universal/Runtime/2D/Sources/Provider2DInfo.cs - Importer: ScriptedImporter/UnityEditor.QuickSearchModule:UnityEditor.Search:ASIAI0B' with importer (ScriptedImporter : UnityEditor.QuickSearchModule:UnityEditor.Search:ASIAI0B)
Imported 'GUID: 2485e47eef604b74ab3897c10c266891' -> (Import Result ID: 'c0b6587be246586e6a3792348c5b3574') in 0.016 seconds [static and dynamic dependencies]. Details - ImportResultOutputID=576c37f2ef48c78c2b4ff05e1b04e1b3 DependenciesID=59b7282e2d1feb538edd5303abe34fd1 StaticDependenciesID=956dd078ffe960c47f20abaab1a22432 
Number of updated asset objects reloaded before import = 0
Number of asset objects unloaded after import = 0
========================================================================
Received Import Request.
  Time of request: 2026-08-22T02:54:43.2544561Z
  Time since last request: 0.0065948 seconds.
  importAddress: GUID: 730c9c8a21ae0a64aba043694dfacca7 - Path: Packages/com.unity.render-pipelines.universal/Runtime/VFXGraph/Shaders/VFXDefines.hlsl - Importer: ScriptedImporter/UnityEditor.QuickSearchModule:UnityEditor.Search:ASIAI0B
Importing 'GUID: 730c9c8a21ae0a64aba043694dfacca7 - Path: Packages/com.unity.render-pipelines.universal/Runtime/VFXGraph/Shaders/VFXDefines.hlsl - Importer: ScriptedImporter/UnityEditor.QuickSearchModule:UnityEditor.Search:ASIAI0B' with importer (ScriptedImporter : UnityEditor.QuickSearchModule:UnityEditor.Search:ASIAI0B)
Imported 'GUID: 730c9c8a21ae0a64aba043694dfacca7' -> (Import Result ID: 'a5447bbbec48e7e996d3cad766a86dac') in 0.042 seconds [static and dynamic dependencies]. Details - ImportResultOutputID=16e4bc07761d923ef8c69c5150f69ba5 DependenciesID=01ffb8b29bcb0dfd2130ece6a3a57bbf StaticDependenciesID=5f5974ab828f5ea08b86943835b967a0 
Number of updated asset objects reloaded before import = 0
Number of asset objects unloaded after import = 1
========================================================================
Received Import Request.
  Time of request: 2026-08-22T02:54:43.3331779Z
  Time since last request: 0.0007274 seconds.
  importAddress: GUID: f056d8bd2a1c7e44e9729144b4c70395 - Path: Packages/com.unity.render-pipelines.universal/Runtime/Decal/DBuffer/DBufferClear.shader - Importer: ScriptedImporter/UnityEditor.QuickSearchModule:UnityEditor.Search:ASIAI0B
Importing 'GUID: f056d8bd2a1c7e44e9729144b4c70395 - Path: Packages/com.unity.render-pipelines.universal/Runtime/Decal/DBuffer/DBufferClear.shader - Importer: ScriptedImporter/UnityEditor.QuickSearchModule:UnityEditor.Search:ASIAI0B' with importer (ScriptedImporter : UnityEditor.QuickSearchModule:UnityEditor.Search:ASIAI0B)
Imported 'GUID: f056d8bd2a1c7e44e9729144b4c70395' -> (Import Result ID: 'df9c454669d56effc2adea4dbb3e8154') in 0.022 seconds [static and dynamic dependencies]. Details - ImportResultOutputID=06537c515cdf1d3ce273d19c6479c710 DependenciesID=8e90ac2201ed750e5168e5eab806fccd StaticDependenciesID=34cd4aba3e224ea04f7b33aaf3b131fe 
Number of updated asset objects reloaded before import = 0
Number of asset objects unloaded after import = 1
========================================================================
Received Import Request.
  Time of request: 2026-08-22T02:54:43.4078539Z
  Time since last request: 0.0010527 seconds.
  importAddress: GUID: 8820d60aea9a4c6fa6d11ddb83d1db90 - Path: Packages/com.unity.render-pipelines.universal/Runtime/Passes/PostProcess/LensFlareDataDrivenPostProcessPass.cs - Importer: ScriptedImporter/UnityEditor.QuickSearchModule:UnityEditor.Search:ASIAI0B
Importing 'GUID: 8820d60aea9a4c6fa6d11ddb83d1db90 - Path: Packages/com.unity.render-pipelines.universal/Runtime/Passes/PostProcess/LensFlareDataDrivenPostProcessPass.cs - Importer: ScriptedImporter/UnityEditor.QuickSearchModule:UnityEditor.Search:ASIAI0B' with importer (ScriptedImporter : UnityEditor.QuickSearchModule:UnityEditor.Search:ASIAI0B)
Imported 'GUID: 8820d60aea9a4c6fa6d11ddb83d1db90' -> (Import Result ID: '4fa2ad45edf72f71a172dcb47c1dee93') in 0.012 seconds [static and dynamic dependencies]. Details - ImportResultOutputID=f81d0829db0bbbf8959e6934c77ce2e6 DependenciesID=fbe069b98b6b978e8453307cb066b930 StaticDependenciesID=63c75071ebb8df3c5053b6d57b0d21a1 
Number of updated asset objects reloaded before import = 0
Number of asset objects unloaded after import = 0
========================================================================
Received Import Request.
  Time of request: 2026-08-22T02:54:43.4493875Z
  Time since last request: 0.000794 seconds.
  importAddress: GUID: 939a2c8bde6318d4aae61003b98bafd0 - Path: Packages/com.unity.render-pipelines.universal/Runtime/Decal/Entities/DecalCreateDrawCallSystem.cs - Importer: ScriptedImporter/UnityEditor.QuickSearchModule:UnityEditor.Search:ASIAI0B
Importing 'GUID: 939a2c8bde6318d4aae61003b98bafd0 - Path: Packages/com.unity.render-pipelines.universal/Runtime/Decal/Entities/DecalCreateDrawCallSystem.cs - Importer: ScriptedImporter/UnityEditor.QuickSearchModule:UnityEditor.Search:ASIAI0B' with importer (ScriptedImporter : UnityEditor.QuickSearchModule:UnityEditor.Search:ASIAI0B)
Imported 'GUID: 939a2c8bde6318d4aae61003b98bafd0' -> (Import Result ID: 'd83909cfd4219e8bd6a92fd713022cb2') in 0.009 seconds [static and dynamic dependencies]. Details - ImportResultOutputID=05daff55567758c73b26ac8db7cfbb53 DependenciesID=452d5005bac5910b71b62c8823ee42a4 StaticDependenciesID=fb6c42eeb21eb6939efd0c3a71586480 
Number of updated asset objects reloaded before import = 0
Number of asset objects unloaded after import = 0
========================================================================
Received Import Request.
  Time of request: 2026-08-22T02:54:43.5033994Z
  Time since last request: 0.0178979 seconds.
  importAddress: GUID: 5ba968f279bea7d43b6009ea349dae70 - Path: Packages/com.unity.render-pipelines.universal/Tests/Editor/URPGlobalSettingsMigrationTests/URPMigrationTestBase.cs - Importer: ScriptedImporter/UnityEditor.QuickSearchModule:UnityEditor.Search:ASIAI0B
Importing 'GUID: 5ba968f279bea7d43b6009ea349dae70 - Path: Packages/com.unity.render-pipelines.universal/Tests/Editor/URPGlobalSettingsMigrationTests/URPMigrationTestBase.cs - Importer: ScriptedImporter/UnityEditor.QuickSearchModule:UnityEditor.Search:ASIAI0B' with importer (ScriptedImporter : UnityEditor.QuickSearchModule:UnityEditor.Search:ASIAI0B)
Imported 'GUID: 5ba968f279bea7d43b6009ea349dae70' -> (Import Result ID: '3fa8114adff661066eb44088205966b4') in 0.017 seconds [static and dynamic dependencies]. Details - ImportResultOutputID=ca0176a62b2326866eaa14689880df95 DependenciesID=96772e38d9f89c08f73f36285df42057 StaticDependenciesID=418239ae9defc15b10bbc83ba1e34a49 
Number of updated asset objects reloaded before import = 0
Number of asset objects unloaded after import = 0
========================================================================
Received Import Request.
  Time of request: 2026-08-22T02:54:43.5401558Z
  Time since last request: 0.0009262 seconds.
  importAddress: GUID: d50c5e07c9911a74982bddf7f3075e7b - Path: Packages/com.unity.render-pipelines.universal/Textures/BlueNoise16/L/LDR_LLL1_1.png - Importer: ScriptedImporter/UnityEditor.QuickSearchModule:UnityEditor.Search:ASIAI0B
Importing 'GUID: d50c5e07c9911a74982bddf7f3075e7b - Path: Packages/com.unity.render-pipelines.universal/Textures/BlueNoise16/L/LDR_LLL1_1.png - Importer: ScriptedImporter/UnityEditor.QuickSearchModule:UnityEditor.Search:ASIAI0B' with importer (ScriptedImporter : UnityEditor.QuickSearchModule:UnityEditor.Search:ASIAI0B)
Imported 'GUID: d50c5e07c9911a74982bddf7f3075e7b' -> (Import Result ID: '3f9b7fa217c24a2d278a908de03a0a03') in 0.015 seconds [static and dynamic dependencies]. Details - ImportResultOutputID=fe193cecde49f238efbe9dd0f00312c4 DependenciesID=c3b6cda1793687e625c08da96e02ea12 StaticDependenciesID=19a0d52e42f3a65e30134e3979527dfa 
Number of updated asset objects reloaded before import = 0
Number of asset objects unloaded after import = 1
========================================================================
Received Import Request.
  Time of request: 2026-08-22T02:54:43.5894177Z
  Time since last request: 0.0004796 seconds.
  importAddress: GUID: 3d9f007ebf49681499e13ba8a66c386d - Path: Packages/com.unity.render-pipelines.universal/Tests/Editor/URPGlobalSettingsMigrationTests/ShaderStrippingSettingsMigrationTest.cs - Importer: ScriptedImporter/UnityEditor.QuickSearchModule:UnityEditor.Search:ASIAI0B
Importing 'GUID: 3d9f007ebf49681499e13ba8a66c386d - Path: Packages/com.unity.render-pipelines.universal/Tests/Editor/URPGlobalSettingsMigrationTests/ShaderStrippingSettingsMigrationTest.cs - Importer: ScriptedImporter/UnityEditor.QuickSearchModule:UnityEditor.Search:ASIAI0B' with importer (ScriptedImporter : UnityEditor.QuickSearchModule:UnityEditor.Search:ASIAI0B)
Imported 'GUID: 3d9f007ebf49681499e13ba8a66c386d' -> (Import Result ID: '33ce2745fdb14c84a7f4e1ac684f71d0') in 0.012 seconds [static and dynamic dependencies]. Details - ImportResultOutputID=791402411e445f9850901b8580938a6e DependenciesID=3e7f04b8b465dff6704ab9d3733bf465 StaticDependenciesID=138b0844a0d52ebc56abba960145f4fc 
Number of updated asset objects reloaded before import = 0
Number of asset objects unloaded after import = 0
========================================================================
Received Import Request.
  Time of request: 2026-08-22T02:54:43.6358071Z
  Time since last request: 0.0028634 seconds.
  importAddress: GUID: 350a709cf1218764c94f752764b6ab69 - Path: Packages/com.unity.render-pipelines.universal/Tests/Editor/PostProcessDataTests/PostProcessData BloomPS Different 1.asset - Importer: ScriptedImporter/UnityEditor.QuickSearchModule:UnityEditor.Search:ASIAI0B
Importing 'GUID: 350a709cf1218764c94f752764b6ab69 - Path: Packages/com.unity.render-pipelines.universal/Tests/Editor/PostProcessDataTests/PostProcessData BloomPS Different 1.asset - Importer: ScriptedImporter/UnityEditor.QuickSearchModule:UnityEditor.Search:ASIAI0B' with importer (ScriptedImporter : UnityEditor.QuickSearchModule:UnityEditor.Search:ASIAI0B)
Imported 'GUID: 350a709cf1218764c94f752764b6ab69' -> (Import Result ID: 'a68af5ffafc32ee9ae97bd0e8d71ceee') in 0.032 seconds [static and dynamic dependencies]. Details - ImportResultOutputID=4475a31f8f7a50ab9027e9ee26d7521a DependenciesID=ed9f778079bf2869b19d7c25a187a1f9 StaticDependenciesID=bb0c5f3e5cf47fa77814dda748df6b90 
Number of updated asset objects reloaded before import = 0
Number of asset objects unloaded after import = 1
========================================================================
Received Import Request.
  Time of request: 2026-08-22T02:54:43.6917165Z
  Time since last request: 0.0004999 seconds.
  importAddress: GUID: 2861459260b14a2481f8f8e7f6637d8f - Path: Packages/com.unity.render-pipelines.universal/Shaders/2D/Include/SurfaceData2D.hlsl - Importer: ScriptedImporter/UnityEditor.QuickSearchModule:UnityEditor.Search:ASIAI0B
Importing 'GUID: 2861459260b14a2481f8f8e7f6637d8f - Path: Packages/com.unity.render-pipelines.universal/Shaders/2D/Include/SurfaceData2D.hlsl - Importer: ScriptedImporter/UnityEditor.QuickSearchModule:UnityEditor.Search:ASIAI0B' with importer (ScriptedImporter : UnityEditor.QuickSearchModule:UnityEditor.Search:ASIAI0B)
Imported 'GUID: 2861459260b14a2481f8f8e7f6637d8f' -> (Import Result ID: 'c1328fd78f34f3c962b8e470d28cb2c2') in 0.017 seconds [static and dynamic dependencies]. Details - ImportResultOutputID=fec50aed1709dcc8f4107f048a15aeb4 DependenciesID=1f5b4a1784667d18a42130635d6f44bc StaticDependenciesID=de18dd6aeb80b62567cdd298069f3b59 
Number of updated asset objects reloaded before import = 0
Number of asset objects unloaded after import = 1
========================================================================
Received Import Request.
  Time of request: 2026-08-22T02:54:43.7353086Z
  Time since last request: 0.0008045 seconds.
  importAddress: GUID: e7ee44e4db2311b428e6f789318838f8 - Path: Packages/com.unity.render-pipelines.universal/Shaders/2D/Include/CombinedShapeLightShared.hlsl - Importer: ScriptedImporter/UnityEditor.QuickSearchModule:UnityEditor.Search:ASIAI0B
Importing 'GUID: e7ee44e4db2311b428e6f789318838f8 - Path: Packages/com.unity.render-pipelines.universal/Shaders/2D/Include/CombinedShapeLightShared.hlsl - Importer: ScriptedImporter/UnityEditor.QuickSearchModule:UnityEditor.Search:ASIAI0B' with importer (ScriptedImporter : UnityEditor.QuickSearchModule:UnityEditor.Search:ASIAI0B)
Imported 'GUID: e7ee44e4db2311b428e6f789318838f8' -> (Import Result ID: 'a81eb3c226c93cbc31cd186a617d8f63') in 0.018 seconds [static and dynamic dependencies]. Details - ImportResultOutputID=a8e5887520f8e76f2db33b1195eb444e DependenciesID=b46f5479fc9343cfb7045416f37ac369 StaticDependenciesID=2e25e207825e0f1c50a6cb6c59ace8e7 
Number of updated asset objects reloaded before import = 0
Number of asset objects unloaded after import = 1
========================================================================
Received Import Request.
  Time of request: 2026-08-22T02:54:43.7763274Z
  Time since last request: 0.0016448 seconds.
  importAddress: GUID: 694e01e6361351641bfb5cc5fc69f087 - Path: Packages/com.unity.render-pipelines.universal/Shaders/2D/Include/Normals2DCommon.hlsl - Importer: ScriptedImporter/UnityEditor.QuickSearchModule:UnityEditor.Search:ASIAI0B
Importing 'GUID: 694e01e6361351641bfb5cc5fc69f087 - Path: Packages/com.unity.render-pipelines.universal/Shaders/2D/Include/Normals2DCommon.hlsl - Importer: ScriptedImporter/UnityEditor.QuickSearchModule:UnityEditor.Search:ASIAI0B' with importer (ScriptedImporter : UnityEditor.QuickSearchModule:UnityEditor.Search:ASIAI0B)
Imported 'GUID: 694e01e6361351641bfb5cc5fc69f087' -> (Import Result ID: '7dbe527feb4077abc4b2bbbe4563f65d') in 0.016 seconds [static and dynamic dependencies]. Details - ImportResultOutputID=83792921a61e1c80f4ac4b88497bf34f DependenciesID=2340cfd91272eeb5c901807da7c01f74 StaticDependenciesID=952fd5e16624e6cc3daf2bf861289b1c 
Number of updated asset objects reloaded before import = 0
Number of asset objects unloaded after import = 1
========================================================================
Received Import Request.
  Time of request: 2026-08-22T02:54:43.8121154Z
  Time since last request: 0.0005212 seconds.
  importAddress: GUID: 15c09e9f82634f5881e6676d62f25bcb - Path: Packages/com.unity.render-pipelines.universal/Shaders/2D/Include/InputData2D.hlsl - Importer: ScriptedImporter/UnityEditor.QuickSearchModule:UnityEditor.Search:ASIAI0B
Importing 'GUID: 15c09e9f82634f5881e6676d62f25bcb - Path: Packages/com.unity.render-pipelines.universal/Shaders/2D/Include/InputData2D.hlsl - Importer: ScriptedImporter/UnityEditor.QuickSearchModule:UnityEditor.Search:ASIAI0B' with importer (ScriptedImporter : UnityEditor.QuickSearchModule:UnityEditor.Search:ASIAI0B)
Imported 'GUID: 15c09e9f82634f5881e6676d62f25bcb' -> (Import Result ID: '3b470dcaabda6b33aaa335502f5866a1') in 0.015 seconds [static and dynamic dependencies]. Details - ImportResultOutputID=30db2de5861d9a92321570bd8ed5abad DependenciesID=9e75e0164e5e4530b0c5140d1b1ee11d StaticDependenciesID=2cbf8ce52d6bd2638f818c6dc93c4380 
Number of updated asset objects reloaded before import = 0
Number of asset objects unloaded after import = 1
========================================================================
Received Import Request.
  Time of request: 2026-08-22T02:54:43.8487552Z
  Time since last request: 0.0005998 seconds.
  importAddress: GUID: 6b0d344e5378a074fa2d1ee56002c555 - Path: Packages/com.unity.render-pipelines.universal/Tests/Editor/URPGlobalSettingsMigrationTests/RenderingLayersMigrationTest.cs - Importer: ScriptedImporter/UnityEditor.QuickSearchModule:UnityEditor.Search:ASIAI0B
Importing 'GUID: 6b0d344e5378a074fa2d1ee56002c555 - Path: Packages/com.unity.render-pipelines.universal/Tests/Editor/URPGlobalSettingsMigrationTests/RenderingLayersMigrationTest.cs - Importer: ScriptedImporter/UnityEditor.QuickSearchModule:UnityEditor.Search:ASIAI0B' with importer (ScriptedImporter : UnityEditor.QuickSearchModule:UnityEditor.Search:ASIAI0B)
Imported 'GUID: 6b0d344e5378a074fa2d1ee56002c555' -> (Import Result ID: '25bb941920815c0b1790d4b5a41c6e8b') in 0.012 seconds [static and dynamic dependencies]. Details - ImportResultOutputID=351fbbde0ab0101abb8650b06908eefd DependenciesID=966a0fa571822c1c78cfe6cce13df18c StaticDependenciesID=c0456964038ee50d55c0e9d072916dca 
Number of updated asset objects reloaded before import = 0
Number of asset objects unloaded after import = 0
========================================================================
Received Import Request.
  Time of request: 2026-08-22T02:54:43.879771Z
  Time since last request: 0.0006896 seconds.
  importAddress: GUID: 6472bf1a81592fe41a53a321e920bf6f - Path: Packages/com.unity.render-pipelines.universal/Tests/Editor/PostProcessDataTests/PostProcessDataAnalyticsTests.cs - Importer: ScriptedImporter/UnityEditor.QuickSearchModule:UnityEditor.Search:ASIAI0B
Importing 'GUID: 6472bf1a81592fe41a53a321e920bf6f - Path: Packages/com.unity.render-pipelines.universal/Tests/Editor/PostProcessDataTests/PostProcessDataAnalyticsTests.cs - Importer: ScriptedImporter/UnityEditor.QuickSearchModule:UnityEditor.Search:ASIAI0B' with importer (ScriptedImporter : UnityEditor.QuickSearchModule:UnityEditor.Search:ASIAI0B)
Imported 'GUID: 6472bf1a81592fe41a53a321e920bf6f' -> (Import Result ID: '0d27500426580bc26dbc675842a6ec99') in 0.005 seconds [static and dynamic dependencies]. Details - ImportResultOutputID=51dcf9f2b35315474fc4d4839d1ac495 DependenciesID=e2367f489a7692d24ebd11c6e1881a4c StaticDependenciesID=1a720a96a91879afc939664eae24f54f 
Number of updated asset objects reloaded before import = 0
Number of asset objects unloaded after import = 0
========================================================================
Received Import Request.
  Time of request: 2026-08-22T02:54:43.905295Z
  Time since last request: 0.0004706 seconds.
  importAddress: GUID: 045a06f7c76196a43a929d2a916c7d95 - Path: Packages/com.unity.render-pipelines.universal/Runtime/VFXGraph/Shaders/VFXLit.hlsl - Importer: ScriptedImporter/UnityEditor.QuickSearchModule:UnityEditor.Search:ASIAI0B
Importing 'GUID: 045a06f7c76196a43a929d2a916c7d95 - Path: Packages/com.unity.render-pipelines.universal/Runtime/VFXGraph/Shaders/VFXLit.hlsl - Importer: ScriptedImporter/UnityEditor.QuickSearchModule:UnityEditor.Search:ASIAI0B' with importer (ScriptedImporter : UnityEditor.QuickSearchModule:UnityEditor.Search:ASIAI0B)
Imported 'GUID: 045a06f7c76196a43a929d2a916c7d95' -> (Import Result ID: '16a01cc7e7afa4fc2761a303a908bea2') in 0.018 seconds [static and dynamic dependencies]. Details - ImportResultOutputID=43a1aba1f22ce4c315e70108335587ad DependenciesID=7380cd5fc207b46095e9443f05146f50 StaticDependenciesID=7c3b1487bd4a5394e5c55379cec1b43e 
Number of updated asset objects reloaded before import = 0
Number of asset objects unloaded after import = 1
========================================================================
Received Import Request.
  Time of request: 2026-08-22T02:54:43.9468339Z
  Time since last request: 0.0005665 seconds.
  importAddress: GUID: fc3fa8f108657e14486697c9a84ccfc5 - Path: Packages/com.unity.render-pipelines.universal/Textures/BlueNoise16/L/LDR_LLL1_11.png - Importer: ScriptedImporter/UnityEditor.QuickSearchModule:UnityEditor.Search:ASIAI0B
Importing 'GUID: fc3fa8f108657e14486697c9a84ccfc5 - Path: Packages/com.unity.render-pipelines.universal/Textures/BlueNoise16/L/LDR_LLL1_11.png - Importer: ScriptedImporter/UnityEditor.QuickSearchModule:UnityEditor.Search:ASIAI0B' with importer (ScriptedImporter : UnityEditor.QuickSearchModule:UnityEditor.Search:ASIAI0B)
Imported 'GUID: fc3fa8f108657e14486697c9a84ccfc5' -> (Import Result ID: '579b2c7ec0b9e1864dd24d36d5f71cfe') in 0.017 seconds [static and dynamic dependencies]. Details - ImportResultOutputID=2d793e13dd8209688ff9be69c4951ab7 DependenciesID=9d0301a134bc1812a92717c591d21464 StaticDependenciesID=cc54c457ac9c1a696d15ad6ca1884a0a 
Number of updated asset objects reloaded before import = 0
Number of asset objects unloaded after import = 1
========================================================================
Received Import Request.
  Time of request: 2026-08-22T02:54:44.000475Z
  Time since last request: 0.0002844 seconds.
  importAddress: GUID: ace59f7f124432f4f923bd3bfa93e0ad - Path: Packages/com.unity.render-pipelines.universal/Tests/Editor/PostProcessDataTests/2.shader - Importer: ScriptedImporter/UnityEditor.QuickSearchModule:UnityEditor.Search:ASIAI0B
Importing 'GUID: ace59f7f124432f4f923bd3bfa93e0ad - Path: Packages/com.unity.render-pipelines.universal/Tests/Editor/PostProcessDataTests/2.shader - Importer: ScriptedImporter/UnityEditor.QuickSearchModule:UnityEditor.Search:ASIAI0B' with importer (ScriptedImporter : UnityEditor.QuickSearchModule:UnityEditor.Search:ASIAI0B)
Imported 'GUID: ace59f7f124432f4f923bd3bfa93e0ad' -> (Import Result ID: 'dd0ebf4439b60176004cfaab336c3c3d') in 0.008 seconds [static and dynamic dependencies]. Details - ImportResultOutputID=2f5e3d8976103096fe8933f095592f1d DependenciesID=bc5c9d0a302e81f1944bc0a4f2e45b2d StaticDependenciesID=72ca3df52e3f5d4d4c3bc7c04a97ae71 
Number of updated asset objects reloaded before import = 0
Number of asset objects unloaded after import = 1
========================================================================
Received Import Request.
  Time of request: 2026-08-22T02:54:44.0367707Z
  Time since last request: 0.0005077 seconds.
  importAddress: GUID: 97832dc646b4fb4498bf5aa61e366c13 - Path: Packages/com.unity.render-pipelines.universal/Shaders/2D/Include/ShadowProjectVertex.hlsl - Importer: ScriptedImporter/UnityEditor.QuickSearchModule:UnityEditor.Search:ASIAI0B
Importing 'GUID: 97832dc646b4fb4498bf5aa61e366c13 - Path: Packages/com.unity.render-pipelines.universal/Shaders/2D/Include/ShadowProjectVertex.hlsl - Importer: ScriptedImporter/UnityEditor.QuickSearchModule:UnityEditor.Search:ASIAI0B' with importer (ScriptedImporter : UnityEditor.QuickSearchModule:UnityEditor.Search:ASIAI0B)
Imported 'GUID: 97832dc646b4fb4498bf5aa61e366c13' -> (Import Result ID: '5e25a1d1add5669d0913059dd1be4cb7') in 0.017 seconds [static and dynamic dependencies]. Details - ImportResultOutputID=96016a8b31b8f29229be1b687656beb5 DependenciesID=953d97d1238255a67d3f582ca65a2033 StaticDependenciesID=94d99eb884d67a36090a1efe2bc15c66 
Number of updated asset objects reloaded before import = 0
Number of asset objects unloaded after import = 1
========================================================================
Received Import Request.
  Time of request: 2026-08-22T02:54:44.0932065Z
  Time since last request: 0.0181124 seconds.
  importAddress: GUID: 179f794063d2a66478e6e726f84a65bc - Path: Packages/com.unity.render-pipelines.universal/Textures/BlueNoise16/L/LDR_LLL1_31.png - Importer: ScriptedImporter/UnityEditor.QuickSearchModule:UnityEditor.Search:ASIAI0B
Importing 'GUID: 179f794063d2a66478e6e726f84a65bc - Path: Packages/com.unity.render-pipelines.universal/Textures/BlueNoise16/L/LDR_LLL1_31.png - Importer: ScriptedImporter/UnityEditor.QuickSearchModule:UnityEditor.Search:ASIAI0B' with importer (ScriptedImporter : UnityEditor.QuickSearchModule:UnityEditor.Search:ASIAI0B)
Imported 'GUID: 179f794063d2a66478e6e726f84a65bc' -> (Import Result ID: 'd9c204d4647a7816ce1f1bbf6f35c7fc') in 0.010 seconds [static and dynamic dependencies]. Details - ImportResultOutputID=c3482c40a864afb206e417fcab094ac7 DependenciesID=22f30dd1ac46174f0eb133ac663c52aa StaticDependenciesID=14df0b09e3aa487418a24578b027fc2b 
Number of updated asset objects reloaded before import = 0
Number of asset objects unloaded after import = 1
========================================================================
Received Import Request.
  Time of request: 2026-08-22T02:54:44.1424832Z
  Time since last request: 0.021215 seconds.
  importAddress: GUID: 68e5bb6e60bebc046b26d3c3100a523b - Path: Packages/com.unity.render-pipelines.universal/Editor/2D/Resources/InspectorIcons/FreeformLight.png - Importer: ScriptedImporter/UnityEditor.QuickSearchModule:UnityEditor.Search:ASIAI0B
Importing 'GUID: 68e5bb6e60bebc046b26d3c3100a523b - Path: Packages/com.unity.render-pipelines.universal/Editor/2D/Resources/InspectorIcons/FreeformLight.png - Importer: ScriptedImporter/UnityEditor.QuickSearchModule:UnityEditor.Search:ASIAI0B' with importer (ScriptedImporter : UnityEditor.QuickSearchModule:UnityEditor.Search:ASIAI0B)
Imported 'GUID: 68e5bb6e60bebc046b26d3c3100a523b' -> (Import Result ID: 'd1cdfdec4fd9dc4443ebf14cf3713488') in 0.019 seconds [static and dynamic dependencies]. Details - ImportResultOutputID=9c6caed74fcbbf68305ce86843d1bb3d DependenciesID=610a65193b97a165797febc88594c27f StaticDependenciesID=2f6a5350c0cb5d74a5af8d305733e9aa 
Number of updated asset objects reloaded before import = 0
Number of asset objects unloaded after import = 1
========================================================================
Received Prepare
AcceleratorClientConnectionCallback - disconnected - :0
WARNING: Shader Unsupported: 'Hidden/Simulation/URP/Synthetic' - All subshaders removed
WARNING: Shader Did you use #pragma only_renderers and omit this platform?
WARNING: Shader If subshaders removal was intentional, you may have forgotten turning Fallback off?
WARNING: Shader Unsupported: 'Hidden/Simulation/Synthetic Lit' - All subshaders removed
WARNING: Shader Did you use #pragma only_renderers and omit this platform?
WARNING: Shader If subshaders removal was intentional, you may have forgotten turning Fallback off?
WARNING: Shader Unsupported: 'Simulation/Standard Lit' - All subshaders removed
WARNING: Shader Did you use #pragma only_renderers and omit this platform?
WARNING: Shader If subshaders removal was intentional, you may have forgotten turning Fallback off?
WARNING: Shader Unsupported: 'Simulation/URP/Room X-Ray' - All subshaders removed
WARNING: Shader Did you use #pragma only_renderers and omit this platform?
WARNING: Shader If subshaders removal was intentional, you may have forgotten turning Fallback off?
WARNING: Shader Unsupported: 'Simulation/Room X-Ray' - All subshaders removed
WARNING: Shader Did you use #pragma only_renderers and omit this platform?
WARNING: Shader If subshaders removal was intentional, you may have forgotten turning Fallback off?
WARNING: Shader Unsupported: 'Simulation/URP/Lit' - All subshaders removed
WARNING: Shader Did you use #pragma only_renderers and omit this platform?
WARNING: Shader If subshaders removal was intentional, you may have forgotten turning Fallback off?
Refreshing native plugins compatible for Editor in 2.78 ms, found 1 plugins.
Unloading 30 Unused Serialized files (Serialized files now loaded: 0)
Unloading 5946 unused Assets / (6.3 MB). Loaded Objects now: 6884.
Memory consumption went from 328.6 MB to 322.4 MB.
Total: 12.853900 ms (FindLiveObjects: 0.755000 ms CreateObjectMapping: 2.614200 ms MarkObjects: 5.522400 ms  DeleteObjects: 3.961100 ms)

Prepare: number of updated asset objects reloaded= 0
EnvironmentDependencyValues requested are different than current active one (requested -> active):
  graphicsApiMask: 2048 -> 264192
========================================================================
Received Import Request.
  Time of request: 2026-08-22T02:54:44.9738947Z
  Time since last request: 0.7969222 seconds.
  importAddress: GUID: 0fc6a4958fe6678469727c9f3e135bcf - Path: Assets/Scripts/CellTouchController.cs - Importer: PreviewImporter
Importing 'GUID: 0fc6a4958fe6678469727c9f3e135bcf - Path: Assets/Scripts/CellTouchController.cs - Importer: PreviewImporter' with importer (PreviewImporter)
Imported 'GUID: 0fc6a4958fe6678469727c9f3e135bcf' -> (Import Result ID: '1bdf32c72848fb7f5d2496aa814a3d87') in 0.001 seconds [static and dynamic dependencies]. Details - ImportResultOutputID=48cfab8d9c4e413dfdfa33751ea125ed DependenciesID=aa573c5d7d1600f8f97e1fd213de6d12 StaticDependenciesID=6f1b6c33632e70bcf8da03e9838ca977 
Number of updated asset objects reloaded before import = 0
Number of asset objects unloaded after import = 0
========================================================================
Received Prepare
AcceleratorClientConnectionCallback - disconnected - :0
Begin MonoManager ReloadAssembly
Refreshing native plugins compatible for Editor in 3.70 ms, found 1 plugins.
Native extension for Android target not found
Native extension for WindowsStandalone target not found
Native extension for WebGL target not found
[Package Manager] Failed to launch server process. Reason: Unity was launched with the -noUpm command-line argument
[Package Manager] Unable to send message (not connected to server process).
[Package Manager] Cannot connect to Unity Package Manager local server
[Package Manager] Failed to launch server process. Reason: Unity was launched with the -noUpm command-line argument
[Package Manager] Unable to send message (not connected to server process).
[Package Manager] Cannot connect to Unity Package Manager local server
ScheduleIndexationOnStartup MainProcess:False IndexOnStartup:True
Mono: successfully reloaded assembly
[Package Manager] Failed to launch server process. Reason: Unity was launched with the -noUpm command-line argument
[Package Manager] Unable to send message (not connected to server process).
[Package Manager] Cannot connect to Unity Package Manager local server
- Finished resetting the current domain, in  0.814 seconds
Domain Reload Profiling: 1988ms
	BeginReloadAssembly (344ms)
		DisableScriptedObjects (7ms)
		CreateAndSetChildDomain (83ms)
	RebuildCommonClasses (13ms)
	RebuildNativeTypeToScriptingClass (30ms)
	initialDomainReloadingComplete (77ms)
	LoadAllAssembliesAndSetupDomain (709ms)
		LoadAssemblies (388ms)
		AnalyzeDomain (237ms)
			TypeCache.Refresh (19ms)
			BuildScriptInfoCaches (207ms)
			ResolveRequiredComponents (9ms)
	FinalizeReload (815ms)
		SetupLoadedEditorAssemblies (0ms)
			InitializePlatformSupportModulesInManaged (11ms)
			BeforeProcessingInitializeOnLoad (94ms)
			ProcessInitializeOnLoadAttributes (213ms)
			ProcessInitializeOnLoadMethodAttributes (186ms)
			AfterProcessingInitializeOnLoad (10ms)
		AwakeInstancesAfterBackupRestoration (29ms)
WARNING: Shader Unsupported: 'Hidden/Simulation/URP/Synthetic' - All subshaders removed
WARNING: Shader Did you use #pragma only_renderers and omit this platform?
WARNING: Shader If subshaders removal was intentional, you may have forgotten turning Fallback off?
WARNING: Shader Unsupported: 'Hidden/Simulation/Synthetic Lit' - All subshaders removed
WARNING: Shader Did you use #pragma only_renderers and omit this platform?
WARNING: Shader If subshaders removal was intentional, you may have forgotten turning Fallback off?
WARNING: Shader Unsupported: 'Simulation/Standard Lit' - All subshaders removed
WARNING: Shader Did you use #pragma only_renderers and omit this platform?
WARNING: Shader If subshaders removal was intentional, you may have forgotten turning Fallback off?
WARNING: Shader Unsupported: 'Simulation/URP/Room X-Ray' - All subshaders removed
WARNING: Shader Did you use #pragma only_renderers and omit this platform?
WARNING: Shader If subshaders removal was intentional, you may have forgotten turning Fallback off?
WARNING: Shader Unsupported: 'Simulation/Room X-Ray' - All subshaders removed
WARNING: Shader Did you use #pragma only_renderers and omit this platform?
WARNING: Shader If subshaders removal was intentional, you may have forgotten turning Fallback off?
WARNING: Shader Unsupported: 'Simulation/URP/Lit' - All subshaders removed
WARNING: Shader Did you use #pragma only_renderers and omit this platform?
WARNING: Shader If subshaders removal was intentional, you may have forgotten turning Fallback off?
Refreshing native plugins compatible for Editor in 2.60 ms, found 1 plugins.
Unloading 30 Unused Serialized files (Serialized files now loaded: 0)
Unloading 5954 unused Assets / (6.2 MB). Loaded Objects now: 6892.
Memory consumption went from 321.2 MB to 315.0 MB.
Total: 11.879600 ms (FindLiveObjects: 0.760100 ms CreateObjectMapping: 2.423500 ms MarkObjects: 5.422200 ms  DeleteObjects: 3.272400 ms)

Prepare: number of updated asset objects reloaded= 0
EnvironmentDependencyValues requested are different than current active one (requested -> active):
  graphicsApiMask: 2048 -> 264192
========================================================================
Received Prepare
AcceleratorClientConnectionCallback - disconnected - :0
[Licensing::Client] Successfully resolved entitlement details
[Licensing::Client] Successfully resolved entitlement details
Begin MonoManager ReloadAssembly
Refreshing native plugins compatible for Editor in 2.79 ms, found 1 plugins.
Native extension for Android target not found
Native extension for WindowsStandalone target not found
Native extension for WebGL target not found
[Package Manager] Failed to launch server process. Reason: Unity was launched with the -noUpm command-line argument
[Package Manager] Unable to send message (not connected to server process).
[Package Manager] Cannot connect to Unity Package Manager local server
[Package Manager] Failed to launch server process. Reason: Unity was launched with the -noUpm command-line argument
[Package Manager] Unable to send message (not connected to server process).
[Package Manager] Cannot connect to Unity Package Manager local server
ScheduleIndexationOnStartup MainProcess:False IndexOnStartup:True
Mono: successfully reloaded assembly
[Package Manager] Failed to launch server process. Reason: Unity was launched with the -noUpm command-line argument
[Package Manager] Unable to send message (not connected to server process).
[Package Manager] Cannot connect to Unity Package Manager local server
- Finished resetting the current domain, in  0.804 seconds
Domain Reload Profiling: 1910ms
	BeginReloadAssembly (297ms)
		DisableScriptedObjects (6ms)
		CreateAndSetChildDomain (63ms)
	RebuildCommonClasses (11ms)
	RebuildNativeTypeToScriptingClass (24ms)
	initialDomainReloadingComplete (73ms)
	LoadAllAssembliesAndSetupDomain (699ms)
		LoadAssemblies (394ms)
		AnalyzeDomain (277ms)
			TypeCache.Refresh (18ms)
			BuildScriptInfoCaches (241ms)
			ResolveRequiredComponents (14ms)
	FinalizeReload (805ms)
		SetupLoadedEditorAssemblies (0ms)
			InitializePlatformSupportModulesInManaged (14ms)
			BeforeProcessingInitializeOnLoad (100ms)
			ProcessInitializeOnLoadAttributes (195ms)
			ProcessInitializeOnLoadMethodAttributes (215ms)
			AfterProcessingInitializeOnLoad (10ms)
		AwakeInstancesAfterBackupRestoration (23ms)
WARNING: Shader Unsupported: 'Hidden/Simulation/URP/Synthetic' - All subshaders removed
WARNING: Shader Did you use #pragma only_renderers and omit this platform?
WARNING: Shader If subshaders removal was intentional, you may have forgotten turning Fallback off?
WARNING: Shader Unsupported: 'Hidden/Simulation/Synthetic Lit' - All subshaders removed
WARNING: Shader Did you use #pragma only_renderers and omit this platform?
WARNING: Shader If subshaders removal was intentional, you may have forgotten turning Fallback off?
WARNING: Shader Unsupported: 'Simulation/Standard Lit' - All subshaders removed
WARNING: Shader Did you use #pragma only_renderers and omit this platform?
WARNING: Shader If subshaders removal was intentional, you may have forgotten turning Fallback off?
WARNING: Shader Unsupported: 'Simulation/URP/Room X-Ray' - All subshaders removed
WARNING: Shader Did you use #pragma only_renderers and omit this platform?
WARNING: Shader If subshaders removal was intentional, you may have forgotten turning Fallback off?
WARNING: Shader Unsupported: 'Simulation/Room X-Ray' - All subshaders removed
WARNING: Shader Did you use #pragma only_renderers and omit this platform?
WARNING: Shader If subshaders removal was intentional, you may have forgotten turning Fallback off?
WARNING: Shader Unsupported: 'Simulation/URP/Lit' - All subshaders removed
WARNING: Shader Did you use #pragma only_renderers and omit this platform?
WARNING: Shader If subshaders removal was intentional, you may have forgotten turning Fallback off?
Refreshing native plugins compatible for Editor in 2.93 ms, found 1 plugins.
Unloading 30 Unused Serialized files (Serialized files now loaded: 0)
Unloading 5954 unused Assets / (6.3 MB). Loaded Objects now: 6894.
Memory consumption went from 322.0 MB to 315.7 MB.
Total: 11.817200 ms (FindLiveObjects: 0.795800 ms CreateObjectMapping: 2.692300 ms MarkObjects: 4.862100 ms  DeleteObjects: 3.465100 ms)

Prepare: number of updated asset objects reloaded= 0
EnvironmentDependencyValues requested are different than current active one (requested -> active):
  graphicsApiMask: 2048 -> 264192
========================================================================
Received Import Request.
  Time of request: 2026-08-22T02:55:38.1385054Z
  Time since last request: 53.1441776 seconds.
  importAddress: GUID: 0fc6a4958fe6678469727c9f3e135bcf - Path: Assets/Scripts/CellTouchController.cs - Importer: PreviewImporter
Importing 'GUID: 0fc6a4958fe6678469727c9f3e135bcf - Path: Assets/Scripts/CellTouchController.cs - Importer: PreviewImporter' with importer (PreviewImporter)
Imported 'GUID: 0fc6a4958fe6678469727c9f3e135bcf' -> (Import Result ID: '1154a1caf3ebea62a906bf5c0f3356eb') in 0.002 seconds [static and dynamic dependencies]. Details - ImportResultOutputID=48cfab8d9c4e413dfdfa33751ea125ed DependenciesID=40d235812115415b8164d1700e183b7a StaticDependenciesID=26a4c2adf20c79b9feeaceb40a8b8c4a 
Number of updated asset objects reloaded before import = 0
Number of asset objects unloaded after import = 0
========================================================================
Received Import Request.
  Time of request: 2026-08-22T03:23:58.4460606Z
  Time since last request: 1700.28831910000008 seconds.
  importAddress: GUID: 523042f52a938dd469d367936b00da21 - Path: Packages/com.unity.render-pipelines.universal/Editor/2D/ShaderGraph/Includes/MeshNormalPass.hlsl - Importer: ScriptedImporter/UnityEditor.QuickSearchModule:UnityEditor.Search:ASIAI0B
Importing 'GUID: 523042f52a938dd469d367936b00da21 - Path: Packages/com.unity.render-pipelines.universal/Editor/2D/ShaderGraph/Includes/MeshNormalPass.hlsl - Importer: ScriptedImporter/UnityEditor.QuickSearchModule:UnityEditor.Search:ASIAI0B' with importer (ScriptedImporter : UnityEditor.QuickSearchModule:UnityEditor.Search:ASIAI0B)
Imported 'GUID: 523042f52a938dd469d367936b00da21' -> (Import Result ID: '6274609d9f133d630ca7be1959308ea9') in 0.092 seconds [static and dynamic dependencies]. Details - ImportResultOutputID=4f5797a725bc719a4d39bd8cbe6be31a DependenciesID=b3761bdcf65a46486d9e32258a9a00d6 StaticDependenciesID=a2353a6d6e60f6f4014b24b4ed9c4104 
Number of updated asset objects reloaded before import = 0
Number of asset objects unloaded after import = 1
========================================================================
Received Import Request.
  Time of request: 2026-08-22T03:23:58.5548879Z
  Time since last request: 0.0004609 seconds.
  importAddress: GUID: 4dcc0502f8586f941b5c4a66717205e8 - Path: Packages/com.unity.render-pipelines.universal/Textures/BlueNoise16/L/LDR_LLL1_15.png - Importer: ScriptedImporter/UnityEditor.QuickSearchModule:UnityEditor.Search:ASIAI0B
Importing 'GUID: 4dcc0502f8586f941b5c4a66717205e8 - Path: Packages/com.unity.render-pipelines.universal/Textures/BlueNoise16/L/LDR_LLL1_15.png - Importer: ScriptedImporter/UnityEditor.QuickSearchModule:UnityEditor.Search:ASIAI0B' with importer (ScriptedImporter : UnityEditor.QuickSearchModule:UnityEditor.Search:ASIAI0B)
Imported 'GUID: 4dcc0502f8586f941b5c4a66717205e8' -> (Import Result ID: '4ed465b207564a318a25d023f95956d2') in 0.069 seconds [static and dynamic dependencies]. Details - ImportResultOutputID=49be978bb0ec20339ed995bbad4927b4 DependenciesID=38618c8ca01ba74af5934aa6b564c123 StaticDependenciesID=5510161a16ef71b28e87658602333d5d 
Number of updated asset objects reloaded before import = 0
Number of asset objects unloaded after import = 1
========================================================================
Received Import Request.
  Time of request: 2026-08-22T03:23:58.6421566Z
  Time since last request: 0.0006219 seconds.
  importAddress: GUID: d4044ea2490d63b43aa1765f8efbf8a9 - Path: Packages/com.unity.render-pipelines.universal/Textures/BlueNoise16/L/LDR_LLL1_19.png - Importer: ScriptedImporter/UnityEditor.QuickSearchModule:UnityEditor.Search:ASIAI0B
Importing 'GUID: d4044ea2490d63b43aa1765f8efbf8a9 - Path: Packages/com.unity.render-pipelines.universal/Textures/BlueNoise16/L/LDR_LLL1_19.png - Importer: ScriptedImporter/UnityEditor.QuickSearchModule:UnityEditor.Search:ASIAI0B' with importer (ScriptedImporter : UnityEditor.QuickSearchModule:UnityEditor.Search:ASIAI0B)
Imported 'GUID: d4044ea2490d63b43aa1765f8efbf8a9' -> (Import Result ID: '230728bb422db7753a0d73455d7f401f') in 0.009 seconds [static and dynamic dependencies]. Details - ImportResultOutputID=bb2647adcafcadb7c9a09d1ec9476f19 DependenciesID=9726f4e895beaa0c1f3f5915ad9644f3 StaticDependenciesID=06835cdca890bf42eacdcab8b0a382ed 
Number of updated asset objects reloaded before import = 0
Number of asset objects unloaded after import = 1
========================================================================
Received Import Request.
  Time of request: 2026-08-22T03:23:58.6723451Z
  Time since last request: 0.0009734 seconds.
  importAddress: GUID: ed5ea7ce59ca8ec4f9f14bf470a30f35 - Path: Packages/com.unity.render-pipelines.universal/Textures/BlueNoise16/L/LDR_LLL1_8.png - Importer: ScriptedImporter/UnityEditor.QuickSearchModule:UnityEditor.Search:ASIAI0B
Importing 'GUID: ed5ea7ce59ca8ec4f9f14bf470a30f35 - Path: Packages/com.unity.render-pipelines.universal/Textures/BlueNoise16/L/LDR_LLL1_8.png - Importer: ScriptedImporter/UnityEditor.QuickSearchModule:UnityEditor.Search:ASIAI0B' with importer (ScriptedImporter : UnityEditor.QuickSearchModule:UnityEditor.Search:ASIAI0B)
Imported 'GUID: ed5ea7ce59ca8ec4f9f14bf470a30f35' -> (Import Result ID: '7fe2a6f9ff8ff7f5370cef54fbc3a14f') in 0.008 seconds [static and dynamic dependencies]. Details - ImportResultOutputID=b7223210cac65079d4bfcd811ac335ec DependenciesID=c754895212b4c792a996e0d9e557b5fa StaticDependenciesID=eda7fe7cb4579bd1b9e587dece612f7f 
Number of updated asset objects reloaded before import = 0
Number of asset objects unloaded after import = 1
========================================================================
Received Import Request.
  Time of request: 2026-08-22T03:23:58.7007783Z
  Time since last request: 0.0004355 seconds.
  importAddress: GUID: b52dc03557c43a54dba259bd9f78a779 - Path: Packages/com.unity.render-pipelines.universal/Editor/2D/ShaderGraph/Nodes/SpriteSkinningNode.cs - Importer: ScriptedImporter/UnityEditor.QuickSearchModule:UnityEditor.Search:ASIAI0B
Importing 'GUID: b52dc03557c43a54dba259bd9f78a779 - Path: Packages/com.unity.render-pipelines.universal/Editor/2D/ShaderGraph/Nodes/SpriteSkinningNode.cs - Importer: ScriptedImporter/UnityEditor.QuickSearchModule:UnityEditor.Search:ASIAI0B' with importer (ScriptedImporter : UnityEditor.QuickSearchModule:UnityEditor.Search:ASIAI0B)
Imported 'GUID: b52dc03557c43a54dba259bd9f78a779' -> (Import Result ID: 'fdf0b82d881349dd08f0693fbbed8ded') in 0.019 seconds [static and dynamic dependencies]. Details - ImportResultOutputID=62f551b6717b5d0903268d6a5bd9ab15 DependenciesID=c7a67001916a3943b04eda4b9909b956 StaticDependenciesID=787536609753ca0e1d4009950defbfff 
Number of updated asset objects reloaded before import = 0
Number of asset objects unloaded after import = 0
========================================================================
Received Import Request.
  Time of request: 2026-08-22T03:23:58.735405Z
  Time since last request: 0.0012743 seconds.
  importAddress: GUID: c989e1ed85cf7154caa922fec53e6af6 - Path: Packages/com.unity.render-pipelines.universal/Textures/BlueNoise16/L/LDR_LLL1_27.png - Importer: ScriptedImporter/UnityEditor.QuickSearchModule:UnityEditor.Search:ASIAI0B
Importing 'GUID: c989e1ed85cf7154caa922fec53e6af6 - Path: Packages/com.unity.render-pipelines.universal/Textures/BlueNoise16/L/LDR_LLL1_27.png - Importer: ScriptedImporter/UnityEditor.QuickSearchModule:UnityEditor.Search:ASIAI0B' with importer (ScriptedImporter : UnityEditor.QuickSearchModule:UnityEditor.Search:ASIAI0B)
Imported 'GUID: c989e1ed85cf7154caa922fec53e6af6' -> (Import Result ID: 'bd00156dabb1c4052eea7fe9fecefb80') in 0.014 seconds [static and dynamic dependencies]. Details - ImportResultOutputID=6530acefc2bbdde4908292711379fbd8 DependenciesID=bbfe028fe0909f5607704495d60c0a56 StaticDependenciesID=8e0f7519d722f83cbfec1514eec824e4 
Number of updated asset objects reloaded before import = 0
Number of asset objects unloaded after import = 1
========================================================================
Received Import Request.
  Time of request: 2026-08-22T03:23:58.7649976Z
  Time since last request: 0.0005703 seconds.
  importAddress: GUID: d36f0fe53425e08499a2333cf423634c - Path: Packages/com.unity.render-pipelines.universal/Textures/BlueNoise16/L/LDR_LLL1_18.png - Importer: ScriptedImporter/UnityEditor.QuickSearchModule:UnityEditor.Search:ASIAI0B
Importing 'GUID: d36f0fe53425e08499a2333cf423634c - Path: Packages/com.unity.render-pipelines.universal/Textures/BlueNoise16/L/LDR_LLL1_18.png - Importer: ScriptedImporter/UnityEditor.QuickSearchModule:UnityEditor.Search:ASIAI0B' with importer (ScriptedImporter : UnityEditor.QuickSearchModule:UnityEditor.Search:ASIAI0B)
Imported 'GUID: d36f0fe53425e08499a2333cf423634c' -> (Import Result ID: 'acc8c2e89bfe0fe2031e3a9f7b7de4e4') in 0.009 seconds [static and dynamic dependencies]. Details - ImportResultOutputID=095deecf814858132ee5799f6cc69567 DependenciesID=473c8e706beecb8dcfcc82b082320113 StaticDependenciesID=b5357157f51362f021b48bf6cb2efe34 
Number of updated asset objects reloaded before import = 0
Number of asset objects unloaded after import = 1
========================================================================
Received Import Request.
  Time of request: 2026-08-22T03:23:58.7952274Z
  Time since last request: 0.0005436 seconds.
  importAddress: GUID: 071e954febf155243a6c81e48f452644 - Path: Packages/com.unity.render-pipelines.universal/Textures/BlueNoise16/L/LDR_LLL1_9.png - Importer: ScriptedImporter/UnityEditor.QuickSearchModule:UnityEditor.Search:ASIAI0B
Importing 'GUID: 071e954febf155243a6c81e48f452644 - Path: Packages/com.unity.render-pipelines.universal/Textures/BlueNoise16/L/LDR_LLL1_9.png - Importer: ScriptedImporter/UnityEditor.QuickSearchModule:UnityEditor.Search:ASIAI0B' with importer (ScriptedImporter : UnityEditor.QuickSearchModule:UnityEditor.Search:ASIAI0B)
Imported 'GUID: 071e954febf155243a6c81e48f452644' -> (Import Result ID: 'bf82e88d4947c931ed168e9d909adf7e') in 0.010 seconds [static and dynamic dependencies]. Details - ImportResultOutputID=3bf8952f99721cbb2765d37935370866 DependenciesID=ca7352c123832e1970027428fad7580a StaticDependenciesID=83db2f8ef549ec216b09c7777d48fbb4 
Number of updated asset objects reloaded before import = 0
Number of asset objects unloaded after import = 1
========================================================================
Received Import Request.
  Time of request: 2026-08-22T03:23:58.8249138Z
  Time since last request: 0.0007079 seconds.
  importAddress: GUID: 7ce2118f74614a94aa8a0cdf2e6062c3 - Path: Packages/com.unity.render-pipelines.universal/Textures/BlueNoise16/L/LDR_LLL1_3.png - Importer: ScriptedImporter/UnityEditor.QuickSearchModule:UnityEditor.Search:ASIAI0B
Importing 'GUID: 7ce2118f74614a94aa8a0cdf2e6062c3 - Path: Packages/com.unity.render-pipelines.universal/Textures/BlueNoise16/L/LDR_LLL1_3.png - Importer: ScriptedImporter/UnityEditor.QuickSearchModule:UnityEditor.Search:ASIAI0B' with importer (ScriptedImporter : UnityEditor.QuickSearchModule:UnityEditor.Search:ASIAI0B)
Imported 'GUID: 7ce2118f74614a94aa8a0cdf2e6062c3' -> (Import Result ID: 'cc17364f8aaf40fd9e6be336620102a1') in 0.012 seconds [static and dynamic dependencies]. Details - ImportResultOutputID=b1c2fa2832f3c7631b9b8416c76cc904 DependenciesID=81358fe860c54d3497bf177e43b60515 StaticDependenciesID=792c4d839e5cbd1a32f6b38cc3889004 
Number of updated asset objects reloaded before import = 0
Number of asset objects unloaded after import = 1
========================================================================
Received Import Request.
  Time of request: 2026-08-22T03:23:58.8534668Z
  Time since last request: 0.0013635 seconds.
  importAddress: GUID: fa042edbfc40fbd4bad0ab9d505b1223 - Path: Packages/com.unity.render-pipelines.universal/Textures/BlueNoise16/L/LDR_LLL1_29.png - Importer: ScriptedImporter/UnityEditor.QuickSearchModule:UnityEditor.Search:ASIAI0B
Importing 'GUID: fa042edbfc40fbd4bad0ab9d505b1223 - Path: Packages/com.unity.render-pipelines.universal/Textures/BlueNoise16/L/LDR_LLL1_29.png - Importer: ScriptedImporter/UnityEditor.QuickSearchModule:UnityEditor.Search:ASIAI0B' with importer (ScriptedImporter : UnityEditor.QuickSearchModule:UnityEditor.Search:ASIAI0B)
Imported 'GUID: fa042edbfc40fbd4bad0ab9d505b1223' -> (Import Result ID: 'cb4f76622fd2fcdd0039ce65ac4e25cd') in 0.011 seconds [static and dynamic dependencies]. Details - ImportResultOutputID=cf187a294d2f30e4452a2f8c45f402e8 DependenciesID=4e76e7b5413086dd676d31451e28cb86 StaticDependenciesID=981d967adfdf3c607f951df63e7ec0f9 
Number of updated asset objects reloaded before import = 0
Number of asset objects unloaded after import = 1
========================================================================
Received Import Request.
  Time of request: 2026-08-22T03:23:58.886098Z
  Time since last request: 0.000588 seconds.
  importAddress: GUID: 172e304acf14e434e967133e7ee67273 - Path: Packages/com.unity.render-pipelines.universal/Editor/2D/ShaderGraph/Includes/SpriteUnlitPass.hlsl - Importer: ScriptedImporter/UnityEditor.QuickSearchModule:UnityEditor.Search:ASIAI0B
Importing 'GUID: 172e304acf14e434e967133e7ee67273 - Path: Packages/com.unity.render-pipelines.universal/Editor/2D/ShaderGraph/Includes/SpriteUnlitPass.hlsl - Importer: ScriptedImporter/UnityEditor.QuickSearchModule:UnityEditor.Search:ASIAI0B' with importer (ScriptedImporter : UnityEditor.QuickSearchModule:UnityEditor.Search:ASIAI0B)
Imported 'GUID: 172e304acf14e434e967133e7ee67273' -> (Import Result ID: '4984c6bcc6032cb530a9d70192cb9183') in 0.009 seconds [static and dynamic dependencies]. Details - ImportResultOutputID=0491a7ad8406cf506bb0862e1a150360 DependenciesID=163ecec620a0d6ed24ea89dddef70150 StaticDependenciesID=a9d472f7d00dfc371c24e14a60196d27 
Number of updated asset objects reloaded before import = 0
Number of asset objects unloaded after import = 1
========================================================================
Received Import Request.
  Time of request: 2026-08-22T03:23:58.9184676Z
  Time since last request: 0.0005453 seconds.
  importAddress: GUID: 47a45908f6db0cb44a0d5e961143afec - Path: Packages/com.unity.render-pipelines.universal/Textures/BlueNoise16/L/LDR_LLL1_14.png - Importer: ScriptedImporter/UnityEditor.QuickSearchModule:UnityEditor.Search:ASIAI0B
Importing 'GUID: 47a45908f6db0cb44a0d5e961143afec - Path: Packages/com.unity.render-pipelines.universal/Textures/BlueNoise16/L/LDR_LLL1_14.png - Importer: ScriptedImporter/UnityEditor.QuickSearchModule:UnityEditor.Search:ASIAI0B' with importer (ScriptedImporter : UnityEditor.QuickSearchModule:UnityEditor.Search:ASIAI0B)
Imported 'GUID: 47a45908f6db0cb44a0d5e961143afec' -> (Import Result ID: '9d96d70edebddbcd22da7bf0bfb259c4') in 0.010 seconds [static and dynamic dependencies]. Details - ImportResultOutputID=6a76562584accbc1b95d575e977c6605 DependenciesID=3101dce8f4102e00b01d3277db5274f3 StaticDependenciesID=db6216d8414b66b3e251fc138f5541d2 
Number of updated asset objects reloaded before import = 0
Number of asset objects unloaded after import = 1
========================================================================
Received Import Request.
  Time of request: 2026-08-22T03:23:58.9510662Z
  Time since last request: 0.0006265 seconds.
  importAddress: GUID: 70d16a5f04690d74ab9b1ddcbefd47bb - Path: Packages/com.unity.render-pipelines.universal/Editor/2D/Resources/SceneViewIcons/SpriteLight.png - Importer: ScriptedImporter/UnityEditor.QuickSearchModule:UnityEditor.Search:ASIAI0B
Importing 'GUID: 70d16a5f04690d74ab9b1ddcbefd47bb - Path: Packages/com.unity.render-pipelines.universal/Editor/2D/Resources/SceneViewIcons/SpriteLight.png - Importer: ScriptedImporter/UnityEditor.QuickSearchModule:UnityEditor.Search:ASIAI0B' with importer (ScriptedImporter : UnityEditor.QuickSearchModule:UnityEditor.Search:ASIAI0B)
Imported 'GUID: 70d16a5f04690d74ab9b1ddcbefd47bb' -> (Import Result ID: '2a7d535e0cf2257f63eff0efde7e2676') in 0.027 seconds [static and dynamic dependencies]. Details - ImportResultOutputID=c183a107ec66d70b219ada28b4b390f3 DependenciesID=a4d6606cdcf039942e76f147a5d23b64 StaticDependenciesID=95b6728cb6efe447d92aaed86b3ec208 
Number of updated asset objects reloaded before import = 0
Number of asset objects unloaded after import = 1
========================================================================
Received Import Request.
  Time of request: 2026-08-22T03:23:58.9983283Z
  Time since last request: 0.0005838 seconds.
  importAddress: GUID: bc45f85c523f60641ac5ecf5c30dae29 - Path: Packages/com.unity.render-pipelines.universal/Editor/2D/ShaderGraph/Targets/SpriteSubTargetUtility.cs - Importer: ScriptedImporter/UnityEditor.QuickSearchModule:UnityEditor.Search:ASIAI0B
Importing 'GUID: bc45f85c523f60641ac5ecf5c30dae29 - Path: Packages/com.unity.render-pipelines.universal/Editor/2D/ShaderGraph/Targets/SpriteSubTargetUtility.cs - Importer: ScriptedImporter/UnityEditor.QuickSearchModule:UnityEditor.Search:ASIAI0B' with importer (ScriptedImporter : UnityEditor.QuickSearchModule:UnityEditor.Search:ASIAI0B)
Imported 'GUID: bc45f85c523f60641ac5ecf5c30dae29' -> (Import Result ID: '7e5b2b2852c3fdd79fd9b2c74b373e7c') in 0.007 seconds [static and dynamic dependencies]. Details - ImportResultOutputID=85e8e2e2848927f42a9e88e93d5176b2 DependenciesID=9f573d1bdca8ec41b0884f930aac7ea4 StaticDependenciesID=520db17b4c84d85d9765ed1c800f7234 
Number of updated asset objects reloaded before import = 0
Number of asset objects unloaded after import = 0
========================================================================
Received Import Request.
  Time of request: 2026-08-22T03:23:59.0293004Z
  Time since last request: 0.0008359 seconds.
  importAddress: GUID: bfad0aba0faa90547b68abd10bb6be86 - Path: Packages/com.unity.render-pipelines.universal/Editor/ShaderGraph/GraphTemplates/2D/2_2D Sprite Custom Lit.shadergraph - Importer: ScriptedImporter/UnityEditor.QuickSearchModule:UnityEditor.Search:ASIAI0B
Importing 'GUID: bfad0aba0faa90547b68abd10bb6be86 - Path: Packages/com.unity.render-pipelines.universal/Editor/ShaderGraph/GraphTemplates/2D/2_2D Sprite Custom Lit.shadergraph - Importer: ScriptedImporter/UnityEditor.QuickSearchModule:UnityEditor.Search:ASIAI0B' with importer (ScriptedImporter : UnityEditor.QuickSearchModule:UnityEditor.Search:ASIAI0B)
Imported 'GUID: bfad0aba0faa90547b68abd10bb6be86' -> (Import Result ID: '7475833a3f2a544711b2b27497f4958a') in 0.123 seconds [static and dynamic dependencies]. Details - ImportResultOutputID=6a78675517a2b45f074b09683d1e234c DependenciesID=de2b3d88d6caaae7d6d0619728b36a1a StaticDependenciesID=f944c30b95711787ed86bb885ad7c26c 
Number of updated asset objects reloaded before import = 0
Number of asset objects unloaded after import = 5
========================================================================
Received Import Request.
  Time of request: 2026-08-22T03:23:59.1805108Z
  Time since last request: 0.0000527 seconds.
  importAddress: GUID: 25a0ebb4827f3cc47a1af2c79005f65b - Path: Packages/com.unity.render-pipelines.universal/Editor/ShaderGraph/GraphTemplates/2D/1_2D Sprite Unlit.shadergraph - Importer: ScriptedImporter/UnityEditor.QuickSearchModule:UnityEditor.Search:ASIAI0B
Importing 'GUID: 25a0ebb4827f3cc47a1af2c79005f65b - Path: Packages/com.unity.render-pipelines.universal/Editor/ShaderGraph/GraphTemplates/2D/1_2D Sprite Unlit.shadergraph - Importer: ScriptedImporter/UnityEditor.QuickSearchModule:UnityEditor.Search:ASIAI0B' with importer (ScriptedImporter : UnityEditor.QuickSearchModule:UnityEditor.Search:ASIAI0B)
Imported 'GUID: 25a0ebb4827f3cc47a1af2c79005f65b' -> (Import Result ID: '935a701fa1cfa46f4f0e80a083829aa3') in 0.073 seconds [static and dynamic dependencies]. Details - ImportResultOutputID=f5850578034efd3d3afef97064cfbab8 DependenciesID=c4e6661a3e4eb67ca380be9ae2f4ca8c StaticDependenciesID=7a25f84eb8c371c735ce3fff7102a949 
Number of updated asset objects reloaded before import = 0
Number of asset objects unloaded after import = 5
========================================================================
Received Import Request.
  Time of request: 2026-08-22T03:23:59.2789632Z
  Time since last request: 0.0006625 seconds.
  importAddress: GUID: 1134690bf9216164dbc75050e35b7900 - Path: Packages/com.unity.render-pipelines.universal/Textures/BlueNoise16/L/LDR_LLL1_2.png - Importer: ScriptedImporter/UnityEditor.QuickSearchModule:UnityEditor.Search:ASIAI0B
Importing 'GUID: 1134690bf9216164dbc75050e35b7900 - Path: Packages/com.unity.render-pipelines.universal/Textures/BlueNoise16/L/LDR_LLL1_2.png - Importer: ScriptedImporter/UnityEditor.QuickSearchModule:UnityEditor.Search:ASIAI0B' with importer (ScriptedImporter : UnityEditor.QuickSearchModule:UnityEditor.Search:ASIAI0B)
Imported 'GUID: 1134690bf9216164dbc75050e35b7900' -> (Import Result ID: '07a569e5640e7e53d51de04b44328005') in 0.017 seconds [static and dynamic dependencies]. Details - ImportResultOutputID=970c71cb60a426bb7cecb5df709c3a9c DependenciesID=da8685c9ca37a5532b81fe13f6cefd4f StaticDependenciesID=ba5b55443efe063c462a22c726b3385d 
Number of updated asset objects reloaded before import = 0
Number of asset objects unloaded after import = 1
========================================================================
Received Import Request.
  Time of request: 2026-08-22T03:23:59.3286347Z
  Time since last request: 0.0005052 seconds.
  importAddress: GUID: e9aa28223a914899adffca20c1ff4226 - Path: Packages/com.unity.render-pipelines.universal/Editor/2D/ShaderGraph/Nodes/LightTextureNode.cs - Importer: ScriptedImporter/UnityEditor.QuickSearchModule:UnityEditor.Search:ASIAI0B
Importing 'GUID: e9aa28223a914899adffca20c1ff4226 - Path: Packages/com.unity.render-pipelines.universal/Editor/2D/ShaderGraph/Nodes/LightTextureNode.cs - Importer: ScriptedImporter/UnityEditor.QuickSearchModule:UnityEditor.Search:ASIAI0B' with importer (ScriptedImporter : UnityEditor.QuickSearchModule:UnityEditor.Search:ASIAI0B)
Imported 'GUID: e9aa28223a914899adffca20c1ff4226' -> (Import Result ID: 'a3365e5cb42570520691b7ec9f3835b7') in 0.010 seconds [static and dynamic dependencies]. Details - ImportResultOutputID=f0dd3a76f395972b5a66ff4936451ab8 DependenciesID=574d5c87f1729f66140b9f7181bf10fe StaticDependenciesID=b70f0786add14a073346636d65c20806 
Number of updated asset objects reloaded before import = 0
Number of asset objects unloaded after import = 0
========================================================================
Received Import Request.
  Time of request: 2026-08-22T03:23:59.3667862Z
  Time since last request: 0.001252 seconds.
  importAddress: GUID: 14381521ff11cb74abe3fe65401c23be - Path: Packages/com.unity.render-pipelines.universal/Textures/BlueNoise16/L/LDR_LLL1_17.png - Importer: ScriptedImporter/UnityEditor.QuickSearchModule:UnityEditor.Search:ASIAI0B
Importing 'GUID: 14381521ff11cb74abe3fe65401c23be - Path: Packages/com.unity.render-pipelines.universal/Textures/BlueNoise16/L/LDR_LLL1_17.png - Importer: ScriptedImporter/UnityEditor.QuickSearchModule:UnityEditor.Search:ASIAI0B' with importer (ScriptedImporter : UnityEditor.QuickSearchModule:UnityEditor.Search:ASIAI0B)
Imported 'GUID: 14381521ff11cb74abe3fe65401c23be' -> (Import Result ID: 'ae25e4e0bafc49b91e47aaf011ba24cf') in 0.010 seconds [static and dynamic dependencies]. Details - ImportResultOutputID=e683a078d2919715c45e7abce4f7b6f4 DependenciesID=7148479f1f903e2927300075038b9738 StaticDependenciesID=08f896b526d7c7e0917580f3854a4cc6 
Number of updated asset objects reloaded before import = 0
Number of asset objects unloaded after import = 1
========================================================================
Received Import Request.
  Time of request: 2026-08-22T03:23:59.4016056Z
  Time since last request: 0.0004151 seconds.
  importAddress: GUID: e957854850ccb7140a538f7a93f8761b - Path: Packages/com.unity.render-pipelines.universal/Editor/2D/Resources/InspectorIcons/ParametricLight.png - Importer: ScriptedImporter/UnityEditor.QuickSearchModule:UnityEditor.Search:ASIAI0B
Importing 'GUID: e957854850ccb7140a538f7a93f8761b - Path: Packages/com.unity.render-pipelines.universal/Editor/2D/Resources/InspectorIcons/ParametricLight.png - Importer: ScriptedImporter/UnityEditor.QuickSearchModule:UnityEditor.Search:ASIAI0B' with importer (ScriptedImporter : UnityEditor.QuickSearchModule:UnityEditor.Search:ASIAI0B)
Imported 'GUID: e957854850ccb7140a538f7a93f8761b' -> (Import Result ID: '09214e4fe471082cccbe8833347b4933') in 0.017 seconds [static and dynamic dependencies]. Details - ImportResultOutputID=06279de01b33ee02d8dd3b9eecd583eb DependenciesID=20f7355af2542b9423af454069c2eb1c StaticDependenciesID=6b5cf1d97a146f04961cf2025ea13b1a 
Number of updated asset objects reloaded before import = 0
Number of asset objects unloaded after import = 1
========================================================================
Received Import Request.
  Time of request: 2026-08-22T03:23:59.4385319Z
  Time since last request: 0.0008916 seconds.
  importAddress: GUID: 3ce18356597793947bd0f671f7363559 - Path: Packages/com.unity.render-pipelines.universal/Editor/2D/ShaderGraph/Includes/SpriteLitPass.hlsl - Importer: ScriptedImporter/UnityEditor.QuickSearchModule:UnityEditor.Search:ASIAI0B
Importing 'GUID: 3ce18356597793947bd0f671f7363559 - Path: Packages/com.unity.render-pipelines.universal/Editor/2D/ShaderGraph/Includes/SpriteLitPass.hlsl - Importer: ScriptedImporter/UnityEditor.QuickSearchModule:UnityEditor.Search:ASIAI0B' with importer (ScriptedImporter : UnityEditor.QuickSearchModule:UnityEditor.Search:ASIAI0B)
Imported 'GUID: 3ce18356597793947bd0f671f7363559' -> (Import Result ID: '036f30938ce76f17ea610e1907196fe3') in 0.018 seconds [static and dynamic dependencies]. Details - ImportResultOutputID=3ccd6faf1adeb156ef2369209331b699 DependenciesID=3cb4cff6e4b557aec763a087f88a0d91 StaticDependenciesID=3702dc106e4a86da0f0dd7b4c2a21050 
Number of updated asset objects reloaded before import = 0
Number of asset objects unloaded after import = 1
========================================================================
Received Import Request.
  Time of request: 2026-08-22T03:23:59.4834032Z
  Time since last request: 0.0012352 seconds.
  importAddress: GUID: 6eaa9958d83ec43499e946a21edba283 - Path: Packages/com.unity.render-pipelines.universal/Editor/2D/Resources/InspectorIcons/PointLight.png - Importer: ScriptedImporter/UnityEditor.QuickSearchModule:UnityEditor.Search:ASIAI0B
Importing 'GUID: 6eaa9958d83ec43499e946a21edba283 - Path: Packages/com.unity.render-pipelines.universal/Editor/2D/Resources/InspectorIcons/PointLight.png - Importer: ScriptedImporter/UnityEditor.QuickSearchModule:UnityEditor.Search:ASIAI0B' with importer (ScriptedImporter : UnityEditor.QuickSearchModule:UnityEditor.Search:ASIAI0B)
Imported 'GUID: 6eaa9958d83ec43499e946a21edba283' -> (Import Result ID: '3c87eea43ae07b7a06cd85b885f1c41b') in 0.031 seconds [static and dynamic dependencies]. Details - ImportResultOutputID=6476af297677666519525a3533638888 DependenciesID=dc490e0219d1f17adfe04ad5407ad559 StaticDependenciesID=04870d51c9239773a049843f8152c4e2 
Number of updated asset objects reloaded before import = 0
Number of asset objects unloaded after import = 3
========================================================================
Received Import Request.
  Time of request: 2026-08-22T03:23:59.540598Z
  Time since last request: 0.0004975 seconds.
  importAddress: GUID: 302e68dd45b9b2d4194ff0f7f454436f - Path: Packages/com.unity.render-pipelines.universal/Editor/2D/Resources/SceneViewIcons/ParametricLight.png - Importer: ScriptedImporter/UnityEditor.QuickSearchModule:UnityEditor.Search:ASIAI0B
Importing 'GUID: 302e68dd45b9b2d4194ff0f7f454436f - Path: Packages/com.unity.render-pipelines.universal/Editor/2D/Resources/SceneViewIcons/ParametricLight.png - Importer: ScriptedImporter/UnityEditor.QuickSearchModule:UnityEditor.Search:ASIAI0B' with importer (ScriptedImporter : UnityEditor.QuickSearchModule:UnityEditor.Search:ASIAI0B)
Imported 'GUID: 302e68dd45b9b2d4194ff0f7f454436f' -> (Import Result ID: '83fe79fa47b093bdd3f14c23f8aa89d0') in 0.021 seconds [static and dynamic dependencies]. Details - ImportResultOutputID=f849df106bce60ecbff089344adab468 DependenciesID=1a86b1f2de4ac9e67e688d9b386dc4b1 StaticDependenciesID=249bccf568826778b8f9979b64dbb7cf 
Number of updated asset objects reloaded before import = 0
Number of asset objects unloaded after import = 1
========================================================================
Received Import Request.
  Time of request: 2026-08-22T03:23:59.5870064Z
  Time since last request: 0.0018093 seconds.
  importAddress: GUID: 713d6952dfc661f44b856f1bfc9a4880 - Path: Packages/com.unity.render-pipelines.universal/Editor/ShaderGraph/Includes/Terrain/PBRForwardPass.hlsl - Importer: ScriptedImporter/UnityEditor.QuickSearchModule:UnityEditor.Search:ASIAI0B
Importing 'GUID: 713d6952dfc661f44b856f1bfc9a4880 - Path: Packages/com.unity.render-pipelines.universal/Editor/ShaderGraph/Includes/Terrain/PBRForwardPass.hlsl - Importer: ScriptedImporter/UnityEditor.QuickSearchModule:UnityEditor.Search:ASIAI0B' with importer (ScriptedImporter : UnityEditor.QuickSearchModule:UnityEditor.Search:ASIAI0B)
Imported 'GUID: 713d6952dfc661f44b856f1bfc9a4880' -> (Import Result ID: '995badc193c4f1bfc8efbc9706fad7ae') in 0.009 seconds [static and dynamic dependencies]. Details - ImportResultOutputID=b6278020546b13a8624ed4a96988c6f7 DependenciesID=9881630607114c0477141864465b7c54 StaticDependenciesID=288841f2ea4e4e4a3aa07c75f5fe1e8c 
Number of updated asset objects reloaded before import = 0
Number of asset objects unloaded after import = 1
========================================================================
Received Import Request.
  Time of request: 2026-08-22T03:23:59.6185285Z
  Time since last request: 0.0005432 seconds.
  importAddress: GUID: 494ba6900e1d9f34da743bb68ff82ddb - Path: Packages/com.unity.render-pipelines.universal/Editor/ShaderGraph/GraphTemplates/2D/2DSpriteLitTemplateThumbnail.png - Importer: ScriptedImporter/UnityEditor.QuickSearchModule:UnityEditor.Search:ASIAI0B
Importing 'GUID: 494ba6900e1d9f34da743bb68ff82ddb - Path: Packages/com.unity.render-pipelines.universal/Editor/ShaderGraph/GraphTemplates/2D/2DSpriteLitTemplateThumbnail.png - Importer: ScriptedImporter/UnityEditor.QuickSearchModule:UnityEditor.Search:ASIAI0B' with importer (ScriptedImporter : UnityEditor.QuickSearchModule:UnityEditor.Search:ASIAI0B)
Imported 'GUID: 494ba6900e1d9f34da743bb68ff82ddb' -> (Import Result ID: '18c81b630268c11fd7fd9a84ee6c35b9') in 0.019 seconds [static and dynamic dependencies]. Details - ImportResultOutputID=249357551365415a657f99de1ef716a4 DependenciesID=e11180860726da342ffeb77702235e58 StaticDependenciesID=9f11434a310433e595e3e2837b2f81db 
Number of updated asset objects reloaded before import = 0
Number of asset objects unloaded after import = 1
========================================================================
Received Import Request.
  Time of request: 2026-08-22T03:23:59.6565396Z
  Time since last request: 0.0005353 seconds.
  importAddress: GUID: 8839c54710da3374f994e12f39b6d65f - Path: Packages/com.unity.render-pipelines.universal/Editor/2D/Resources/InspectorIcons/SpriteLight.png - Importer: ScriptedImporter/UnityEditor.QuickSearchModule:UnityEditor.Search:ASIAI0B
Importing 'GUID: 8839c54710da3374f994e12f39b6d65f - Path: Packages/com.unity.render-pipelines.universal/Editor/2D/Resources/InspectorIcons/SpriteLight.png - Importer: ScriptedImporter/UnityEditor.QuickSearchModule:UnityEditor.Search:ASIAI0B' with importer (ScriptedImporter : UnityEditor.QuickSearchModule:UnityEditor.Search:ASIAI0B)
Imported 'GUID: 8839c54710da3374f994e12f39b6d65f' -> (Import Result ID: '081db8f6798841b60afffb2b628b04f6') in 0.022 seconds [static and dynamic dependencies]. Details - ImportResultOutputID=da2713f231663c50619cfd6555bc646b DependenciesID=41b8eaac00673a2b4e469601d1e14b93 StaticDependenciesID=1460c1ca2d09e3e1a7364bffe1b1cba2 
Number of updated asset objects reloaded before import = 0
Number of asset objects unloaded after import = 1
========================================================================
Received Import Request.
  Time of request: 2026-08-22T03:23:59.6960654Z
  Time since last request: 0.000439 seconds.
  importAddress: GUID: 8813ce52b5a413e40b14da5290946105 - Path: Packages/com.unity.render-pipelines.universal/Editor/2D/ShaderGraph/Targets/Universal2DSubTargetDescriptors.cs - Importer: ScriptedImporter/UnityEditor.QuickSearchModule:UnityEditor.Search:ASIAI0B
Importing 'GUID: 8813ce52b5a413e40b14da5290946105 - Path: Packages/com.unity.render-pipelines.universal/Editor/2D/ShaderGraph/Targets/Universal2DSubTargetDescriptors.cs - Importer: ScriptedImporter/UnityEditor.QuickSearchModule:UnityEditor.Search:ASIAI0B' with importer (ScriptedImporter : UnityEditor.QuickSearchModule:UnityEditor.Search:ASIAI0B)
Imported 'GUID: 8813ce52b5a413e40b14da5290946105' -> (Import Result ID: '0a0f647e1169b52171aa8671486cfab5') in 0.006 seconds [static and dynamic dependencies]. Details - ImportResultOutputID=927f7adad0a64301ceeb80fa5616fac8 DependenciesID=3a3c28975610d3d051b1655b1b68daf3 StaticDependenciesID=d821d5abe4ee00467829ae91a0b4588d 
Number of updated asset objects reloaded before import = 0
Number of asset objects unloaded after import = 0
========================================================================
Received Import Request.
  Time of request: 2026-08-22T03:23:59.7204128Z
  Time since last request: 0.0005587 seconds.
  importAddress: GUID: 2ca97df9d1801e84a8a8f2c53cb744f0 - Path: Packages/com.unity.render-pipelines.universal/Textures/BlueNoise16/L/LDR_LLL1_4.png - Importer: ScriptedImporter/UnityEditor.QuickSearchModule:UnityEditor.Search:ASIAI0B
Importing 'GUID: 2ca97df9d1801e84a8a8f2c53cb744f0 - Path: Packages/com.unity.render-pipelines.universal/Textures/BlueNoise16/L/LDR_LLL1_4.png - Importer: ScriptedImporter/UnityEditor.QuickSearchModule:UnityEditor.Search:ASIAI0B' with importer (ScriptedImporter : UnityEditor.QuickSearchModule:UnityEditor.Search:ASIAI0B)
Imported 'GUID: 2ca97df9d1801e84a8a8f2c53cb744f0' -> (Import Result ID: 'a2f9e862ad85e8f59b88bbff95abb6c5') in 0.009 seconds [static and dynamic dependencies]. Details - ImportResultOutputID=f88c6efbbe1eb6d4e582e11ce84b5678 DependenciesID=58978bdfa9dd37f155416868f06d53ee StaticDependenciesID=5ee36786348fb75ce6390473b6c50550 
Number of updated asset objects reloaded before import = 0
Number of asset objects unloaded after import = 1
========================================================================
Received Import Request.
  Time of request: 2026-08-22T03:23:59.7639288Z
  Time since last request: 0.0175812 seconds.
  importAddress: GUID: b4742283930118c448f26ae5f6d6b52b - Path: Packages/com.unity.render-pipelines.universal/Runtime/2D/Shadows/Providers/ShadowShape2DProvider_SpriteSkin.cs - Importer: ScriptedImporter/UnityEditor.QuickSearchModule:UnityEditor.Search:ASIAI0B
Importing 'GUID: b4742283930118c448f26ae5f6d6b52b - Path: Packages/com.unity.render-pipelines.universal/Runtime/2D/Shadows/Providers/ShadowShape2DProvider_SpriteSkin.cs - Importer: ScriptedImporter/UnityEditor.QuickSearchModule:UnityEditor.Search:ASIAI0B' with importer (ScriptedImporter : UnityEditor.QuickSearchModule:UnityEditor.Search:ASIAI0B)
Imported 'GUID: b4742283930118c448f26ae5f6d6b52b' -> (Import Result ID: '98b3ebc993b81eeb5d038413cd97f8e7') in 0.004 seconds [static and dynamic dependencies]. Details - ImportResultOutputID=65b3d3add7081f654d41f2dab4bfe44e DependenciesID=94586f11e4f5b2bd2da76567f0166347 StaticDependenciesID=d4b458a1248eb0ba57bff094377113db 
Number of updated asset objects reloaded before import = 0
Number of asset objects unloaded after import = 0
========================================================================
Received Import Request.
  Time of request: 2026-08-22T03:23:59.7818496Z
  Time since last request: 0.0004063 seconds.
  importAddress: GUID: 69df087108d629047b6c21623fd66b25 - Path: Packages/com.unity.render-pipelines.universal/Editor/Tools/Converters/AnimationClipConverter/EditorCurveBindingUtils.cs - Importer: ScriptedImporter/UnityEditor.QuickSearchModule:UnityEditor.Search:ASIAI0B
Importing 'GUID: 69df087108d629047b6c21623fd66b25 - Path: Packages/com.unity.render-pipelines.universal/Editor/Tools/Converters/AnimationClipConverter/EditorCurveBindingUtils.cs - Importer: ScriptedImporter/UnityEditor.QuickSearchModule:UnityEditor.Search:ASIAI0B' with importer (ScriptedImporter : UnityEditor.QuickSearchModule:UnityEditor.Search:ASIAI0B)
Imported 'GUID: 69df087108d629047b6c21623fd66b25' -> (Import Result ID: '0f5b3c1a006439ebbc8bbc210976bd61') in 0.005 seconds [static and dynamic dependencies]. Details - ImportResultOutputID=e4e21897fcec1d16992ab53796cc95a1 DependenciesID=fdb1375ffdcb84602d9997499be25f47 StaticDependenciesID=a701964c6718d796b9009ea2eb097d2b 
Number of updated asset objects reloaded before import = 0
Number of asset objects unloaded after import = 0
========================================================================
Received Import Request.
  Time of request: 2026-08-22T03:23:59.8064427Z
  Time since last request: 0.0006963 seconds.
  importAddress: GUID: aca2b17be79ab654989699ca3d36b741 - Path: Packages/com.unity.render-pipelines.universal/Runtime/2D/Shadows/Shadow Provider Utility/EdgeDictionary.cs - Importer: ScriptedImporter/UnityEditor.QuickSearchModule:UnityEditor.Search:ASIAI0B
Importing 'GUID: aca2b17be79ab654989699ca3d36b741 - Path: Packages/com.unity.render-pipelines.universal/Runtime/2D/Shadows/Shadow Provider Utility/EdgeDictionary.cs - Importer: ScriptedImporter/UnityEditor.QuickSearchModule:UnityEditor.Search:ASIAI0B' with importer (ScriptedImporter : UnityEditor.QuickSearchModule:UnityEditor.Search:ASIAI0B)
Imported 'GUID: aca2b17be79ab654989699ca3d36b741' -> (Import Result ID: 'f076264344966d611811633223f86e61') in 0.007 seconds [static and dynamic dependencies]. Details - ImportResultOutputID=93851d5cd3160413983990dc9e61c2d4 DependenciesID=62e71092d67535251a63b2081bd076cd StaticDependenciesID=56ee27a7bc771173893880407bc437e8 
Number of updated asset objects reloaded before import = 0
Number of asset objects unloaded after import = 0
========================================================================
Received Import Request.
  Time of request: 2026-08-22T03:23:59.8343661Z
  Time since last request: 0.0013828 seconds.
  importAddress: GUID: 25ee3a4bc58576c42aa35f5e3b411125 - Path: Packages/com.unity.render-pipelines.universal/Runtime/2D/Shadows/Providers/ShadowShape2DProvider_Collider.cs - Importer: ScriptedImporter/UnityEditor.QuickSearchModule:UnityEditor.Search:ASIAI0B
Importing 'GUID: 25ee3a4bc58576c42aa35f5e3b411125 - Path: Packages/com.unity.render-pipelines.universal/Runtime/2D/Shadows/Providers/ShadowShape2DProvider_Collider.cs - Importer: ScriptedImporter/UnityEditor.QuickSearchModule:UnityEditor.Search:ASIAI0B' with importer (ScriptedImporter : UnityEditor.QuickSearchModule:UnityEditor.Search:ASIAI0B)
Imported 'GUID: 25ee3a4bc58576c42aa35f5e3b411125' -> (Import Result ID: '5fabdb0cd67099604fb4fa76271cdb9f') in 0.009 seconds [static and dynamic dependencies]. Details - ImportResultOutputID=4081185b6a0762fc6cdb5428e47c42ab DependenciesID=5c7dadf703448df15a3d00a422e7a51a StaticDependenciesID=1c3ac7b01cbdbc232f5f120535a8a962 
Number of updated asset objects reloaded before import = 0
Number of asset objects unloaded after import = 0
========================================================================
Received Import Request.
  Time of request: 2026-08-22T03:23:59.8634572Z
  Time since last request: 0.0007951 seconds.
  importAddress: GUID: 6400081753199864e8880210a0c8ce24 - Path: Packages/com.unity.render-pipelines.universal/Editor/VFXGraph/Shaders/Templates/VFXParticleBasicCube.template - Importer: ScriptedImporter/UnityEditor.QuickSearchModule:UnityEditor.Search:ASIAI0B
Importing 'GUID: 6400081753199864e8880210a0c8ce24 - Path: Packages/com.unity.render-pipelines.universal/Editor/VFXGraph/Shaders/Templates/VFXParticleBasicCube.template - Importer: ScriptedImporter/UnityEditor.QuickSearchModule:UnityEditor.Search:ASIAI0B' with importer (ScriptedImporter : UnityEditor.QuickSearchModule:UnityEditor.Search:ASIAI0B)
Imported 'GUID: 6400081753199864e8880210a0c8ce24' -> (Import Result ID: 'bb2c405727ae82dc379d3eff62db0ea0') in 0.007 seconds [static and dynamic dependencies]. Details - ImportResultOutputID=b2683c4820630dde436472b5b239a9d3 DependenciesID=131503595cc0d0f1789009f7498a3c1d StaticDependenciesID=c9bc8af9126956d7fb5d89d0501f1729 
Number of updated asset objects reloaded before import = 0
Number of asset objects unloaded after import = 1
========================================================================
Received Import Request.
  Time of request: 2026-08-22T03:23:59.8915244Z
  Time since last request: 0.0008828 seconds.
  importAddress: GUID: c67e061ed96500e4ba8ddeabc5f46958 - Path: Packages/com.unity.render-pipelines.universal/Runtime/2D/Passes/Utility/LightBatch.cs - Importer: ScriptedImporter/UnityEditor.QuickSearchModule:UnityEditor.Search:ASIAI0B
Importing 'GUID: c67e061ed96500e4ba8ddeabc5f46958 - Path: Packages/com.unity.render-pipelines.universal/Runtime/2D/Passes/Utility/LightBatch.cs - Importer: ScriptedImporter/UnityEditor.QuickSearchModule:UnityEditor.Search:ASIAI0B' with importer (ScriptedImporter : UnityEditor.QuickSearchModule:UnityEditor.Search:ASIAI0B)
Imported 'GUID: c67e061ed96500e4ba8ddeabc5f46958' -> (Import Result ID: 'eb051692387670a592e1b9730b856b4f') in 0.006 seconds [static and dynamic dependencies]. Details - ImportResultOutputID=c1af954c0e7fd83dec45b402b9f8319f DependenciesID=143a8f4cb1d7d7325aec9981be6cacbc StaticDependenciesID=c89102d47bb8d96a1dfb9e72c43a4e99 
Number of updated asset objects reloaded before import = 0
Number of asset objects unloaded after import = 0
========================================================================
Received Import Request.
  Time of request: 2026-08-22T03:23:59.9191294Z
  Time since last request: 0.0007643 seconds.
  importAddress: GUID: 881ec97c8823ab046b7d532464c636f3 - Path: Packages/com.unity.render-pipelines.universal/Runtime/2D/Shadows/Providers/ShadowShape2DProvider_SpriteRenderer.cs - Importer: ScriptedImporter/UnityEditor.QuickSearchModule:UnityEditor.Search:ASIAI0B
Importing 'GUID: 881ec97c8823ab046b7d532464c636f3 - Path: Packages/com.unity.render-pipelines.universal/Runtime/2D/Shadows/Providers/ShadowShape2DProvider_SpriteRenderer.cs - Importer: ScriptedImporter/UnityEditor.QuickSearchModule:UnityEditor.Search:ASIAI0B' with importer (ScriptedImporter : UnityEditor.QuickSearchModule:UnityEditor.Search:ASIAI0B)
Imported 'GUID: 881ec97c8823ab046b7d532464c636f3' -> (Import Result ID: 'c6485ba399b14a7cc9abb690ccdf6cc3') in 0.007 seconds [static and dynamic dependencies]. Details - ImportResultOutputID=4849d59a439fef13bbb5a601e0519863 DependenciesID=d62b702c19add38248e7bc54d1d58ae4 StaticDependenciesID=e74bdceffac3cbb088c3806238783125 
Number of updated asset objects reloaded before import = 0
Number of asset objects unloaded after import = 0
========================================================================
Received Import Request.
  Time of request: 2026-08-22T03:23:59.9478991Z
  Time since last request: 0.0009306 seconds.
  importAddress: GUID: 571ac9b288ab81e4c9c3aad150d6cb3e - Path: Packages/com.unity.render-pipelines.universal/Editor/VFXGraph/Shaders/Templates/VFXParticleLitPlanarPrimitive.template - Importer: ScriptedImporter/UnityEditor.QuickSearchModule:UnityEditor.Search:ASIAI0B
Importing 'GUID: 571ac9b288ab81e4c9c3aad150d6cb3e - Path: Packages/com.unity.render-pipelines.universal/Editor/VFXGraph/Shaders/Templates/VFXParticleLitPlanarPrimitive.template - Importer: ScriptedImporter/UnityEditor.QuickSearchModule:UnityEditor.Search:ASIAI0B' with importer (ScriptedImporter : UnityEditor.QuickSearchModule:UnityEditor.Search:ASIAI0B)
Imported 'GUID: 571ac9b288ab81e4c9c3aad150d6cb3e' -> (Import Result ID: 'deb05c636b393588b75ccc73ea8494bf') in 0.006 seconds [static and dynamic dependencies]. Details - ImportResultOutputID=c577fb6e59c0d95bc041147c3d6d6f98 DependenciesID=3bf8230821b1959ab217313b4eb5f89d StaticDependenciesID=5ed742ea556e446eaa1e65b2d6a86e4f 
Number of updated asset objects reloaded before import = 0
Number of asset objects unloaded after import = 1
========================================================================
Received Import Request.
  Time of request: 2026-08-22T03:23:59.9741308Z
  Time since last request: 0.0004672 seconds.
  importAddress: GUID: 54019ac30a4ca724eac51bad54f48aac - Path: Packages/com.unity.render-pipelines.universal/Editor/Tools/Converters/PPv2/PPv2Converter.cs - Importer: ScriptedImporter/UnityEditor.QuickSearchModule:UnityEditor.Search:ASIAI0B
Importing 'GUID: 54019ac30a4ca724eac51bad54f48aac - Path: Packages/com.unity.render-pipelines.universal/Editor/Tools/Converters/PPv2/PPv2Converter.cs - Importer: ScriptedImporter/UnityEditor.QuickSearchModule:UnityEditor.Search:ASIAI0B' with importer (ScriptedImporter : UnityEditor.QuickSearchModule:UnityEditor.Search:ASIAI0B)
Imported 'GUID: 54019ac30a4ca724eac51bad54f48aac' -> (Import Result ID: '9b430a62de2b9da74194fd9df7aeb70f') in 0.006 seconds [static and dynamic dependencies]. Details - ImportResultOutputID=12a48b3ed9dbfc73a84b70aa5cb425bb DependenciesID=3886895e38ef9f79a90fb974805404a1 StaticDependenciesID=c8541c5c72b4fded4be51589df4d909d 
Number of updated asset objects reloaded before import = 0
Number of asset objects unloaded after import = 0
========================================================================
Received Import Request.
  Time of request: 2026-08-22T03:24:00.0026259Z
  Time since last request: 0.0007443 seconds.
  importAddress: GUID: c6ab9c7256c4d6c41afda3ecc2eabe48 - Path: Packages/com.unity.render-pipelines.universal/Editor/Tools/Converters/AnimationClipConverter/AnimationClipUpgrader_Types.cs - Importer: ScriptedImporter/UnityEditor.QuickSearchModule:UnityEditor.Search:ASIAI0B
Importing 'GUID: c6ab9c7256c4d6c41afda3ecc2eabe48 - Path: Packages/com.unity.render-pipelines.universal/Editor/Tools/Converters/AnimationClipConverter/AnimationClipUpgrader_Types.cs - Importer: ScriptedImporter/UnityEditor.QuickSearchModule:UnityEditor.Search:ASIAI0B' with importer (ScriptedImporter : UnityEditor.QuickSearchModule:UnityEditor.Search:ASIAI0B)
Imported 'GUID: c6ab9c7256c4d6c41afda3ecc2eabe48' -> (Import Result ID: '3d43872c6a87e5d2e9dc638a6a288d3d') in 0.007 seconds [static and dynamic dependencies]. Details - ImportResultOutputID=164cba021956fe8eaeaba1d70ad3fdec DependenciesID=e4e075d7121c364521a6307081ae2e1e StaticDependenciesID=657ab9da09ebaddfa293285b895d1e28 
Number of updated asset objects reloaded before import = 0
Number of asset objects unloaded after import = 0
========================================================================
Received Import Request.
  Time of request: 2026-08-22T03:24:00.0379106Z
  Time since last request: 0.0013267 seconds.
  importAddress: GUID: 89952a5e365cbf54699031f6ee002f48 - Path: Packages/com.unity.render-pipelines.universal/Editor/Tools/Converters/PPv2/PPv2ConversionIndexers.cs - Importer: ScriptedImporter/UnityEditor.QuickSearchModule:UnityEditor.Search:ASIAI0B
Importing 'GUID: 89952a5e365cbf54699031f6ee002f48 - Path: Packages/com.unity.render-pipelines.universal/Editor/Tools/Converters/PPv2/PPv2ConversionIndexers.cs - Importer: ScriptedImporter/UnityEditor.QuickSearchModule:UnityEditor.Search:ASIAI0B' with importer (ScriptedImporter : UnityEditor.QuickSearchModule:UnityEditor.Search:ASIAI0B)
Imported 'GUID: 89952a5e365cbf54699031f6ee002f48' -> (Import Result ID: '8673edb6a5dae70b10180db6ae9072e4') in 0.006 seconds [static and dynamic dependencies]. Details - ImportResultOutputID=b830447e72307e90939c88736b5ceb6e DependenciesID=95b2640044528c8d1ce3199e5f130ea3 StaticDependenciesID=6925d0d0e7aa423b919d4d5c682e1c89 
Number of updated asset objects reloaded before import = 0
Number of asset objects unloaded after import = 0
========================================================================
Received Import Request.
  Time of request: 2026-08-22T03:24:00.0689344Z
  Time since last request: 0.0012079 seconds.
  importAddress: GUID: 49ad1c60b87587d439cb3bf92a9867d6 - Path: Packages/com.unity.render-pipelines.universal/Runtime/2D/Shadows/Shadow Provider Utility/IEdgeStore.cs - Importer: ScriptedImporter/UnityEditor.QuickSearchModule:UnityEditor.Search:ASIAI0B
Importing 'GUID: 49ad1c60b87587d439cb3bf92a9867d6 - Path: Packages/com.unity.render-pipelines.universal/Runtime/2D/Shadows/Shadow Provider Utility/IEdgeStore.cs - Importer: ScriptedImporter/UnityEditor.QuickSearchModule:UnityEditor.Search:ASIAI0B' with importer (ScriptedImporter : UnityEditor.QuickSearchModule:UnityEditor.Search:ASIAI0B)
Imported 'GUID: 49ad1c60b87587d439cb3bf92a9867d6' -> (Import Result ID: '0721bb37e0d5dda3624d7d1249d8c828') in 0.007 seconds [static and dynamic dependencies]. Details - ImportResultOutputID=f57e33a12fa178efb3e12f25fe36fc0b DependenciesID=1c20c3c6030cf438b8af98c3ad3fee7a StaticDependenciesID=b3647883a97b659e0348aaa68f195353 
Number of updated asset objects reloaded before import = 0
Number of asset objects unloaded after import = 0
========================================================================
Received Import Request.
  Time of request: 2026-08-22T03:24:00.0985908Z
  Time since last request: 0.0006533 seconds.
  importAddress: GUID: 6970aba7f3c314f4fa5d5b93188b6de3 - Path: Packages/com.unity.render-pipelines.universal/Editor/ShaderGraph/Includes/Terrain/PBRGBufferPass.hlsl - Importer: ScriptedImporter/UnityEditor.QuickSearchModule:UnityEditor.Search:ASIAI0B
Importing 'GUID: 6970aba7f3c314f4fa5d5b93188b6de3 - Path: Packages/com.unity.render-pipelines.universal/Editor/ShaderGraph/Includes/Terrain/PBRGBufferPass.hlsl - Importer: ScriptedImporter/UnityEditor.QuickSearchModule:UnityEditor.Search:ASIAI0B' with importer (ScriptedImporter : UnityEditor.QuickSearchModule:UnityEditor.Search:ASIAI0B)
Imported 'GUID: 6970aba7f3c314f4fa5d5b93188b6de3' -> (Import Result ID: '853ce023b0375bee66919a02c2a3c1fd') in 0.008 seconds [static and dynamic dependencies]. Details - ImportResultOutputID=4e1510383a23422deff1f7b1d90cb06b DependenciesID=e2565b5174809bcae670ef00e0e48d2a StaticDependenciesID=20bb24bd473c96ac6ee82f3a63e9b405 
Number of updated asset objects reloaded before import = 0
Number of asset objects unloaded after import = 1
========================================================================
Received Import Request.
  Time of request: 2026-08-22T03:24:00.1398159Z
  Time since last request: 0.0027631 seconds.
  importAddress: GUID: ed5876db37f0e544c8ef9b9802eff934 - Path: Packages/com.unity.render-pipelines.universal/Runtime/2D/Shadows/Shadow Provider Utility/ShadowUtility.cs - Importer: ScriptedImporter/UnityEditor.QuickSearchModule:UnityEditor.Search:ASIAI0B
Importing 'GUID: ed5876db37f0e544c8ef9b9802eff934 - Path: Packages/com.unity.render-pipelines.universal/Runtime/2D/Shadows/Shadow Provider Utility/ShadowUtility.cs - Importer: ScriptedImporter/UnityEditor.QuickSearchModule:UnityEditor.Search:ASIAI0B' with importer (ScriptedImporter : UnityEditor.QuickSearchModule:UnityEditor.Search:ASIAI0B)
Imported 'GUID: ed5876db37f0e544c8ef9b9802eff934' -> (Import Result ID: '7fe2bf5a92e7794e06f5afab3260e8a2') in 0.006 seconds [static and dynamic dependencies]. Details - ImportResultOutputID=022fe8a3a39932ae2a6a611dc3484e46 DependenciesID=2b29860ea7a4bcba774b69e678ec09ad StaticDependenciesID=7108d6734ea18a8b930004e5ecfa6657 
Number of updated asset objects reloaded before import = 0
Number of asset objects unloaded after import = 0
========================================================================
Received Import Request.
  Time of request: 2026-08-22T03:24:00.1737104Z
  Time since last request: 0.0005992 seconds.
  importAddress: GUID: 349d67d896d33a54181e800b229b65ec - Path: Packages/com.unity.render-pipelines.universal/Editor/VFXGraph/Shaders/Templates/VFXParticleLinesSW.template - Importer: ScriptedImporter/UnityEditor.QuickSearchModule:UnityEditor.Search:ASIAI0B
Importing 'GUID: 349d67d896d33a54181e800b229b65ec - Path: Packages/com.unity.render-pipelines.universal/Editor/VFXGraph/Shaders/Templates/VFXParticleLinesSW.template - Importer: ScriptedImporter/UnityEditor.QuickSearchModule:UnityEditor.Search:ASIAI0B' with importer (ScriptedImporter : UnityEditor.QuickSearchModule:UnityEditor.Search:ASIAI0B)
Imported 'GUID: 349d67d896d33a54181e800b229b65ec' -> (Import Result ID: '58590b28ec62974392da58b4629d8c07') in 0.008 seconds [static and dynamic dependencies]. Details - ImportResultOutputID=04af35a1c54540e810bbb48987296d67 DependenciesID=19ba60324bfbc2298d9485927c1707d8 StaticDependenciesID=c0812275d55e57d339f6044eaa312752 
Number of updated asset objects reloaded before import = 0
Number of asset objects unloaded after import = 1
========================================================================
Received Import Request.
  Time of request: 2026-08-22T03:24:00.2065929Z
  Time since last request: 0.000647 seconds.
  importAddress: GUID: 1c9e0e166435ac24eacc5a8f047aff75 - Path: Packages/com.unity.render-pipelines.universal/Editor/VFXGraph/Shaders/Templates/VFXParticleLinesHW.template - Importer: ScriptedImporter/UnityEditor.QuickSearchModule:UnityEditor.Search:ASIAI0B
Importing 'GUID: 1c9e0e166435ac24eacc5a8f047aff75 - Path: Packages/com.unity.render-pipelines.universal/Editor/VFXGraph/Shaders/Templates/VFXParticleLinesHW.template - Importer: ScriptedImporter/UnityEditor.QuickSearchModule:UnityEditor.Search:ASIAI0B' with importer (ScriptedImporter : UnityEditor.QuickSearchModule:UnityEditor.Search:ASIAI0B)
Imported 'GUID: 1c9e0e166435ac24eacc5a8f047aff75' -> (Import Result ID: '71b1367d744f20d1dac69844a8777073') in 0.006 seconds [static and dynamic dependencies]. Details - ImportResultOutputID=612c52d0d2930d839ae02e068d5d4cfa DependenciesID=f8e1d23ddfdfcaf3382fe4ebc09b4100 StaticDependenciesID=adc0e3af5836e17d56757c11168ccd70 
Number of updated asset objects reloaded before import = 0
Number of asset objects unloaded after import = 1
========================================================================
Received Import Request.
  Time of request: 2026-08-22T03:24:00.2347226Z
  Time since last request: 0.0014914 seconds.
  importAddress: GUID: 5e151e0faedc4a8ea681032f3bd79061 - Path: Packages/com.unity.render-pipelines.universal/Editor/VFXGraph/Shaders/Templates/VFXPassDepthCommonFragmentLit.template - Importer: ScriptedImporter/UnityEditor.QuickSearchModule:UnityEditor.Search:ASIAI0B
Importing 'GUID: 5e151e0faedc4a8ea681032f3bd79061 - Path: Packages/com.unity.render-pipelines.universal/Editor/VFXGraph/Shaders/Templates/VFXPassDepthCommonFragmentLit.template - Importer: ScriptedImporter/UnityEditor.QuickSearchModule:UnityEditor.Search:ASIAI0B' with importer (ScriptedImporter : UnityEditor.QuickSearchModule:UnityEditor.Search:ASIAI0B)
Imported 'GUID: 5e151e0faedc4a8ea681032f3bd79061' -> (Import Result ID: '6ab61ce65cca8fcecac715c361edbbb6') in 0.010 seconds [static and dynamic dependencies]. Details - ImportResultOutputID=e971b053dcc698c679c3763144c650a1 DependenciesID=b4680fa28b9f7298264d6ebf886948de StaticDependenciesID=387bcf02c9a547fef82ddc81b35a0a3b 
Number of updated asset objects reloaded before import = 0
Number of asset objects unloaded after import = 1
========================================================================
Received Import Request.
  Time of request: 2026-08-22T03:24:00.2678369Z
  Time since last request: 0.0008146 seconds.
  importAddress: GUID: fed3c64eff8b51649bfa3da654d69182 - Path: Packages/com.unity.render-pipelines.universal/Runtime/2D/Passes/Utility/Light2DLookupTexture.cs - Importer: ScriptedImporter/UnityEditor.QuickSearchModule:UnityEditor.Search:ASIAI0B
Importing 'GUID: fed3c64eff8b51649bfa3da654d69182 - Path: Packages/com.unity.render-pipelines.universal/Runtime/2D/Passes/Utility/Light2DLookupTexture.cs - Importer: ScriptedImporter/UnityEditor.QuickSearchModule:UnityEditor.Search:ASIAI0B' with importer (ScriptedImporter : UnityEditor.QuickSearchModule:UnityEditor.Search:ASIAI0B)
Imported 'GUID: fed3c64eff8b51649bfa3da654d69182' -> (Import Result ID: '51f46f551ea64b2061b09029ec2822a3') in 0.007 seconds [static and dynamic dependencies]. Details - ImportResultOutputID=d32ff377d8f5fd298d6d4de0886e3f3f DependenciesID=a39eff18b0de2996370041212c292d91 StaticDependenciesID=16ef6eea2f6db631e1c1a9c61594ce3c 
Number of updated asset objects reloaded before import = 0
Number of asset objects unloaded after import = 0
========================================================================
Received Import Request.
  Time of request: 2026-08-22T03:24:00.301956Z
  Time since last request: 0.0009369 seconds.
  importAddress: GUID: 861a5dbe0501bf64e90daafd28655f4e - Path: Packages/com.unity.render-pipelines.universal/Runtime/2D/Shadows/Shadow Provider Utility/VertexDictionary.cs - Importer: ScriptedImporter/UnityEditor.QuickSearchModule:UnityEditor.Search:ASIAI0B
Importing 'GUID: 861a5dbe0501bf64e90daafd28655f4e - Path: Packages/com.unity.render-pipelines.universal/Runtime/2D/Shadows/Shadow Provider Utility/VertexDictionary.cs - Importer: ScriptedImporter/UnityEditor.QuickSearchModule:UnityEditor.Search:ASIAI0B' with importer (ScriptedImporter : UnityEditor.QuickSearchModule:UnityEditor.Search:ASIAI0B)
Imported 'GUID: 861a5dbe0501bf64e90daafd28655f4e' -> (Import Result ID: '303056069340b9214b72964942628214') in 0.007 seconds [static and dynamic dependencies]. Details - ImportResultOutputID=6804058e86bcfce445e31729636eda19 DependenciesID=b926d5d62a53075e2f4ff0ce7284066a StaticDependenciesID=c28eafa496079d145e0e260b4380add2 
Number of updated asset objects reloaded before import = 0
Number of asset objects unloaded after import = 0
========================================================================
Received Import Request.
  Time of request: 2026-08-22T03:24:00.3319092Z
  Time since last request: 0.0010083 seconds.
  importAddress: GUID: 7967efc2e5a28854bb33f9b07eee5675 - Path: Packages/com.unity.render-pipelines.universal/Runtime/2D/Shadows/Shadow Provider Utility/ShadowShape2D.cs - Importer: ScriptedImporter/UnityEditor.QuickSearchModule:UnityEditor.Search:ASIAI0B
Importing 'GUID: 7967efc2e5a28854bb33f9b07eee5675 - Path: Packages/com.unity.render-pipelines.universal/Runtime/2D/Shadows/Shadow Provider Utility/ShadowShape2D.cs - Importer: ScriptedImporter/UnityEditor.QuickSearchModule:UnityEditor.Search:ASIAI0B' with importer (ScriptedImporter : UnityEditor.QuickSearchModule:UnityEditor.Search:ASIAI0B)
Imported 'GUID: 7967efc2e5a28854bb33f9b07eee5675' -> (Import Result ID: '17158a64f7b909d31940c019884c7dd8') in 0.007 seconds [static and dynamic dependencies]. Details - ImportResultOutputID=2a6914f1b50cd9004be4d85ff331b440 DependenciesID=15e509dea68d7c225fbca9d4ce25b4b5 StaticDependenciesID=21bcceed66b7c1f3d093b5c8763f65db 
Number of updated asset objects reloaded before import = 0
Number of asset objects unloaded after import = 0
========================================================================
Received Import Request.
  Time of request: 2026-08-22T03:24:00.3620836Z
  Time since last request: 0.0007013 seconds.
  importAddress: GUID: cb2be5655921e3c4c8c8bd8d647227d4 - Path: Packages/com.unity.render-pipelines.universal/Runtime/2D/Shadows/Providers/ShadowShape2DProvider.cs - Importer: ScriptedImporter/UnityEditor.QuickSearchModule:UnityEditor.Search:ASIAI0B
Importing 'GUID: cb2be5655921e3c4c8c8bd8d647227d4 - Path: Packages/com.unity.render-pipelines.universal/Runtime/2D/Shadows/Providers/ShadowShape2DProvider.cs - Importer: ScriptedImporter/UnityEditor.QuickSearchModule:UnityEditor.Search:ASIAI0B' with importer (ScriptedImporter : UnityEditor.QuickSearchModule:UnityEditor.Search:ASIAI0B)
Imported 'GUID: cb2be5655921e3c4c8c8bd8d647227d4' -> (Import Result ID: '2dfc6ad262b1765929b8ff9b096a3937') in 0.008 seconds [static and dynamic dependencies]. Details - ImportResultOutputID=d9aa5c3dbab2e0b513e9299499144f14 DependenciesID=0b17648a07a6bd4420a8d5f7578f4535 StaticDependenciesID=8cccd555726babc7eb5e3ab2545b7e86 
Number of updated asset objects reloaded before import = 0
Number of asset objects unloaded after import = 0
========================================================================
Received Import Request.
  Time of request: 2026-08-22T03:24:00.4243811Z
  Time since last request: 0.0330119 seconds.
  importAddress: GUID: 2d6519c74f7a7584685798d2431960f2 - Path: Packages/com.unity.render-pipelines.universal/Editor/VFXGraph/Shaders/Templates/ParticleHexahedron/PassForward2D.template - Importer: ScriptedImporter/UnityEditor.QuickSearchModule:UnityEditor.Search:ASIAI0B
Importing 'GUID: 2d6519c74f7a7584685798d2431960f2 - Path: Packages/com.unity.render-pipelines.universal/Editor/VFXGraph/Shaders/Templates/ParticleHexahedron/PassForward2D.template - Importer: ScriptedImporter/UnityEditor.QuickSearchModule:UnityEditor.Search:ASIAI0B' with importer (ScriptedImporter : UnityEditor.QuickSearchModule:UnityEditor.Search:ASIAI0B)
Imported 'GUID: 2d6519c74f7a7584685798d2431960f2' -> (Import Result ID: '12720e9ec40f0c94687b0a83a6d4a630') in 0.006 seconds [static and dynamic dependencies]. Details - ImportResultOutputID=7e9398eead4bfa0be8c790fb6124c54c DependenciesID=da2136ce3c446680c494f381dd2d36a0 StaticDependenciesID=5f66606fef2a906fb22888e1cb613970 
Number of updated asset objects reloaded before import = 0
Number of asset objects unloaded after import = 1
========================================================================
Received Import Request.
  Time of request: 2026-08-22T03:24:00.445261Z
  Time since last request: 0.0008898 seconds.
  importAddress: GUID: fce1ffd6e78acfd4aa944af71b8a07d9 - Path: Packages/com.unity.render-pipelines.universal/Editor/Tools/Converters/PPv2/EffectConverters/PostProcessEffectSettingsConverter.cs - Importer: ScriptedImporter/UnityEditor.QuickSearchModule:UnityEditor.Search:ASIAI0B
Importing 'GUID: fce1ffd6e78acfd4aa944af71b8a07d9 - Path: Packages/com.unity.render-pipelines.universal/Editor/Tools/Converters/PPv2/EffectConverters/PostProcessEffectSettingsConverter.cs - Importer: ScriptedImporter/UnityEditor.QuickSearchModule:UnityEditor.Search:ASIAI0B' with importer (ScriptedImporter : UnityEditor.QuickSearchModule:UnityEditor.Search:ASIAI0B)
Imported 'GUID: fce1ffd6e78acfd4aa944af71b8a07d9' -> (Import Result ID: '8a1b7f864b3c68eead9f094814dfc321') in 0.009 seconds [static and dynamic dependencies]. Details - ImportResultOutputID=fdc6b9d022241fc8b844af341a3fb850 DependenciesID=78aa45e50f38f92795d2c8e0a1eeae76 StaticDependenciesID=61a4ec31008fa945107c6c97e29d41bc 
Number of updated asset objects reloaded before import = 0
Number of asset objects unloaded after import = 0
========================================================================
Received Import Request.
  Time of request: 2026-08-22T03:24:00.474737Z
  Time since last request: 0.0003852 seconds.
  importAddress: GUID: aa79bbd82ff697846b2723bb624f5b5c - Path: Packages/com.unity.render-pipelines.universal/Editor/Tools/Converters/PPv2/EffectConverters/DepthOfFieldConverter.cs - Importer: ScriptedImporter/UnityEditor.QuickSearchModule:UnityEditor.Search:ASIAI0B
Importing 'GUID: aa79bbd82ff697846b2723bb624f5b5c - Path: Packages/com.unity.render-pipelines.universal/Editor/Tools/Converters/PPv2/EffectConverters/DepthOfFieldConverter.cs - Importer: ScriptedImporter/UnityEditor.QuickSearchModule:UnityEditor.Search:ASIAI0B' with importer (ScriptedImporter : UnityEditor.QuickSearchModule:UnityEditor.Search:ASIAI0B)
Imported 'GUID: aa79bbd82ff697846b2723bb624f5b5c' -> (Import Result ID: 'f6e6d83371db7455296bd57d3d75e01d') in 0.007 seconds [static and dynamic dependencies]. Details - ImportResultOutputID=7d1ed30cfa948c7a37ff4f3ff084fa34 DependenciesID=34191c8fadd87e4571539e4719a44b43 StaticDependenciesID=bb9bc0442b7258e5510b9937721a0e0d 
Number of updated asset objects reloaded before import = 0
Number of asset objects unloaded after import = 0
========================================================================
Received Import Request.
  Time of request: 2026-08-22T03:24:00.5041722Z
  Time since last request: 0.0013617 seconds.
  importAddress: GUID: 268a144f637cfd343e3952cf770998d5 - Path: Packages/com.unity.render-pipelines.universal/Editor/VFXGraph/Shaders/Templates/ParticleMeshesLit/PassGBuffer.template - Importer: ScriptedImporter/UnityEditor.QuickSearchModule:UnityEditor.Search:ASIAI0B
Importing 'GUID: 268a144f637cfd343e3952cf770998d5 - Path: Packages/com.unity.render-pipelines.universal/Editor/VFXGraph/Shaders/Templates/ParticleMeshesLit/PassGBuffer.template - Importer: ScriptedImporter/UnityEditor.QuickSearchModule:UnityEditor.Search:ASIAI0B' with importer (ScriptedImporter : UnityEditor.QuickSearchModule:UnityEditor.Search:ASIAI0B)
Imported 'GUID: 268a144f637cfd343e3952cf770998d5' -> (Import Result ID: '85b643489d4ae091e1f758ad385fd019') in 0.007 seconds [static and dynamic dependencies]. Details - ImportResultOutputID=7f5a447fc7b43c83b91e04e18d468282 DependenciesID=9d2c2f5a65d3d19765bdc8b27e8514a0 StaticDependenciesID=7b0ff2120af34f98b02c7176d7f20643 
Number of updated asset objects reloaded before import = 0
Number of asset objects unloaded after import = 1
========================================================================
Received Import Request.
  Time of request: 2026-08-22T03:24:00.532984Z
  Time since last request: 0.0010683 seconds.
  importAddress: GUID: f857058956905cc46809c39c05d64706 - Path: Packages/com.unity.render-pipelines.universal/Tests/Editor/Tools/Converters/ConvertersTests.cs - Importer: ScriptedImporter/UnityEditor.QuickSearchModule:UnityEditor.Search:ASIAI0B
Importing 'GUID: f857058956905cc46809c39c05d64706 - Path: Packages/com.unity.render-pipelines.universal/Tests/Editor/Tools/Converters/ConvertersTests.cs - Importer: ScriptedImporter/UnityEditor.QuickSearchModule:UnityEditor.Search:ASIAI0B' with importer (ScriptedImporter : UnityEditor.QuickSearchModule:UnityEditor.Search:ASIAI0B)
Imported 'GUID: f857058956905cc46809c39c05d64706' -> (Import Result ID: 'c44a299268c2ecf793ebec298bb23d0c') in 0.008 seconds [static and dynamic dependencies]. Details - ImportResultOutputID=2f56df9a80acfc107a2ef1de6d88839d DependenciesID=6ce6571762573f07742235d7a9fb0c3b StaticDependenciesID=6c268aeb2a49e34746cbb9ca7a9c3da2 
Number of updated asset objects reloaded before import = 0
Number of asset objects unloaded after import = 0
========================================================================
Received Import Request.
  Time of request: 2026-08-22T03:24:00.5629011Z
  Time since last request: 0.0005986 seconds.
  importAddress: GUID: 63521e524f5ad0e4c96e22187d781a46 - Path: Packages/com.unity.render-pipelines.universal/Tests/Editor/Tools/Converters/RenderSettingsConverterTests.cs - Importer: ScriptedImporter/UnityEditor.QuickSearchModule:UnityEditor.Search:ASIAI0B
Importing 'GUID: 63521e524f5ad0e4c96e22187d781a46 - Path: Packages/com.unity.render-pipelines.universal/Tests/Editor/Tools/Converters/RenderSettingsConverterTests.cs - Importer: ScriptedImporter/UnityEditor.QuickSearchModule:UnityEditor.Search:ASIAI0B' with importer (ScriptedImporter : UnityEditor.QuickSearchModule:UnityEditor.Search:ASIAI0B)
Imported 'GUID: 63521e524f5ad0e4c96e22187d781a46' -> (Import Result ID: '64a8a15ecc2eb0213165c618cb8b585b') in 0.009 seconds [static and dynamic dependencies]. Details - ImportResultOutputID=46fb2371bebb8c0234961c13a3fb18df DependenciesID=1f5865005bd38db7b7d847a8f3622195 StaticDependenciesID=e1d80dbb973700b6d2dd120b45d021fb 
Number of updated asset objects reloaded before import = 0
Number of asset objects unloaded after import = 0
========================================================================
Received Import Request.
  Time of request: 2026-08-22T03:24:00.59407Z
  Time since last request: 0.0010796 seconds.
  importAddress: GUID: 9e62eb3c33b50c54badb6f7cd6eb7a8c - Path: Packages/com.unity.render-pipelines.universal/Editor/VFXGraph/Shaders/Templates/ParticleMeshesLit/PassShadowCaster.template - Importer: ScriptedImporter/UnityEditor.QuickSearchModule:UnityEditor.Search:ASIAI0B
Importing 'GUID: 9e62eb3c33b50c54badb6f7cd6eb7a8c - Path: Packages/com.unity.render-pipelines.universal/Editor/VFXGraph/Shaders/Templates/ParticleMeshesLit/PassShadowCaster.template - Importer: ScriptedImporter/UnityEditor.QuickSearchModule:UnityEditor.Search:ASIAI0B' with importer (ScriptedImporter : UnityEditor.QuickSearchModule:UnityEditor.Search:ASIAI0B)
Imported 'GUID: 9e62eb3c33b50c54badb6f7cd6eb7a8c' -> (Import Result ID: '1818096de88718afa2336f198763cb7f') in 0.008 seconds [static and dynamic dependencies]. Details - ImportResultOutputID=1747d4a92e2708ebb044290bb875180a DependenciesID=bab2f5b764febe6f03bba06d2816ad80 StaticDependenciesID=63db2971147a5e8a7ed71e0aaf44b6c9 
Number of updated asset objects reloaded before import = 0
Number of asset objects unloaded after import = 1
========================================================================
Received Import Request.
  Time of request: 2026-08-22T03:24:00.6225689Z
  Time since last request: 0.0006172 seconds.
  importAddress: GUID: a55128324929eba40884977cd5c1669e - Path: Packages/com.unity.render-pipelines.universal/Editor/VFXGraph/Shaders/Templates/ParticleMeshesLit/PassDepthOrMV.template - Importer: ScriptedImporter/UnityEditor.QuickSearchModule:UnityEditor.Search:ASIAI0B
Importing 'GUID: a55128324929eba40884977cd5c1669e - Path: Packages/com.unity.render-pipelines.universal/Editor/VFXGraph/Shaders/Templates/ParticleMeshesLit/PassDepthOrMV.template - Importer: ScriptedImporter/UnityEditor.QuickSearchModule:UnityEditor.Search:ASIAI0B' with importer (ScriptedImporter : UnityEditor.QuickSearchModule:UnityEditor.Search:ASIAI0B)
Imported 'GUID: a55128324929eba40884977cd5c1669e' -> (Import Result ID: '8c46a490cbbcf7eb0de9bd5f1aeb0b7b') in 0.006 seconds [static and dynamic dependencies]. Details - ImportResultOutputID=6b71d521ea8109304c72f797aa0ff5b3 DependenciesID=6915460416d0a88520c7b6704ab63ca7 StaticDependenciesID=8df1909849dbc3efe21e63f93f1e590f 
Number of updated asset objects reloaded before import = 0
Number of asset objects unloaded after import = 1
========================================================================
Received Import Request.
  Time of request: 2026-08-22T03:24:00.6512028Z
  Time since last request: 0.0017713 seconds.
  importAddress: GUID: 526188e7c1965614aa36043f95c18390 - Path: Packages/com.unity.render-pipelines.universal/Editor/VFXGraph/Shaders/Templates/ParticleLinesSW/PassForward2D.template - Importer: ScriptedImporter/UnityEditor.QuickSearchModule:UnityEditor.Search:ASIAI0B
Importing 'GUID: 526188e7c1965614aa36043f95c18390 - Path: Packages/com.unity.render-pipelines.universal/Editor/VFXGraph/Shaders/Templates/ParticleLinesSW/PassForward2D.template - Importer: ScriptedImporter/UnityEditor.QuickSearchModule:UnityEditor.Search:ASIAI0B' with importer (ScriptedImporter : UnityEditor.QuickSearchModule:UnityEditor.Search:ASIAI0B)
Imported 'GUID: 526188e7c1965614aa36043f95c18390' -> (Import Result ID: '6da8dba184a03296ee433fcbb5bb6902') in 0.007 seconds [static and dynamic dependencies]. Details - ImportResultOutputID=cbe24e25deae0272d476efbe11bc0cf5 DependenciesID=24eb5bb116230c71b4da8fdf19ffcf38 StaticDependenciesID=9599453991b61919351250f02145a1a6 
Number of updated asset objects reloaded before import = 0
Number of asset objects unloaded after import = 1
========================================================================
Received Import Request.
  Time of request: 2026-08-22T03:24:00.6806371Z
  Time since last request: 0.0005971 seconds.
  importAddress: GUID: 65de241854404d343a0937eb1adbb6f7 - Path: Packages/com.unity.render-pipelines.universal/Editor/Tools/Converters/PPv2/EffectConverters/BloomConverter.cs - Importer: ScriptedImporter/UnityEditor.QuickSearchModule:UnityEditor.Search:ASIAI0B
Importing 'GUID: 65de241854404d343a0937eb1adbb6f7 - Path: Packages/com.unity.render-pipelines.universal/Editor/Tools/Converters/PPv2/EffectConverters/BloomConverter.cs - Importer: ScriptedImporter/UnityEditor.QuickSearchModule:UnityEditor.Search:ASIAI0B' with importer (ScriptedImporter : UnityEditor.QuickSearchModule:UnityEditor.Search:ASIAI0B)
Imported 'GUID: 65de241854404d343a0937eb1adbb6f7' -> (Import Result ID: 'ec4d513647b703dfe297410eacc02d49') in 0.010 seconds [static and dynamic dependencies]. Details - ImportResultOutputID=54e7c83ba8855a5daa3d0c2caf1e6efb DependenciesID=fb543765c353ee54933c71d47ce09df4 StaticDependenciesID=ac5fb9eb6a80234a54eb94852fd13069 
Number of updated asset objects reloaded before import = 0
Number of asset objects unloaded after import = 0
========================================================================
Received Import Request.
  Time of request: 2026-08-22T03:24:00.7122914Z
  Time since last request: 0.0010959 seconds.
  importAddress: GUID: ef31d99f657209a468edc1f49b350cb5 - Path: Packages/com.unity.render-pipelines.universal/Editor/Tools/Converters/PPv2/EffectConverters/ChromaticAberrationConverter.cs - Importer: ScriptedImporter/UnityEditor.QuickSearchModule:UnityEditor.Search:ASIAI0B
Importing 'GUID: ef31d99f657209a468edc1f49b350cb5 - Path: Packages/com.unity.render-pipelines.universal/Editor/Tools/Converters/PPv2/EffectConverters/ChromaticAberrationConverter.cs - Importer: ScriptedImporter/UnityEditor.QuickSearchModule:UnityEditor.Search:ASIAI0B' with importer (ScriptedImporter : UnityEditor.QuickSearchModule:UnityEditor.Search:ASIAI0B)
Imported 'GUID: ef31d99f657209a468edc1f49b350cb5' -> (Import Result ID: '5edd928ea5b83f5956402fbd69c7588e') in 0.008 seconds [static and dynamic dependencies]. Details - ImportResultOutputID=4fe12587ec5fd21bd82b086ea74e80bf DependenciesID=55efa35f0503748bd871a08dcb6dd5a7 StaticDependenciesID=c6f9e0766bba44b12843c241da499666 
Number of updated asset objects reloaded before import = 0
Number of asset objects unloaded after import = 0
========================================================================
Received Import Request.
  Time of request: 2026-08-22T03:24:00.7454814Z
  Time since last request: 0.0013022 seconds.
  importAddress: GUID: df39fb04691e914469d4b4ae2a027fb4 - Path: Packages/com.unity.render-pipelines.universal/Editor/Tools/Converters/PPv2/EffectConverters/GrainConverter.cs - Importer: ScriptedImporter/UnityEditor.QuickSearchModule:UnityEditor.Search:ASIAI0B
Importing 'GUID: df39fb04691e914469d4b4ae2a027fb4 - Path: Packages/com.unity.render-pipelines.universal/Editor/Tools/Converters/PPv2/EffectConverters/GrainConverter.cs - Importer: ScriptedImporter/UnityEditor.QuickSearchModule:UnityEditor.Search:ASIAI0B' with importer (ScriptedImporter : UnityEditor.QuickSearchModule:UnityEditor.Search:ASIAI0B)
Imported 'GUID: df39fb04691e914469d4b4ae2a027fb4' -> (Import Result ID: 'f7d9ae68297d9cc513319b62d8cb5838') in 0.008 seconds [static and dynamic dependencies]. Details - ImportResultOutputID=828bcab227aaf6102ce7d4b87d1d9279 DependenciesID=e57171a30d9b0e2bb27c8c7500b517f8 StaticDependenciesID=1e1bb8043ee85199679654cbad12aff4 
Number of updated asset objects reloaded before import = 0
Number of asset objects unloaded after import = 0
========================================================================
Received Import Request.
  Time of request: 2026-08-22T03:24:00.7801828Z
  Time since last request: 0.0007675 seconds.
  importAddress: GUID: 75feef1dfebc40e4697124cb20d3f4fe - Path: Packages/com.unity.render-pipelines.universal/Editor/VFXGraph/Shaders/Templates/ParticleMeshesLit/PassDepthNormal.template - Importer: ScriptedImporter/UnityEditor.QuickSearchModule:UnityEditor.Search:ASIAI0B
Importing 'GUID: 75feef1dfebc40e4697124cb20d3f4fe - Path: Packages/com.unity.render-pipelines.universal/Editor/VFXGraph/Shaders/Templates/ParticleMeshesLit/PassDepthNormal.template - Importer: ScriptedImporter/UnityEditor.QuickSearchModule:UnityEditor.Search:ASIAI0B' with importer (ScriptedImporter : UnityEditor.QuickSearchModule:UnityEditor.Search:ASIAI0B)
Imported 'GUID: 75feef1dfebc40e4697124cb20d3f4fe' -> (Import Result ID: '3112901a421f231b128c243e4b990458') in 0.011 seconds [static and dynamic dependencies]. Details - ImportResultOutputID=edbeda42be184a5d2a1c79e03749ae3a DependenciesID=8ee027272db27746d6e7525cf136f18d StaticDependenciesID=ec8218afeba731425b9066b900697d36 
Number of updated asset objects reloaded before import = 0
Number of asset objects unloaded after import = 1
========================================================================
Received Import Request.
  Time of request: 2026-08-22T03:24:00.8169155Z
  Time since last request: 0.001086 seconds.
  importAddress: GUID: 23f922a362522a540b38b85bb2a5353f - Path: Packages/com.unity.render-pipelines.universal/Editor/VFXGraph/Shaders/Templates/ParticleMeshesLit/PassDepth.template - Importer: ScriptedImporter/UnityEditor.QuickSearchModule:UnityEditor.Search:ASIAI0B
Importing 'GUID: 23f922a362522a540b38b85bb2a5353f - Path: Packages/com.unity.render-pipelines.universal/Editor/VFXGraph/Shaders/Templates/ParticleMeshesLit/PassDepth.template - Importer: ScriptedImporter/UnityEditor.QuickSearchModule:UnityEditor.Search:ASIAI0B' with importer (ScriptedImporter : UnityEditor.QuickSearchModule:UnityEditor.Search:ASIAI0B)
Imported 'GUID: 23f922a362522a540b38b85bb2a5353f' -> (Import Result ID: '8fb2a9c34ce64255577db3e71dff96ac') in 0.007 seconds [static and dynamic dependencies]. Details - ImportResultOutputID=12a16a2d7fd573d02f3050ab65cee557 DependenciesID=fed2eb2ddaf7cef57be5ba68e869618b StaticDependenciesID=b386b22211f257b6cd3627644eea9c4f 
Number of updated asset objects reloaded before import = 0
Number of asset objects unloaded after import = 1
========================================================================
Received Import Request.
  Time of request: 2026-08-22T03:24:00.8651487Z
  Time since last request: 0.0150625 seconds.
  importAddress: GUID: 40cf578c410cce34895b4a55f12d31d1 - Path: Packages/com.unity.render-pipelines.universal/Editor/VFXGraph/Shaders/Templates/ParticlePlanarPrimitivesLit/PassVelocity.template - Importer: ScriptedImporter/UnityEditor.QuickSearchModule:UnityEditor.Search:ASIAI0B
Importing 'GUID: 40cf578c410cce34895b4a55f12d31d1 - Path: Packages/com.unity.render-pipelines.universal/Editor/VFXGraph/Shaders/Templates/ParticlePlanarPrimitivesLit/PassVelocity.template - Importer: ScriptedImporter/UnityEditor.QuickSearchModule:UnityEditor.Search:ASIAI0B' with importer (ScriptedImporter : UnityEditor.QuickSearchModule:UnityEditor.Search:ASIAI0B)
Imported 'GUID: 40cf578c410cce34895b4a55f12d31d1' -> (Import Result ID: '15b424a8d5cb6e9b24f33bb9f5b3f614') in 0.005 seconds [static and dynamic dependencies]. Details - ImportResultOutputID=5f88d74d349b445fd1be641cdf59237c DependenciesID=f4ddb2957da821c3b7d62df86705589b StaticDependenciesID=b38fa3daa3cb195e1220db9f87d5f901 
Number of updated asset objects reloaded before import = 0
Number of asset objects unloaded after import = 1
========================================================================
Received Import Request.
  Time of request: 2026-08-22T03:24:00.8882575Z
  Time since last request: 0.0007874 seconds.
  importAddress: GUID: 01ac01709d809ff46966b98b9ec1104d - Path: Packages/com.unity.render-pipelines.universal/Editor/VFXGraph/Shaders/Templates/ParticlePlanarPrimitivesLit/PassSelection.template - Importer: ScriptedImporter/UnityEditor.QuickSearchModule:UnityEditor.Search:ASIAI0B
Importing 'GUID: 01ac01709d809ff46966b98b9ec1104d - Path: Packages/com.unity.render-pipelines.universal/Editor/VFXGraph/Shaders/Templates/ParticlePlanarPrimitivesLit/PassSelection.template - Importer: ScriptedImporter/UnityEditor.QuickSearchModule:UnityEditor.Search:ASIAI0B' with importer (ScriptedImporter : UnityEditor.QuickSearchModule:UnityEditor.Search:ASIAI0B)
Imported 'GUID: 01ac01709d809ff46966b98b9ec1104d' -> (Import Result ID: 'a28d949371230731427725773d0f6974') in 0.006 seconds [static and dynamic dependencies]. Details - ImportResultOutputID=61e5b520b1a89b332e8b5e5b18bbbc18 DependenciesID=3c1a10cde93acda7afae7eeedee44bb4 StaticDependenciesID=ae47b2da2b7581868dace89d57626a57 
Number of updated asset objects reloaded before import = 0
Number of asset objects unloaded after import = 1
========================================================================
Received Import Request.
  Time of request: 2026-08-22T03:24:00.9147379Z
  Time since last request: 0.0004537 seconds.
  importAddress: GUID: 7d07176ae506b05458500c8aa695d90e - Path: Packages/com.unity.render-pipelines.universal/Editor/VFXGraph/Shaders/Templates/ParticlePlanarPrimitivesLit/PassShadowCaster.template - Importer: ScriptedImporter/UnityEditor.QuickSearchModule:UnityEditor.Search:ASIAI0B
Importing 'GUID: 7d07176ae506b05458500c8aa695d90e - Path: Packages/com.unity.render-pipelines.universal/Editor/VFXGraph/Shaders/Templates/ParticlePlanarPrimitivesLit/PassShadowCaster.template - Importer: ScriptedImporter/UnityEditor.QuickSearchModule:UnityEditor.Search:ASIAI0B' with importer (ScriptedImporter : UnityEditor.QuickSearchModule:UnityEditor.Search:ASIAI0B)
Imported 'GUID: 7d07176ae506b05458500c8aa695d90e' -> (Import Result ID: '590b69bd6d9908c8c9dcd995f00c913b') in 0.008 seconds [static and dynamic dependencies]. Details - ImportResultOutputID=bd23373893c12a29bf1cbe5f8f281c35 DependenciesID=3d877538b53d0f6dae25939ec68b5d2d StaticDependenciesID=5f66a319f10b622fa60e917b3a46db63 
Number of updated asset objects reloaded before import = 0
Number of asset objects unloaded after import = 1
========================================================================
Received Import Request.
  Time of request: 2026-08-22T03:24:00.9446381Z
  Time since last request: 0.0015731 seconds.
  importAddress: GUID: 909b99072e12b6248b33e572f4c04095 - Path: Packages/com.unity.render-pipelines.universal/Editor/VFXGraph/Shaders/Templates/ParticlePoints/PassForward2D.template - Importer: ScriptedImporter/UnityEditor.QuickSearchModule:UnityEditor.Search:ASIAI0B
Importing 'GUID: 909b99072e12b6248b33e572f4c04095 - Path: Packages/com.unity.render-pipelines.universal/Editor/VFXGraph/Shaders/Templates/ParticlePoints/PassForward2D.template - Importer: ScriptedImporter/UnityEditor.QuickSearchModule:UnityEditor.Search:ASIAI0B' with importer (ScriptedImporter : UnityEditor.QuickSearchModule:UnityEditor.Search:ASIAI0B)
Imported 'GUID: 909b99072e12b6248b33e572f4c04095' -> (Import Result ID: '7d416e5ecb6db1c3956a1f777deaaa89') in 0.007 seconds [static and dynamic dependencies]. Details - ImportResultOutputID=7eca97fc86aa2385d1656182cd762a3f DependenciesID=2cc9dbc9d3abb5ff9b883481c31488ff StaticDependenciesID=691ee25f821826c51cc4600bb0efa118 
Number of updated asset objects reloaded before import = 0
Number of asset objects unloaded after import = 1
========================================================================
Received Import Request.
  Time of request: 2026-08-22T03:24:00.9744895Z
  Time since last request: 0.000358 seconds.
  importAddress: GUID: 4059f0b867f24f38b3d2baed5de3cc8c - Path: Packages/com.unity.render-pipelines.universal/Editor/VFXGraph/Shaders/Templates/URPDecal/PassScreenSpace.template - Importer: ScriptedImporter/UnityEditor.QuickSearchModule:UnityEditor.Search:ASIAI0B
Importing 'GUID: 4059f0b867f24f38b3d2baed5de3cc8c - Path: Packages/com.unity.render-pipelines.universal/Editor/VFXGraph/Shaders/Templates/URPDecal/PassScreenSpace.template - Importer: ScriptedImporter/UnityEditor.QuickSearchModule:UnityEditor.Search:ASIAI0B' with importer (ScriptedImporter : UnityEditor.QuickSearchModule:UnityEditor.Search:ASIAI0B)
Imported 'GUID: 4059f0b867f24f38b3d2baed5de3cc8c' -> (Import Result ID: 'd389f0338e18c9d5c5b3c874a23a31f0') in 0.004 seconds [static and dynamic dependencies]. Details - ImportResultOutputID=d5963afa6a3cd64b507467c1610c4704 DependenciesID=fc9eacf3ea424e6678fd2dda806f2507 StaticDependenciesID=bad07805fac3d8c12da9111bf4c8a2da 
Number of updated asset objects reloaded before import = 0
Number of asset objects unloaded after import = 1
========================================================================
Received Import Request.
  Time of request: 2026-08-22T03:24:00.9996333Z
  Time since last request: 0.0005566 seconds.
  importAddress: GUID: 6ca5883cd45940728412e0fa8e22403c - Path: Packages/com.unity.render-pipelines.universal/Editor/VFXGraph/Shaders/Templates/URPDecal/PassForwardEmissive.template - Importer: ScriptedImporter/UnityEditor.QuickSearchModule:UnityEditor.Search:ASIAI0B
Importing 'GUID: 6ca5883cd45940728412e0fa8e22403c - Path: Packages/com.unity.render-pipelines.universal/Editor/VFXGraph/Shaders/Templates/URPDecal/PassForwardEmissive.template - Importer: ScriptedImporter/UnityEditor.QuickSearchModule:UnityEditor.Search:ASIAI0B' with importer (ScriptedImporter : UnityEditor.QuickSearchModule:UnityEditor.Search:ASIAI0B)
Imported 'GUID: 6ca5883cd45940728412e0fa8e22403c' -> (Import Result ID: '22a6a42f10c0df4605f5e96a45e65b87') in 0.006 seconds [static and dynamic dependencies]. Details - ImportResultOutputID=97486254055d00c8e0d254442bc5f405 DependenciesID=f9f6a6f3015120b7797f3aa2c5ea41eb StaticDependenciesID=3970a41d26f9e786ddd478a5bdf3593c 
Number of updated asset objects reloaded before import = 0
Number of asset objects unloaded after import = 1
========================================================================
Received Import Request.
  Time of request: 2026-08-22T03:24:01.0378752Z
  Time since last request: 0.0120799 seconds.
  importAddress: GUID: d52ea5907c07eb247916402808d165fa - Path: Packages/com.unity.render-pipelines.universal/Tests/Editor/Tools/Converters/AnimationClipConverter/AnimationClipUpgradePathsCacheTests.cs - Importer: ScriptedImporter/UnityEditor.QuickSearchModule:UnityEditor.Search:ASIAI0B
Importing 'GUID: d52ea5907c07eb247916402808d165fa - Path: Packages/com.unity.render-pipelines.universal/Tests/Editor/Tools/Converters/AnimationClipConverter/AnimationClipUpgradePathsCacheTests.cs - Importer: ScriptedImporter/UnityEditor.QuickSearchModule:UnityEditor.Search:ASIAI0B' with importer (ScriptedImporter : UnityEditor.QuickSearchModule:UnityEditor.Search:ASIAI0B)
Imported 'GUID: d52ea5907c07eb247916402808d165fa' -> (Import Result ID: 'b70a6dd0971a0f93720ede2325820706') in 0.006 seconds [static and dynamic dependencies]. Details - ImportResultOutputID=252e52b546f0b6e98213271c333aab56 DependenciesID=068762427b0129e8ebcd1285f7d3f1c8 StaticDependenciesID=ef4f7f0a098bbd60d61507fafe2bd018 
Number of updated asset objects reloaded before import = 0
Number of asset objects unloaded after import = 0
========================================================================
Received Import Request.
  Time of request: 2026-08-22T03:24:01.0589136Z
  Time since last request: 0.0002757 seconds.
  importAddress: GUID: 0722f9616ea0a48e280b552e67e783a5 - Path: Packages/com.unity.render-pipelines.universal/Tests/Editor/Tools/Converters/MaterialUpgrader/StandardMaterialUpgraderTest.cs - Importer: ScriptedImporter/UnityEditor.QuickSearchModule:UnityEditor.Search:ASIAI0B
Importing 'GUID: 0722f9616ea0a48e280b552e67e783a5 - Path: Packages/com.unity.render-pipelines.universal/Tests/Editor/Tools/Converters/MaterialUpgrader/StandardMaterialUpgraderTest.cs - Importer: ScriptedImporter/UnityEditor.QuickSearchModule:UnityEditor.Search:ASIAI0B' with importer (ScriptedImporter : UnityEditor.QuickSearchModule:UnityEditor.Search:ASIAI0B)
Imported 'GUID: 0722f9616ea0a48e280b552e67e783a5' -> (Import Result ID: '4beea336a55d3cd99a2ad4bae6ed35b4') in 0.010 seconds [static and dynamic dependencies]. Details - ImportResultOutputID=1f8523970c454a4c5cf01c0196d0240f DependenciesID=c957d7d9b1dbc542c13ecd48004c9524 StaticDependenciesID=a3c61915d9e00fd780f3dad487b2e936 
Number of updated asset objects reloaded before import = 0
Number of asset objects unloaded after import = 0
========================================================================
Received Import Request.
  Time of request: 2026-08-22T03:24:01.0910285Z
  Time since last request: 0.0012554 seconds.
  importAddress: GUID: 0b5e0bd9c09e04548a4955c56bad03df - Path: Packages/com.unity.render-pipelines.universal/Tests/Editor/Tools/Converters/MaterialUpgrader/AutodeskInteractiveTransparentMaterialUpgradeTest.cs - Importer: ScriptedImporter/UnityEditor.QuickSearchModule:UnityEditor.Search:ASIAI0B
Importing 'GUID: 0b5e0bd9c09e04548a4955c56bad03df - Path: Packages/com.unity.render-pipelines.universal/Tests/Editor/Tools/Converters/MaterialUpgrader/AutodeskInteractiveTransparentMaterialUpgradeTest.cs - Importer: ScriptedImporter/UnityEditor.QuickSearchModule:UnityEditor.Search:ASIAI0B' with importer (ScriptedImporter : UnityEditor.QuickSearchModule:UnityEditor.Search:ASIAI0B)
Imported 'GUID: 0b5e0bd9c09e04548a4955c56bad03df' -> (Import Result ID: 'f848898c1759bd2d2ba071e270e0f820') in 0.006 seconds [static and dynamic dependencies]. Details - ImportResultOutputID=b7b3e37fa0b8888ae3165663b76d7edf DependenciesID=547b8756b5191cde8b7591696358c361 StaticDependenciesID=6d31392885dcd12742cc6ebfe5f5de40 
Number of updated asset objects reloaded before import = 0
Number of asset objects unloaded after import = 0
========================================================================
Received Import Request.
  Time of request: 2026-08-22T03:24:01.1176533Z
  Time since last request: 0.0008324 seconds.
  importAddress: GUID: c95825082268f40c287d083e6fa50785 - Path: Packages/com.unity.render-pipelines.universal/Tests/Editor/Tools/Converters/MaterialUpgrader/ParticleMaterialUpgraderTestUnlit.cs - Importer: ScriptedImporter/UnityEditor.QuickSearchModule:UnityEditor.Search:ASIAI0B
Importing 'GUID: c95825082268f40c287d083e6fa50785 - Path: Packages/com.unity.render-pipelines.universal/Tests/Editor/Tools/Converters/MaterialUpgrader/ParticleMaterialUpgraderTestUnlit.cs - Importer: ScriptedImporter/UnityEditor.QuickSearchModule:UnityEditor.Search:ASIAI0B' with importer (ScriptedImporter : UnityEditor.QuickSearchModule:UnityEditor.Search:ASIAI0B)
Imported 'GUID: c95825082268f40c287d083e6fa50785' -> (Import Result ID: 'a5d66f0988ac6d5d3e0997ca8849d4b0') in 0.015 seconds [static and dynamic dependencies]. Details - ImportResultOutputID=dc6c131e21c676e3db7016c48f6d31d8 DependenciesID=b63e79306b7b52c48fba2071cd42cfc7 StaticDependenciesID=6548bb79f6a6eaa37073981f12c42609 
Number of updated asset objects reloaded before import = 0
Number of asset objects unloaded after import = 0
========================================================================
Received Import Request.
  Time of request: 2026-08-22T03:24:01.1538649Z
  Time since last request: 0.0005373 seconds.
  importAddress: GUID: 877cfbcc0403542bfad5325abdbf5944 - Path: Packages/com.unity.render-pipelines.universal/Tests/Editor/Tools/Converters/MaterialUpgrader/AutodeskInteractiveFadeMaterialUpgradeTest.cs - Importer: ScriptedImporter/UnityEditor.QuickSearchModule:UnityEditor.Search:ASIAI0B
Importing 'GUID: 877cfbcc0403542bfad5325abdbf5944 - Path: Packages/com.unity.render-pipelines.universal/Tests/Editor/Tools/Converters/MaterialUpgrader/AutodeskInteractiveFadeMaterialUpgradeTest.cs - Importer: ScriptedImporter/UnityEditor.QuickSearchModule:UnityEditor.Search:ASIAI0B' with importer (ScriptedImporter : UnityEditor.QuickSearchModule:UnityEditor.Search:ASIAI0B)
Imported 'GUID: 877cfbcc0403542bfad5325abdbf5944' -> (Import Result ID: '44b411bb253009814b39dc0ab852ba61') in 0.009 seconds [static and dynamic dependencies]. Details - ImportResultOutputID=6dacdf24325492afa8f30c66bbc2d05a DependenciesID=7c66974de79b5db044d55760a0c69cb0 StaticDependenciesID=28f82f9af263db228f5a0f8e2fdc37ad 
Number of updated asset objects reloaded before import = 0
Number of asset objects unloaded after import = 0
========================================================================
Received Import Request.
  Time of request: 2026-08-22T03:24:01.1930274Z
  Time since last request: 0.0108989 seconds.
  importAddress: GUID: 23032f4383e95e772bce465c5896d0fd - Path: Packages/com.unity.modules.terrain/package.ModuleCompilationTrigger - Importer: ScriptedImporter/UnityEditor.QuickSearchModule:UnityEditor.Search:ASIAI0B
Importing 'GUID: 23032f4383e95e772bce465c5896d0fd - Path: Packages/com.unity.modules.terrain/package.ModuleCompilationTrigger - Importer: ScriptedImporter/UnityEditor.QuickSearchModule:UnityEditor.Search:ASIAI0B' with importer (ScriptedImporter : UnityEditor.QuickSearchModule:UnityEditor.Search:ASIAI0B)
Imported 'GUID: 23032f4383e95e772bce465c5896d0fd' -> (Import Result ID: 'fe44f10993325d03f9fe12f37d79e4f2') in 0.007 seconds [static and dynamic dependencies]. Details - ImportResultOutputID=f158d5d0b9b7adc0559d4bbe349d57d8 DependenciesID=7e90ce7721003b32cfa1180a879fb9b5 StaticDependenciesID=fc371b15f371670ef053e0db2f8e8852 
Number of updated asset objects reloaded before import = 0
Number of asset objects unloaded after import = 1
========================================================================
Received Import Request.
  Time of request: 2026-08-22T03:24:01.2176606Z
  Time since last request: 0.0005588 seconds.
  importAddress: GUID: 6d56244f8c39a851975d3c0bd432c66f - Path: Packages/com.unity.modules.terrain/package.json - Importer: ScriptedImporter/UnityEditor.QuickSearchModule:UnityEditor.Search:ASIAI0B
Importing 'GUID: 6d56244f8c39a851975d3c0bd432c66f - Path: Packages/com.unity.modules.terrain/package.json - Importer: ScriptedImporter/UnityEditor.QuickSearchModule:UnityEditor.Search:ASIAI0B' with importer (ScriptedImporter : UnityEditor.QuickSearchModule:UnityEditor.Search:ASIAI0B)
Imported 'GUID: 6d56244f8c39a851975d3c0bd432c66f' -> (Import Result ID: 'a41884f1b0b907b82130549dca6b568e') in 0.020 seconds [static and dynamic dependencies]. Details - ImportResultOutputID=a206e67d318265403c23130777c058a6 DependenciesID=3481a44e895d4d6545c62a7fa9b91e64 StaticDependenciesID=bca7d3dfd92149a121de9e8de77ed905 
Number of updated asset objects reloaded before import = 0
Number of asset objects unloaded after import = 1
========================================================================
Received Import Request.
  Time of request: 2026-08-22T03:24:01.2586549Z
  Time since last request: 0.0006223 seconds.
  importAddress: GUID: ea30bf37a2f167f4aa4086531e8d5b03 - Path: Packages/com.unity.test-framework.performance/Runtime/Data/SampleGroup.cs - Importer: ScriptedImporter/UnityEditor.QuickSearchModule:UnityEditor.Search:ASIAI0B
Importing 'GUID: ea30bf37a2f167f4aa4086531e8d5b03 - Path: Packages/com.unity.test-framework.performance/Runtime/Data/SampleGroup.cs - Importer: ScriptedImporter/UnityEditor.QuickSearchModule:UnityEditor.Search:ASIAI0B' with importer (ScriptedImporter : UnityEditor.QuickSearchModule:UnityEditor.Search:ASIAI0B)
Imported 'GUID: ea30bf37a2f167f4aa4086531e8d5b03' -> (Import Result ID: 'daf33454f185f1fad2198a33655108c7') in 0.008 seconds [static and dynamic dependencies]. Details - ImportResultOutputID=07a6a5de571c898d5c45415c306b307a DependenciesID=9807f8deafc2afa1d403399bd2623495 StaticDependenciesID=fa44bb7e6ddc9ef6f631dd5cae66701a 
Number of updated asset objects reloaded before import = 0
Number of asset objects unloaded after import = 0
========================================================================
Received Import Request.
  Time of request: 2026-08-22T03:24:01.2902795Z
  Time since last request: 0.0012067 seconds.
  importAddress: GUID: fe6a6957b37b61417b457a1e0541791d - Path: Packages/com.unity.modules.physics2d/package.ModuleCompilationTrigger - Importer: ScriptedImporter/UnityEditor.QuickSearchModule:UnityEditor.Search:ASIAI0B
Importing 'GUID: fe6a6957b37b61417b457a1e0541791d - Path: Packages/com.unity.modules.physics2d/package.ModuleCompilationTrigger - Importer: ScriptedImporter/UnityEditor.QuickSearchModule:UnityEditor.Search:ASIAI0B' with importer (ScriptedImporter : UnityEditor.QuickSearchModule:UnityEditor.Search:ASIAI0B)
Imported 'GUID: fe6a6957b37b61417b457a1e0541791d' -> (Import Result ID: '90b70af0cca153fe2cc38b9c1d146d37') in 0.008 seconds [static and dynamic dependencies]. Details - ImportResultOutputID=b56d23044a3b7b587f5634380350924e DependenciesID=7464357ca3d7e6ea6da32e265369b778 StaticDependenciesID=69dee1165741315e2436e76a95d2009a 
Number of updated asset objects reloaded before import = 0
Number of asset objects unloaded after import = 1
========================================================================
Received Import Request.
  Time of request: 2026-08-22T03:24:01.3188144Z
  Time since last request: 0.0006467 seconds.
  importAddress: GUID: 4745d06d5a7ca576dcf9e5e67b417652 - Path: Packages/com.unity.modules.accessibility/package.ModuleCompilationTrigger - Importer: ScriptedImporter/UnityEditor.QuickSearchModule:UnityEditor.Search:ASIAI0B
Importing 'GUID: 4745d06d5a7ca576dcf9e5e67b417652 - Path: Packages/com.unity.modules.accessibility/package.ModuleCompilationTrigger - Importer: ScriptedImporter/UnityEditor.QuickSearchModule:UnityEditor.Search:ASIAI0B' with importer (ScriptedImporter : UnityEditor.QuickSearchModule:UnityEditor.Search:ASIAI0B)
Imported 'GUID: 4745d06d5a7ca576dcf9e5e67b417652' -> (Import Result ID: '65e33aeab056bcc4c2abf670ef58b73d') in 0.008 seconds [static and dynamic dependencies]. Details - ImportResultOutputID=b61280ce8d026490aa697d2009ea90c8 DependenciesID=803ab369e4643a14736b40adea4fc5e4 StaticDependenciesID=688c0e5efd6dd3e300a07c96635167d9 
Number of updated asset objects reloaded before import = 0
Number of asset objects unloaded after import = 1
========================================================================
Received Import Request.
  Time of request: 2026-08-22T03:24:01.349444Z
  Time since last request: 0.0008441 seconds.
  importAddress: GUID: b030b7e8a4c531241b496403efc884ab - Path: Packages/com.unity.test-framework.performance/package.json - Importer: ScriptedImporter/UnityEditor.QuickSearchModule:UnityEditor.Search:ASIAI0B
Importing 'GUID: b030b7e8a4c531241b496403efc884ab - Path: Packages/com.unity.test-framework.performance/package.json - Importer: ScriptedImporter/UnityEditor.QuickSearchModule:UnityEditor.Search:ASIAI0B' with importer (ScriptedImporter : UnityEditor.QuickSearchModule:UnityEditor.Search:ASIAI0B)
Imported 'GUID: b030b7e8a4c531241b496403efc884ab' -> (Import Result ID: '3643dab575feafa130122e29764b24f7') in 0.019 seconds [static and dynamic dependencies]. Details - ImportResultOutputID=1cb7c27c1722aff8216152cc90490d67 DependenciesID=b1ee2817c74b04e3bd4b6a49a022b652 StaticDependenciesID=4cdb1b292d9d9e654666f5d6498c4d00 
Number of updated asset objects reloaded before import = 0
Number of asset objects unloaded after import = 1
========================================================================
Received Import Request.
  Time of request: 2026-08-22T03:24:01.3945241Z
  Time since last request: 0.0006173 seconds.
  importAddress: GUID: ac464bc14bd17cc4ca2e8f909ca4f061 - Path: Packages/com.unity.test-framework.performance/Runtime/AssemblyInfo.cs - Importer: ScriptedImporter/UnityEditor.QuickSearchModule:UnityEditor.Search:ASIAI0B
Importing 'GUID: ac464bc14bd17cc4ca2e8f909ca4f061 - Path: Packages/com.unity.test-framework.performance/Runtime/AssemblyInfo.cs - Importer: ScriptedImporter/UnityEditor.QuickSearchModule:UnityEditor.Search:ASIAI0B' with importer (ScriptedImporter : UnityEditor.QuickSearchModule:UnityEditor.Search:ASIAI0B)
Imported 'GUID: ac464bc14bd17cc4ca2e8f909ca4f061' -> (Import Result ID: 'e9d4229579961cd6422661a7cf7f0603') in 0.008 seconds [static and dynamic dependencies]. Details - ImportResultOutputID=b2c5eba3ad1f07fe1f4f7b5b0c830d35 DependenciesID=a3941ae74fe8b2fd2c2223c7b6950d62 StaticDependenciesID=0609de30074f288f24c276c174dfab3f 
Number of updated asset objects reloaded before import = 0
Number of asset objects unloaded after import = 0
========================================================================
Received Import Request.
  Time of request: 2026-08-22T03:24:01.4232683Z
  Time since last request: 0.000872 seconds.
  importAddress: GUID: eee38b155cc303447b8c478d95185d54 - Path: Packages/com.unity.test-framework.performance/Runtime/Data/PerformanceTestResult.cs - Importer: ScriptedImporter/UnityEditor.QuickSearchModule:UnityEditor.Search:ASIAI0B
Importing 'GUID: eee38b155cc303447b8c478d95185d54 - Path: Packages/com.unity.test-framework.performance/Runtime/Data/PerformanceTestResult.cs - Importer: ScriptedImporter/UnityEditor.QuickSearchModule:UnityEditor.Search:ASIAI0B' with importer (ScriptedImporter : UnityEditor.QuickSearchModule:UnityEditor.Search:ASIAI0B)
Imported 'GUID: eee38b155cc303447b8c478d95185d54' -> (Import Result ID: 'a88c8f4a277d6e73545b27e6a777df76') in 0.007 seconds [static and dynamic dependencies]. Details - ImportResultOutputID=916ab7ba432e9fe2f4363cda52f1561c DependenciesID=7fd32ab3442403417b0531c8ac321b0f StaticDependenciesID=007cb6788f9d8fd4bc6fac32c18727fb 
Number of updated asset objects reloaded before import = 0
Number of asset objects unloaded after import = 0
========================================================================
Received Import Request.
  Time of request: 2026-08-22T03:24:01.4526001Z
  Time since last request: 0.0005132 seconds.
  importAddress: GUID: 6ad2e365b2be44c3aedc5892edc0ae8d - Path: Packages/com.unity.test-framework.performance/Editor/TestResultsParser.cs - Importer: ScriptedImporter/UnityEditor.QuickSearchModule:UnityEditor.Search:ASIAI0B
Importing 'GUID: 6ad2e365b2be44c3aedc5892edc0ae8d - Path: Packages/com.unity.test-framework.performance/Editor/TestResultsParser.cs - Importer: ScriptedImporter/UnityEditor.QuickSearchModule:UnityEditor.Search:ASIAI0B' with importer (ScriptedImporter : UnityEditor.QuickSearchModule:UnityEditor.Search:ASIAI0B)
Imported 'GUID: 6ad2e365b2be44c3aedc5892edc0ae8d' -> (Import Result ID: '95feb83c59d0265cd6d49214287864ae') in 0.006 seconds [static and dynamic dependencies]. Details - ImportResultOutputID=26ddeaaaccf26b604d0bac589518f4ce DependenciesID=2756f8d4520899d51deb5025d04b5728 StaticDependenciesID=d1c1f6be167cb00552df3558a116fd4f 
Number of updated asset objects reloaded before import = 0
Number of asset objects unloaded after import = 0
========================================================================
Received Import Request.
  Time of request: 2026-08-22T03:24:01.479013Z
  Time since last request: 0.0006035 seconds.
  importAddress: GUID: 357714a00c191294d87f51252d5f7d92 - Path: Packages/com.unity.test-framework.performance/Runtime/PerformanceTest.cs - Importer: ScriptedImporter/UnityEditor.QuickSearchModule:UnityEditor.Search:ASIAI0B
Importing 'GUID: 357714a00c191294d87f51252d5f7d92 - Path: Packages/com.unity.test-framework.performance/Runtime/PerformanceTest.cs - Importer: ScriptedImporter/UnityEditor.QuickSearchModule:UnityEditor.Search:ASIAI0B' with importer (ScriptedImporter : UnityEditor.QuickSearchModule:UnityEditor.Search:ASIAI0B)
Imported 'GUID: 357714a00c191294d87f51252d5f7d92' -> (Import Result ID: '20ec808981f4402eb7fc01a82f273eb7') in 0.006 seconds [static and dynamic dependencies]. Details - ImportResultOutputID=a57c9ea24dec1e9a09edd67abcc9f301 DependenciesID=8aa8e8b6911668d0b4ec0a7422deeb92 StaticDependenciesID=17fb88bc4673d1eb190cf4411255780a 
Number of updated asset objects reloaded before import = 0
Number of asset objects unloaded after import = 0
========================================================================
Received Import Request.
  Time of request: 2026-08-22T03:24:01.5088213Z
  Time since last request: 0.0006067 seconds.
  importAddress: GUID: c6efe3fc0e07c46468863dfd0a15978d - Path: Packages/com.unity.test-framework.performance/Editor/TestReportGraph/SampleGroupAdditionalData.cs - Importer: ScriptedImporter/UnityEditor.QuickSearchModule:UnityEditor.Search:ASIAI0B
Importing 'GUID: c6efe3fc0e07c46468863dfd0a15978d - Path: Packages/com.unity.test-framework.performance/Editor/TestReportGraph/SampleGroupAdditionalData.cs - Importer: ScriptedImporter/UnityEditor.QuickSearchModule:UnityEditor.Search:ASIAI0B' with importer (ScriptedImporter : UnityEditor.QuickSearchModule:UnityEditor.Search:ASIAI0B)
Imported 'GUID: c6efe3fc0e07c46468863dfd0a15978d' -> (Import Result ID: 'b20cee885deab40da42e697a0af3cecc') in 0.005 seconds [static and dynamic dependencies]. Details - ImportResultOutputID=c39e4029e0e43e5c1216fc9579b82964 DependenciesID=050431f6eb8876e4966bbb22936ffdda StaticDependenciesID=cea5933ca6a4bd7e0878db1ae80d3d6f 
Number of updated asset objects reloaded before import = 0
Number of asset objects unloaded after import = 0
========================================================================
Received Import Request.
  Time of request: 2026-08-22T03:24:01.5377079Z
  Time since last request: 0.0007608 seconds.
  importAddress: GUID: 3cc1ebf2abb7fef6871ad48f499b6e21 - Path: Packages/com.unity.modules.vectorgraphics/package.ModuleCompilationTrigger - Importer: ScriptedImporter/UnityEditor.QuickSearchModule:UnityEditor.Search:ASIAI0B
Importing 'GUID: 3cc1ebf2abb7fef6871ad48f499b6e21 - Path: Packages/com.unity.modules.vectorgraphics/package.ModuleCompilationTrigger - Importer: ScriptedImporter/UnityEditor.QuickSearchModule:UnityEditor.Search:ASIAI0B' with importer (ScriptedImporter : UnityEditor.QuickSearchModule:UnityEditor.Search:ASIAI0B)
Imported 'GUID: 3cc1ebf2abb7fef6871ad48f499b6e21' -> (Import Result ID: '132c3326cb8489a3f62aaaa9b15f7762') in 0.007 seconds [static and dynamic dependencies]. Details - ImportResultOutputID=f722611006197e6604741d913e6b855d DependenciesID=57bacae0c3b6cb3e12c04bf809762cdf StaticDependenciesID=91f16ef788375314def576571cc72f35 
Number of updated asset objects reloaded before import = 0
Number of asset objects unloaded after import = 1
========================================================================
Received Import Request.
  Time of request: 2026-08-22T03:24:01.5681581Z
  Time since last request: 0.0009852 seconds.
  importAddress: GUID: d2ec2d1228c8e67cdd913cb5609176a2 - Path: Packages/com.unity.modules.unitywebrequest/package.ModuleCompilationTrigger - Importer: ScriptedImporter/UnityEditor.QuickSearchModule:UnityEditor.Search:ASIAI0B
Importing 'GUID: d2ec2d1228c8e67cdd913cb5609176a2 - Path: Packages/com.unity.modules.unitywebrequest/package.ModuleCompilationTrigger - Importer: ScriptedImporter/UnityEditor.QuickSearchModule:UnityEditor.Search:ASIAI0B' with importer (ScriptedImporter : UnityEditor.QuickSearchModule:UnityEditor.Search:ASIAI0B)
Imported 'GUID: d2ec2d1228c8e67cdd913cb5609176a2' -> (Import Result ID: 'dd1dbc28a39ca535e9a1b4348d8a19cc') in 0.007 seconds [static and dynamic dependencies]. Details - ImportResultOutputID=74eebdbf3574286e2409ac5bf9933d3c DependenciesID=9af9cb4200955b521a30f3dd705b1f22 StaticDependenciesID=8a91491cbf389786d09c45543a1b2682 
Number of updated asset objects reloaded before import = 0
Number of asset objects unloaded after import = 1
========================================================================
Received Import Request.
  Time of request: 2026-08-22T03:24:01.597376Z
  Time since last request: 0.0007147 seconds.
  importAddress: GUID: f660b03f07d34d62990e579338856f5f - Path: Packages/com.unity.test-framework.performance/Editor/UIElements/ToolbarWithSearch.cs - Importer: ScriptedImporter/UnityEditor.QuickSearchModule:UnityEditor.Search:ASIAI0B
Importing 'GUID: f660b03f07d34d62990e579338856f5f - Path: Packages/com.unity.test-framework.performance/Editor/UIElements/ToolbarWithSearch.cs - Importer: ScriptedImporter/UnityEditor.QuickSearchModule:UnityEditor.Search:ASIAI0B' with importer (ScriptedImporter : UnityEditor.QuickSearchModule:UnityEditor.Search:ASIAI0B)
Imported 'GUID: f660b03f07d34d62990e579338856f5f' -> (Import Result ID: 'ce3a5a0447b9068f8553d9a8611d39ce') in 0.006 seconds [static and dynamic dependencies]. Details - ImportResultOutputID=437f87e0158a953c40544021372a4da4 DependenciesID=f9533d8bde7959afff7ae8b91088580f StaticDependenciesID=6caa88ef241aa78e5edf87acaddd6496 
Number of updated asset objects reloaded before import = 0
Number of asset objects unloaded after import = 0
========================================================================
Received Import Request.
  Time of request: 2026-08-22T03:24:01.6252935Z
  Time since last request: 0.0006037 seconds.
  importAddress: GUID: 9c8887056eaaa7e4888ca0131e2892da - Path: Packages/com.unity.test-framework.performance/LICENSE.md - Importer: ScriptedImporter/UnityEditor.QuickSearchModule:UnityEditor.Search:ASIAI0B
Importing 'GUID: 9c8887056eaaa7e4888ca0131e2892da - Path: Packages/com.unity.test-framework.performance/LICENSE.md - Importer: ScriptedImporter/UnityEditor.QuickSearchModule:UnityEditor.Search:ASIAI0B' with importer (ScriptedImporter : UnityEditor.QuickSearchModule:UnityEditor.Search:ASIAI0B)
Imported 'GUID: 9c8887056eaaa7e4888ca0131e2892da' -> (Import Result ID: 'e8b9549fe12ee665dae3486b40bf66d7') in 0.017 seconds [static and dynamic dependencies]. Details - ImportResultOutputID=667d83847dec354fe3804b641711a481 DependenciesID=3c32192ae29097d3b5588c63e1f70d7e StaticDependenciesID=854a75155293927d940d83b4adc67eef 
Number of updated asset objects reloaded before import = 0
Number of asset objects unloaded after import = 1
========================================================================
Received Import Request.
  Time of request: 2026-08-22T03:24:01.6624231Z
  Time since last request: 0.0005966 seconds.
  importAddress: GUID: acd1f5cc793f24d4ba37a3c34952bde0 - Path: Packages/com.unity.test-framework.performance/Editor/TestResultXmlParser.cs - Importer: ScriptedImporter/UnityEditor.QuickSearchModule:UnityEditor.Search:ASIAI0B
Importing 'GUID: acd1f5cc793f24d4ba37a3c34952bde0 - Path: Packages/com.unity.test-framework.performance/Editor/TestResultXmlParser.cs - Importer: ScriptedImporter/UnityEditor.QuickSearchModule:UnityEditor.Search:ASIAI0B' with importer (ScriptedImporter : UnityEditor.QuickSearchModule:UnityEditor.Search:ASIAI0B)
Imported 'GUID: acd1f5cc793f24d4ba37a3c34952bde0' -> (Import Result ID: '317a72f60aabd131b319a383ff4532a9') in 0.031 seconds [static and dynamic dependencies]. Details - ImportResultOutputID=5f96497fb73f06ee4512b3cf73087cf2 DependenciesID=bc99ea8bae80ca47a11be0135383fea0 StaticDependenciesID=0091d67b75d5eedb2f73f58f07b7584c 
Number of updated asset objects reloaded before import = 0
Number of asset objects unloaded after import = 0
========================================================================
Received Import Request.
  Time of request: 2026-08-22T03:24:01.7129843Z
  Time since last request: 0.0007411 seconds.
  importAddress: GUID: 634ca08416be7e446b17074b7a8d85ef - Path: Packages/com.unity.test-framework.performance/Runtime/Data/Editor.cs - Importer: ScriptedImporter/UnityEditor.QuickSearchModule:UnityEditor.Search:ASIAI0B
Importing 'GUID: 634ca08416be7e446b17074b7a8d85ef - Path: Packages/com.unity.test-framework.performance/Runtime/Data/Editor.cs - Importer: ScriptedImporter/UnityEditor.QuickSearchModule:UnityEditor.Search:ASIAI0B' with importer (ScriptedImporter : UnityEditor.QuickSearchModule:UnityEditor.Search:ASIAI0B)
Imported 'GUID: 634ca08416be7e446b17074b7a8d85ef' -> (Import Result ID: '1c4371d041ccbc69539db669136061f0') in 0.006 seconds [static and dynamic dependencies]. Details - ImportResultOutputID=65d935fd10469372d3a2cd03a69f95b2 DependenciesID=f3813c6dd54b9de3124d7e494e300a3b StaticDependenciesID=2558eb7f060445c44c6edb3452974f78 
Number of updated asset objects reloaded before import = 0
Number of asset objects unloaded after import = 0
========================================================================
Received Import Request.
  Time of request: 2026-08-22T03:24:01.7384681Z
  Time since last request: 0.0010227 seconds.
  importAddress: GUID: 86bc95e6fdb13ff43aa04316542905ae - Path: Packages/com.unity.render-pipelines.universal-config/Runtime/Unity.RenderPipelines.Universal.Config.Runtime.asmdef - Importer: ScriptedImporter/UnityEditor.QuickSearchModule:UnityEditor.Search:ASIAI0B
Importing 'GUID: 86bc95e6fdb13ff43aa04316542905ae - Path: Packages/com.unity.render-pipelines.universal-config/Runtime/Unity.RenderPipelines.Universal.Config.Runtime.asmdef - Importer: ScriptedImporter/UnityEditor.QuickSearchModule:UnityEditor.Search:ASIAI0B' with importer (ScriptedImporter : UnityEditor.QuickSearchModule:UnityEditor.Search:ASIAI0B)
Imported 'GUID: 86bc95e6fdb13ff43aa04316542905ae' -> (Import Result ID: '64be31592bfb7c06043bb3200c0d67f3') in 0.021 seconds [static and dynamic dependencies]. Details - ImportResultOutputID=059b53800b6665c1b70840b96f574a2e DependenciesID=c1f9b90d4adca771061a4f2dd9bb7416 StaticDependenciesID=01ef0540adf279dd4a600e37833014b9 
Number of updated asset objects reloaded before import = 0
Number of asset objects unloaded after import = 1
========================================================================
Received Import Request.
  Time of request: 2026-08-22T03:24:01.7780269Z
  Time since last request: 0.0009124 seconds.
  importAddress: GUID: 682cbcd3b2e7545e2bbc6306016e7bb7 - Path: Packages/com.unity.test-framework.performance/Third Party Notices.md - Importer: ScriptedImporter/UnityEditor.QuickSearchModule:UnityEditor.Search:ASIAI0B
Importing 'GUID: 682cbcd3b2e7545e2bbc6306016e7bb7 - Path: Packages/com.unity.test-framework.performance/Third Party Notices.md - Importer: ScriptedImporter/UnityEditor.QuickSearchModule:UnityEditor.Search:ASIAI0B' with importer (ScriptedImporter : UnityEditor.QuickSearchModule:UnityEditor.Search:ASIAI0B)
Imported 'GUID: 682cbcd3b2e7545e2bbc6306016e7bb7' -> (Import Result ID: 'f2dd43087a71e2c8e23582ed8e2357a6') in 0.025 seconds [static and dynamic dependencies]. Details - ImportResultOutputID=f23b3ba76ca554040a7774ccb261c4a3 DependenciesID=659b94190b599a3c20769a0bcb43a68f StaticDependenciesID=3ecb7b4e47fd2fc98c1522466e11b3cf 
Number of updated asset objects reloaded before import = 0
Number of asset objects unloaded after import = 1
========================================================================
Received Import Request.
  Time of request: 2026-08-22T03:24:01.8257354Z
  Time since last request: 0.0009546 seconds.
  importAddress: GUID: b13c5df96839b924b85df50f9659b9e4 - Path: Packages/com.unity.render-pipelines.universal-config/package.json - Importer: ScriptedImporter/UnityEditor.QuickSearchModule:UnityEditor.Search:ASIAI0B
Importing 'GUID: b13c5df96839b924b85df50f9659b9e4 - Path: Packages/com.unity.render-pipelines.universal-config/package.json - Importer: ScriptedImporter/UnityEditor.QuickSearchModule:UnityEditor.Search:ASIAI0B' with importer (ScriptedImporter : UnityEditor.QuickSearchModule:UnityEditor.Search:ASIAI0B)
Imported 'GUID: b13c5df96839b924b85df50f9659b9e4' -> (Import Result ID: '358681e45bdc5cb551fdb9df3de3503e') in 0.016 seconds [static and dynamic dependencies]. Details - ImportResultOutputID=4eaeb9098e0f53c618394638a042113f DependenciesID=ac0b97c574137903af2ce7e66e6b53e1 StaticDependenciesID=6fe6a71184eac174f27a26e37c996322 
Number of updated asset objects reloaded before import = 0
Number of asset objects unloaded after import = 1
========================================================================
Received Import Request.
  Time of request: 2026-08-22T03:24:01.8696257Z
  Time since last request: 0.0006132 seconds.
  importAddress: GUID: 0d9f444a464203c478024791eff61732 - Path: Packages/com.unity.test-framework.performance/Runtime/Attributes/RequiredMemberAttribute.cs - Importer: ScriptedImporter/UnityEditor.QuickSearchModule:UnityEditor.Search:ASIAI0B
Importing 'GUID: 0d9f444a464203c478024791eff61732 - Path: Packages/com.unity.test-framework.performance/Runtime/Attributes/RequiredMemberAttribute.cs - Importer: ScriptedImporter/UnityEditor.QuickSearchModule:UnityEditor.Search:ASIAI0B' with importer (ScriptedImporter : UnityEditor.QuickSearchModule:UnityEditor.Search:ASIAI0B)
Imported 'GUID: 0d9f444a464203c478024791eff61732' -> (Import Result ID: '0e6669509b91b166560e2621ba86afca') in 0.009 seconds [static and dynamic dependencies]. Details - ImportResultOutputID=02eccb6fb319d420228104fc452b72dd DependenciesID=6d4c2ebe98f4529795ef45479ca9bd49 StaticDependenciesID=503d2e636c732a39b6311e931a09b960 
Number of updated asset objects reloaded before import = 0
Number of asset objects unloaded after import = 0
========================================================================
Received Import Request.
  Time of request: 2026-08-22T03:24:01.9042377Z
  Time since last request: 0.0007174 seconds.
  importAddress: GUID: 451a2d412ec85674b870cfe148524e5c - Path: Packages/com.unity.test-framework.performance/Runtime/Data/Player.cs - Importer: ScriptedImporter/UnityEditor.QuickSearchModule:UnityEditor.Search:ASIAI0B
Importing 'GUID: 451a2d412ec85674b870cfe148524e5c - Path: Packages/com.unity.test-framework.performance/Runtime/Data/Player.cs - Importer: ScriptedImporter/UnityEditor.QuickSearchModule:UnityEditor.Search:ASIAI0B' with importer (ScriptedImporter : UnityEditor.QuickSearchModule:UnityEditor.Search:ASIAI0B)
Imported 'GUID: 451a2d412ec85674b870cfe148524e5c' -> (Import Result ID: 'd8bec35455dddf2f76e0c762358d9741') in 0.011 seconds [static and dynamic dependencies]. Details - ImportResultOutputID=2edfe170431754326661beaa28a7088f DependenciesID=d3f6ba5104309931a72fb88ff902418f StaticDependenciesID=8860e63dfadd2f34b8bf1ef63ba964b8 
Number of updated asset objects reloaded before import = 0
Number of asset objects unloaded after import = 0
========================================================================
Received Import Request.
  Time of request: 2026-08-22T03:24:01.9412679Z
  Time since last request: 0.000767 seconds.
  importAddress: GUID: 78e5667e52329c3ceef41288763404ae - Path: Packages/com.unity.modules.vectorgraphics/package.json - Importer: ScriptedImporter/UnityEditor.QuickSearchModule:UnityEditor.Search:ASIAI0B
Importing 'GUID: 78e5667e52329c3ceef41288763404ae - Path: Packages/com.unity.modules.vectorgraphics/package.json - Importer: ScriptedImporter/UnityEditor.QuickSearchModule:UnityEditor.Search:ASIAI0B' with importer (ScriptedImporter : UnityEditor.QuickSearchModule:UnityEditor.Search:ASIAI0B)
Imported 'GUID: 78e5667e52329c3ceef41288763404ae' -> (Import Result ID: '9921ef970121aa993e9b90693b4c8ca1') in 0.021 seconds [static and dynamic dependencies]. Details - ImportResultOutputID=f272c7f0f7ee1d090cf8e5f81a273848 DependenciesID=93e93b25d80f26720a20f491fd924d0b StaticDependenciesID=b19b19cd96f149bac66b30ab810de0ba 
Number of updated asset objects reloaded before import = 0
Number of asset objects unloaded after import = 1
========================================================================
Received Import Request.
  Time of request: 2026-08-22T03:24:01.9869438Z
  Time since last request: 0.0010972 seconds.
  importAddress: GUID: 28cb5284b30f27f43acfde7190ececc6 - Path: Packages/com.unity.render-pipelines.universal-config/Tests/Editor/ConfigurationTest.cs - Importer: ScriptedImporter/UnityEditor.QuickSearchModule:UnityEditor.Search:ASIAI0B
Importing 'GUID: 28cb5284b30f27f43acfde7190ececc6 - Path: Packages/com.unity.render-pipelines.universal-config/Tests/Editor/ConfigurationTest.cs - Importer: ScriptedImporter/UnityEditor.QuickSearchModule:UnityEditor.Search:ASIAI0B' with importer (ScriptedImporter : UnityEditor.QuickSearchModule:UnityEditor.Search:ASIAI0B)
Imported 'GUID: 28cb5284b30f27f43acfde7190ececc6' -> (Import Result ID: '1397450f053d2852b6d157e606125177') in 0.008 seconds [static and dynamic dependencies]. Details - ImportResultOutputID=8d31de7ee5bd0abdc6a7153a3bc81175 DependenciesID=a1c9245c317e79f9b80fe0b17e00e355 StaticDependenciesID=2634c856d5ab3390e958d55269ba846f 
Number of updated asset objects reloaded before import = 0
Number of asset objects unloaded after import = 0
========================================================================
Received Import Request.
  Time of request: 2026-08-22T03:24:02.0181513Z
  Time since last request: 0.0018459 seconds.
  importAddress: GUID: d1ed5968494d4f81bd53a7c212ca8d72 - Path: Packages/com.unity.test-framework.performance/Runtime/PerformanceTestHelper.cs - Importer: ScriptedImporter/UnityEditor.QuickSearchModule:UnityEditor.Search:ASIAI0B
Importing 'GUID: d1ed5968494d4f81bd53a7c212ca8d72 - Path: Packages/com.unity.test-framework.performance/Runtime/PerformanceTestHelper.cs - Importer: ScriptedImporter/UnityEditor.QuickSearchModule:UnityEditor.Search:ASIAI0B' with importer (ScriptedImporter : UnityEditor.QuickSearchModule:UnityEditor.Search:ASIAI0B)
Imported 'GUID: d1ed5968494d4f81bd53a7c212ca8d72' -> (Import Result ID: '2a0441daeea3c4708913e253de837ed0') in 0.009 seconds [static and dynamic dependencies]. Details - ImportResultOutputID=b427aa2415f22c14bb622e9967f9bdf0 DependenciesID=80b9fc26afc3976d90d2e4597d7b8f72 StaticDependenciesID=98251a18352d592dfed90ba3581347c0 
Number of updated asset objects reloaded before import = 0
Number of asset objects unloaded after import = 0
========================================================================
Received Import Request.
  Time of request: 2026-08-22T03:24:02.0559749Z
  Time since last request: 0.0008118 seconds.
  importAddress: GUID: 4272062d6dbd273438736c85848ea974 - Path: Packages/com.unity.test-framework.performance/Editor/TestReportGraph/TestReportWindow.cs - Importer: ScriptedImporter/UnityEditor.QuickSearchModule:UnityEditor.Search:ASIAI0B
Importing 'GUID: 4272062d6dbd273438736c85848ea974 - Path: Packages/com.unity.test-framework.performance/Editor/TestReportGraph/TestReportWindow.cs - Importer: ScriptedImporter/UnityEditor.QuickSearchModule:UnityEditor.Search:ASIAI0B' with importer (ScriptedImporter : UnityEditor.QuickSearchModule:UnityEditor.Search:ASIAI0B)
Imported 'GUID: 4272062d6dbd273438736c85848ea974' -> (Import Result ID: '3a629b30d3ec228b145adda6c327ea3e') in 0.013 seconds [static and dynamic dependencies]. Details - ImportResultOutputID=d4124409ec0ddf29e7502e24beb876a0 DependenciesID=bd2622861ec3b965c0f099f3f55b94c9 StaticDependenciesID=74bd6158bac359068653e89cc7127aa5 
Number of updated asset objects reloaded before import = 0
Number of asset objects unloaded after import = 0
========================================================================
Received Import Request.
  Time of request: 2026-08-22T03:24:02.100004Z
  Time since last request: 0.0030923 seconds.
  importAddress: GUID: dd6eec692697e8f4bbd715f4d546a329 - Path: Packages/com.unity.test-framework.performance/Editor/TestReportGraph/SamplePoint.cs - Importer: ScriptedImporter/UnityEditor.QuickSearchModule:UnityEditor.Search:ASIAI0B
Importing 'GUID: dd6eec692697e8f4bbd715f4d546a329 - Path: Packages/com.unity.test-framework.performance/Editor/TestReportGraph/SamplePoint.cs - Importer: ScriptedImporter/UnityEditor.QuickSearchModule:UnityEditor.Search:ASIAI0B' with importer (ScriptedImporter : UnityEditor.QuickSearchModule:UnityEditor.Search:ASIAI0B)
Imported 'GUID: dd6eec692697e8f4bbd715f4d546a329' -> (Import Result ID: '4e68388fac7721fa260e8f7f7fc6b35b') in 0.007 seconds [static and dynamic dependencies]. Details - ImportResultOutputID=c157727f54e15f3508fbede866bedceb DependenciesID=f596fbf31894b3d5026ab652cbbd5ae1 StaticDependenciesID=dfa1f60029dac7bdbd0d3753e575947b 
Number of updated asset objects reloaded before import = 0
Number of asset objects unloaded after import = 0
========================================================================
Received Import Request.
  Time of request: 2026-08-22T03:24:02.1331238Z
  Time since last request: 0.001054 seconds.
  importAddress: GUID: 43674d438e19b89d7fe6af07234f3252 - Path: Packages/com.unity.modules.accessibility/package.json - Importer: ScriptedImporter/UnityEditor.QuickSearchModule:UnityEditor.Search:ASIAI0B
Importing 'GUID: 43674d438e19b89d7fe6af07234f3252 - Path: Packages/com.unity.modules.accessibility/package.json - Importer: ScriptedImporter/UnityEditor.QuickSearchModule:UnityEditor.Search:ASIAI0B' with importer (ScriptedImporter : UnityEditor.QuickSearchModule:UnityEditor.Search:ASIAI0B)
Imported 'GUID: 43674d438e19b89d7fe6af07234f3252' -> (Import Result ID: '2303cd1e68ae7511798f249b45e6d01c') in 0.015 seconds [static and dynamic dependencies]. Details - ImportResultOutputID=a546161f5ce3dafee9be344082b75df3 DependenciesID=b68b4a1174f1fe3d9d617c140a202c77 StaticDependenciesID=037655a9c50dc1bb97a2cc078a92fcf1 
Number of updated asset objects reloaded before import = 0
Number of asset objects unloaded after import = 1
========================================================================
Received Import Request.
  Time of request: 2026-08-22T03:24:02.16861Z
  Time since last request: 0.0006689 seconds.
  importAddress: GUID: 242480b4ab9580c44b35d75dfa073192 - Path: Packages/com.unity.test-framework.performance/Editor/TestReportGraph/TestListTable.cs - Importer: ScriptedImporter/UnityEditor.QuickSearchModule:UnityEditor.Search:ASIAI0B
Importing 'GUID: 242480b4ab9580c44b35d75dfa073192 - Path: Packages/com.unity.test-framework.performance/Editor/TestReportGraph/TestListTable.cs - Importer: ScriptedImporter/UnityEditor.QuickSearchModule:UnityEditor.Search:ASIAI0B' with importer (ScriptedImporter : UnityEditor.QuickSearchModule:UnityEditor.Search:ASIAI0B)
Imported 'GUID: 242480b4ab9580c44b35d75dfa073192' -> (Import Result ID: '4eec03ec54c398445069d003a5f92442') in 0.004 seconds [static and dynamic dependencies]. Details - ImportResultOutputID=9b12deb75e7adf140d859a53688baa94 DependenciesID=4948fcf4a97d26f16ea570c862b674ab StaticDependenciesID=348d917e7171a1ace4a5b9c96c0e0fd9 
Number of updated asset objects reloaded before import = 0
Number of asset objects unloaded after import = 0
========================================================================
Received Import Request.
  Time of request: 2026-08-22T03:24:02.1925609Z
  Time since last request: 0.0006296 seconds.
  importAddress: GUID: 956ff25f08f5e1d4a9ffc96f5803d5a1 - Path: Packages/com.unity.render-pipelines.universal-config/Runtime/ShaderConfig.cs.hlsl - Importer: ScriptedImporter/UnityEditor.QuickSearchModule:UnityEditor.Search:ASIAI0B
Importing 'GUID: 956ff25f08f5e1d4a9ffc96f5803d5a1 - Path: Packages/com.unity.render-pipelines.universal-config/Runtime/ShaderConfig.cs.hlsl - Importer: ScriptedImporter/UnityEditor.QuickSearchModule:UnityEditor.Search:ASIAI0B' with importer (ScriptedImporter : UnityEditor.QuickSearchModule:UnityEditor.Search:ASIAI0B)
Imported 'GUID: 956ff25f08f5e1d4a9ffc96f5803d5a1' -> (Import Result ID: '401e15b65b20a824fac133f99bd99c0f') in 0.014 seconds [static and dynamic dependencies]. Details - ImportResultOutputID=680105b8c420f299de76c41da77436a9 DependenciesID=7c6567f4e4a1fd06e1c2e758b0eb25c7 StaticDependenciesID=e39329c66fec0acb56068050e900b9d7 
Number of updated asset objects reloaded before import = 0
Number of asset objects unloaded after import = 1
========================================================================
Received Import Request.
  Time of request: 2026-08-22T03:24:02.2257769Z
  Time since last request: 0.0004933 seconds.
  importAddress: GUID: a23a55c69f9544b56a85639e7258ea1d - Path: Packages/com.unity.test-framework.performance/ValidationExceptions.json - Importer: ScriptedImporter/UnityEditor.QuickSearchModule:UnityEditor.Search:ASIAI0B
Importing 'GUID: a23a55c69f9544b56a85639e7258ea1d - Path: Packages/com.unity.test-framework.performance/ValidationExceptions.json - Importer: ScriptedImporter/UnityEditor.QuickSearchModule:UnityEditor.Search:ASIAI0B' with importer (ScriptedImporter : UnityEditor.QuickSearchModule:UnityEditor.Search:ASIAI0B)
Imported 'GUID: a23a55c69f9544b56a85639e7258ea1d' -> (Import Result ID: 'f6c24c427b338766be917eb8ce5cb11a') in 0.015 seconds [static and dynamic dependencies]. Details - ImportResultOutputID=b2da2becb910f88692654888385579c2 DependenciesID=58dabee28bb75b3d62406c71b99856fa StaticDependenciesID=8a3a33f7ed0c52ef90a4d726e80fd26b 
Number of updated asset objects reloaded before import = 0
Number of asset objects unloaded after import = 1
========================================================================
Received Import Request.
  Time of request: 2026-08-22T03:24:02.2935907Z
  Time since last request: 0.0348891 seconds.
  importAddress: GUID: 8a61e4b297fe5f94cb16e6f77a71892c - Path: Packages/com.unity.test-framework.performance/Runtime/Data/SampleUnit.cs - Importer: ScriptedImporter/UnityEditor.QuickSearchModule:UnityEditor.Search:ASIAI0B
Importing 'GUID: 8a61e4b297fe5f94cb16e6f77a71892c - Path: Packages/com.unity.test-framework.performance/Runtime/Data/SampleUnit.cs - Importer: ScriptedImporter/UnityEditor.QuickSearchModule:UnityEditor.Search:ASIAI0B' with importer (ScriptedImporter : UnityEditor.QuickSearchModule:UnityEditor.Search:ASIAI0B)
Imported 'GUID: 8a61e4b297fe5f94cb16e6f77a71892c' -> (Import Result ID: '1ee39d225438bba62701877098e0fd1b') in 0.012 seconds [static and dynamic dependencies]. Details - ImportResultOutputID=f4e97328f818d0f04f2fae07497cd4f7 DependenciesID=5745bfe5600322cd5ed9edf3637d7067 StaticDependenciesID=de19d10c0917ac6b4ec0060c33fd9e74 
Number of updated asset objects reloaded before import = 0
Number of asset objects unloaded after import = 0
========================================================================
Received Import Request.
  Time of request: 2026-08-22T03:24:02.3281154Z
  Time since last request: 0.0000387 seconds.
  importAddress: GUID: c9c6fc292cac43d7a2bc05803fd5f49f - Path: Packages/com.unity.test-framework.performance/Runtime/Meters/IStopWatch.cs - Importer: ScriptedImporter/UnityEditor.QuickSearchModule:UnityEditor.Search:ASIAI0B
Importing 'GUID: c9c6fc292cac43d7a2bc05803fd5f49f - Path: Packages/com.unity.test-framework.performance/Runtime/Meters/IStopWatch.cs - Importer: ScriptedImporter/UnityEditor.QuickSearchModule:UnityEditor.Search:ASIAI0B' with importer (ScriptedImporter : UnityEditor.QuickSearchModule:UnityEditor.Search:ASIAI0B)
Imported 'GUID: c9c6fc292cac43d7a2bc05803fd5f49f' -> (Import Result ID: '13a1a2ae2331f1a9f74a7c9b0b9b206a') in 0.010 seconds [static and dynamic dependencies]. Details - ImportResultOutputID=7c5a69394707b1d4fc9bdbc34c97838e DependenciesID=1e354a52707f51389262241019b8f431 StaticDependenciesID=8bfa279c70f83102a6969e032435bf5f 
Number of updated asset objects reloaded before import = 0
Number of asset objects unloaded after import = 0
========================================================================
Received Import Request.
  Time of request: 2026-08-22T03:24:02.3684571Z
  Time since last request: 0.0025738 seconds.
  importAddress: GUID: fe39db111ce84f2b933e63e8cced3493 - Path: Packages/com.unity.test-framework.performance/Runtime/Statistics/NormalDistributionHelper.cs - Importer: ScriptedImporter/UnityEditor.QuickSearchModule:UnityEditor.Search:ASIAI0B
Importing 'GUID: fe39db111ce84f2b933e63e8cced3493 - Path: Packages/com.unity.test-framework.performance/Runtime/Statistics/NormalDistributionHelper.cs - Importer: ScriptedImporter/UnityEditor.QuickSearchModule:UnityEditor.Search:ASIAI0B' with importer (ScriptedImporter : UnityEditor.QuickSearchModule:UnityEditor.Search:ASIAI0B)
Imported 'GUID: fe39db111ce84f2b933e63e8cced3493' -> (Import Result ID: 'b658b7de7c5243dadd07cac54f6dcbb0') in 0.008 seconds [static and dynamic dependencies]. Details - ImportResultOutputID=64eee8b8977854c6f37e6d2bb0029f3f DependenciesID=ac95c46f8473bc14a78598bf6abc31f7 StaticDependenciesID=8919bc71c704f62436dc730d80b13d26 
Number of updated asset objects reloaded before import = 0
Number of asset objects unloaded after import = 0
========================================================================
Received Import Request.
  Time of request: 2026-08-22T03:24:02.4069004Z
  Time since last request: 0.0017559 seconds.
  importAddress: GUID: 573489ea329e0b246a993a3c9bcd9b5c - Path: Packages/com.unity.test-framework.performance/Runtime/Measurements/MethodMeasurement.cs - Importer: ScriptedImporter/UnityEditor.QuickSearchModule:UnityEditor.Search:ASIAI0B
Importing 'GUID: 573489ea329e0b246a993a3c9bcd9b5c - Path: Packages/com.unity.test-framework.performance/Runtime/Measurements/MethodMeasurement.cs - Importer: ScriptedImporter/UnityEditor.QuickSearchModule:UnityEditor.Search:ASIAI0B' with importer (ScriptedImporter : UnityEditor.QuickSearchModule:UnityEditor.Search:ASIAI0B)
Imported 'GUID: 573489ea329e0b246a993a3c9bcd9b5c' -> (Import Result ID: 'fc1a2946708c453cb12e1d5fe5f4f429') in 0.007 seconds [static and dynamic dependencies]. Details - ImportResultOutputID=71630c22d64a500761ab6fb900e46efb DependenciesID=f966e3c75ac50a6e12ad2ed59a52a8a0 StaticDependenciesID=43714799824e272db2e132a35208ef3d 
Number of updated asset objects reloaded before import = 0
Number of asset objects unloaded after import = 0
========================================================================
Received Import Request.
  Time of request: 2026-08-22T03:24:02.4384381Z
  Time since last request: 0.000751 seconds.
  importAddress: GUID: 0f798be1803b48ecaf2670b1cbbc41b1 - Path: Packages/com.unity.test-framework.performance/Runtime/Statistics/StudentDistributionHelper.cs - Importer: ScriptedImporter/UnityEditor.QuickSearchModule:UnityEditor.Search:ASIAI0B
Importing 'GUID: 0f798be1803b48ecaf2670b1cbbc41b1 - Path: Packages/com.unity.test-framework.performance/Runtime/Statistics/StudentDistributionHelper.cs - Importer: ScriptedImporter/UnityEditor.QuickSearchModule:UnityEditor.Search:ASIAI0B' with importer (ScriptedImporter : UnityEditor.QuickSearchModule:UnityEditor.Search:ASIAI0B)
Imported 'GUID: 0f798be1803b48ecaf2670b1cbbc41b1' -> (Import Result ID: '23f3099c6a2f3359ebe9d7b498c72b67') in 0.006 seconds [static and dynamic dependencies]. Details - ImportResultOutputID=6a5580bcf26f9bd291eb7bdccd9688f8 DependenciesID=78780dc91ac1e7ba6f1ff617a1a14128 StaticDependenciesID=6344c22f3b8f816a4a001d996cd1a985 
Number of updated asset objects reloaded before import = 0
Number of asset objects unloaded after import = 0
========================================================================
Received Import Request.
  Time of request: 2026-08-22T03:24:02.4672108Z
  Time since last request: 0.0005846 seconds.
  importAddress: GUID: daadf59f728a42a795a0ce3559352f4d - Path: Packages/com.unity.test-framework.performance/Runtime/Meters/StopWatch.cs - Importer: ScriptedImporter/UnityEditor.QuickSearchModule:UnityEditor.Search:ASIAI0B
Importing 'GUID: daadf59f728a42a795a0ce3559352f4d - Path: Packages/com.unity.test-framework.performance/Runtime/Meters/StopWatch.cs - Importer: ScriptedImporter/UnityEditor.QuickSearchModule:UnityEditor.Search:ASIAI0B' with importer (ScriptedImporter : UnityEditor.QuickSearchModule:UnityEditor.Search:ASIAI0B)
Imported 'GUID: daadf59f728a42a795a0ce3559352f4d' -> (Import Result ID: '18f8c934ca3d8da93511152b65600ae6') in 0.006 seconds [static and dynamic dependencies]. Details - ImportResultOutputID=c7e2aa4af781a014a02adb727c728c87 DependenciesID=9867e7212e9487edc7118d91fc38049d StaticDependenciesID=c40e961356de00b190d1a6fdc143d18b 
Number of updated asset objects reloaded before import = 0
Number of asset objects unloaded after import = 0
========================================================================
Received Import Request.
  Time of request: 2026-08-22T03:24:02.4938789Z
  Time since last request: 0.0004504 seconds.
  importAddress: GUID: aa2734fdf41ccae4d8e95492e9e75620 - Path: Packages/com.unity.test-framework.performance/Runtime/Measurements/ProfilerMarkerMeasurement.cs - Importer: ScriptedImporter/UnityEditor.QuickSearchModule:UnityEditor.Search:ASIAI0B
Importing 'GUID: aa2734fdf41ccae4d8e95492e9e75620 - Path: Packages/com.unity.test-framework.performance/Runtime/Measurements/ProfilerMarkerMeasurement.cs - Importer: ScriptedImporter/UnityEditor.QuickSearchModule:UnityEditor.Search:ASIAI0B' with importer (ScriptedImporter : UnityEditor.QuickSearchModule:UnityEditor.Search:ASIAI0B)
Imported 'GUID: aa2734fdf41ccae4d8e95492e9e75620' -> (Import Result ID: 'cb00392a58fb8cd4ede1a1ee54c5ae33') in 0.006 seconds [static and dynamic dependencies]. Details - ImportResultOutputID=f06e0579afe8012edc1d5e807ff7c9a0 DependenciesID=2a5234b43d09b45cafad7f722a4ec2fa StaticDependenciesID=cfb56f373a1eca625af48a337c14b693 
Number of updated asset objects reloaded before import = 0
Number of asset objects unloaded after import = 0
========================================================================
Received Import Request.
  Time of request: 2026-08-22T03:24:02.5225972Z
  Time since last request: 0.0004955 seconds.
  importAddress: GUID: ba96708fc5e040b3b480033a77f69343 - Path: Packages/com.unity.test-framework.performance/Runtime/Statistics/OutlierMode.cs - Importer: ScriptedImporter/UnityEditor.QuickSearchModule:UnityEditor.Search:ASIAI0B
Importing 'GUID: ba96708fc5e040b3b480033a77f69343 - Path: Packages/com.unity.test-framework.performance/Runtime/Statistics/OutlierMode.cs - Importer: ScriptedImporter/UnityEditor.QuickSearchModule:UnityEditor.Search:ASIAI0B' with importer (ScriptedImporter : UnityEditor.QuickSearchModule:UnityEditor.Search:ASIAI0B)
Imported 'GUID: ba96708fc5e040b3b480033a77f69343' -> (Import Result ID: 'cb6553d068288c0bb5f80b8ee638df28') in 0.006 seconds [static and dynamic dependencies]. Details - ImportResultOutputID=47092fe8cf54e6f6fd0d6a49e63127be DependenciesID=ec8374d466e948f6252e22b935931899 StaticDependenciesID=1354baf250a3bac8ff50481a348f139c 
Number of updated asset objects reloaded before import = 0
Number of asset objects unloaded after import = 0
========================================================================
Received Prepare
AcceleratorClientConnectionCallback - disconnected - :0
WARNING: Shader Unsupported: 'Hidden/Simulation/URP/Synthetic' - All subshaders removed
WARNING: Shader Did you use #pragma only_renderers and omit this platform?
WARNING: Shader If subshaders removal was intentional, you may have forgotten turning Fallback off?
WARNING: Shader Unsupported: 'Hidden/Simulation/Synthetic Lit' - All subshaders removed
WARNING: Shader Did you use #pragma only_renderers and omit this platform?
WARNING: Shader If subshaders removal was intentional, you may have forgotten turning Fallback off?
WARNING: Shader Unsupported: 'Simulation/Standard Lit' - All subshaders removed
WARNING: Shader Did you use #pragma only_renderers and omit this platform?
WARNING: Shader If subshaders removal was intentional, you may have forgotten turning Fallback off?
WARNING: Shader Unsupported: 'Simulation/URP/Room X-Ray' - All subshaders removed
WARNING: Shader Did you use #pragma only_renderers and omit this platform?
WARNING: Shader If subshaders removal was intentional, you may have forgotten turning Fallback off?
WARNING: Shader Unsupported: 'Simulation/Room X-Ray' - All subshaders removed
WARNING: Shader Did you use #pragma only_renderers and omit this platform?
WARNING: Shader If subshaders removal was intentional, you may have forgotten turning Fallback off?
WARNING: Shader Unsupported: 'Simulation/URP/Lit' - All subshaders removed
WARNING: Shader Did you use #pragma only_renderers and omit this platform?
WARNING: Shader If subshaders removal was intentional, you may have forgotten turning Fallback off?
Refreshing native plugins compatible for Editor in 3.57 ms, found 1 plugins.
Unloading 30 Unused Serialized files (Serialized files now loaded: 0)
Unloading 5947 unused Assets / (7.2 MB). Loaded Objects now: 6889.
Memory consumption went from 324.6 MB to 317.4 MB.
Total: 16.063700 ms (FindLiveObjects: 0.871800 ms CreateObjectMapping: 3.101700 ms MarkObjects: 6.347000 ms  DeleteObjects: 5.741600 ms)

Prepare: number of updated asset objects reloaded= 0
EnvironmentDependencyValues requested are different than current active one (requested -> active):
  graphicsApiMask: 2048 -> 264192
========================================================================
Received Prepare
AcceleratorClientConnectionCallback - disconnected - :0
[Licensing::Client] Successfully resolved entitlement details
[Licensing::Client] Successfully resolved entitlement details
Begin MonoManager ReloadAssembly
Refreshing native plugins compatible for Editor in 3.53 ms, found 1 plugins.
Native extension for Android target not found
Native extension for WindowsStandalone target not found
Native extension for WebGL target not found
[Package Manager] Failed to launch server process. Reason: Unity was launched with the -noUpm command-line argument
[Package Manager] Unable to send message (not connected to server process).
[Package Manager] Cannot connect to Unity Package Manager local server
[Package Manager] Failed to launch server process. Reason: Unity was launched with the -noUpm command-line argument
[Package Manager] Unable to send message (not connected to server process).
[Package Manager] Cannot connect to Unity Package Manager local server
ScheduleIndexationOnStartup MainProcess:False IndexOnStartup:True
Mono: successfully reloaded assembly
[Package Manager] Failed to launch server process. Reason: Unity was launched with the -noUpm command-line argument
[Package Manager] Unable to send message (not connected to server process).
[Package Manager] Cannot connect to Unity Package Manager local server
- Finished resetting the current domain, in  0.825 seconds
Domain Reload Profiling: 1876ms
	BeginReloadAssembly (327ms)
		DisableScriptedObjects (5ms)
		CreateAndSetChildDomain (84ms)
	RebuildCommonClasses (12ms)
	RebuildNativeTypeToScriptingClass (22ms)
	initialDomainReloadingComplete (77ms)
	LoadAllAssembliesAndSetupDomain (611ms)
		LoadAssemblies (387ms)
		AnalyzeDomain (224ms)
			TypeCache.Refresh (15ms)
			BuildScriptInfoCaches (197ms)
			ResolveRequiredComponents (10ms)
	FinalizeReload (826ms)
		SetupLoadedEditorAssemblies (0ms)
			InitializePlatformSupportModulesInManaged (12ms)
			BeforeProcessingInitializeOnLoad (96ms)
			ProcessInitializeOnLoadAttributes (199ms)
			ProcessInitializeOnLoadMethodAttributes (212ms)
			AfterProcessingInitializeOnLoad (10ms)
		AwakeInstancesAfterBackupRestoration (29ms)
WARNING: Shader Unsupported: 'Hidden/Simulation/URP/Synthetic' - All subshaders removed
WARNING: Shader Did you use #pragma only_renderers and omit this platform?
WARNING: Shader If subshaders removal was intentional, you may have forgotten turning Fallback off?
WARNING: Shader Unsupported: 'Hidden/Simulation/Synthetic Lit' - All subshaders removed
WARNING: Shader Did you use #pragma only_renderers and omit this platform?
WARNING: Shader If subshaders removal was intentional, you may have forgotten turning Fallback off?
WARNING: Shader Unsupported: 'Simulation/Standard Lit' - All subshaders removed
WARNING: Shader Did you use #pragma only_renderers and omit this platform?
WARNING: Shader If subshaders removal was intentional, you may have forgotten turning Fallback off?
WARNING: Shader Unsupported: 'Simulation/URP/Room X-Ray' - All subshaders removed
WARNING: Shader Did you use #pragma only_renderers and omit this platform?
WARNING: Shader If subshaders removal was intentional, you may have forgotten turning Fallback off?
WARNING: Shader Unsupported: 'Simulation/Room X-Ray' - All subshaders removed
WARNING: Shader Did you use #pragma only_renderers and omit this platform?
WARNING: Shader If subshaders removal was intentional, you may have forgotten turning Fallback off?
WARNING: Shader Unsupported: 'Simulation/URP/Lit' - All subshaders removed
WARNING: Shader Did you use #pragma only_renderers and omit this platform?
WARNING: Shader If subshaders removal was intentional, you may have forgotten turning Fallback off?
Refreshing native plugins compatible for Editor in 2.66 ms, found 1 plugins.
Unloading 30 Unused Serialized files (Serialized files now loaded: 0)
Unloading 5955 unused Assets / (7.7 MB). Loaded Objects now: 6897.
Memory consumption went from 324.7 MB to 317.1 MB.
Total: 14.015700 ms (FindLiveObjects: 0.762300 ms CreateObjectMapping: 2.582300 ms MarkObjects: 5.143200 ms  DeleteObjects: 5.526700 ms)

Prepare: number of updated asset objects reloaded= 0
EnvironmentDependencyValues requested are different than current active one (requested -> active):
  graphicsApiMask: 2048 -> 264192
========================================================================
Received Prepare
AcceleratorClientConnectionCallback - disconnected - :0
Begin MonoManager ReloadAssembly
Refreshing native plugins compatible for Editor in 2.64 ms, found 1 plugins.
Native extension for Android target not found
Native extension for WindowsStandalone target not found
Native extension for WebGL target not found
[Package Manager] Failed to launch server process. Reason: Unity was launched with the -noUpm command-line argument
[Package Manager] Unable to send message (not connected to server process).
[Package Manager] Cannot connect to Unity Package Manager local server
[Package Manager] Failed to launch server process. Reason: Unity was launched with the -noUpm command-line argument
[Package Manager] Unable to send message (not connected to server process).
[Package Manager] Cannot connect to Unity Package Manager local server
ScheduleIndexationOnStartup MainProcess:False IndexOnStartup:True
Mono: successfully reloaded assembly
[Package Manager] Failed to launch server process. Reason: Unity was launched with the -noUpm command-line argument
[Package Manager] Unable to send message (not connected to server process).
[Package Manager] Cannot connect to Unity Package Manager local server
- Finished resetting the current domain, in  0.880 seconds
Domain Reload Profiling: 1971ms
	BeginReloadAssembly (283ms)
		DisableScriptedObjects (8ms)
		CreateAndSetChildDomain (66ms)
	RebuildCommonClasses (12ms)
	RebuildNativeTypeToScriptingClass (21ms)
	initialDomainReloadingComplete (73ms)
	LoadAllAssembliesAndSetupDomain (701ms)
		LoadAssemblies (387ms)
		AnalyzeDomain (261ms)
			TypeCache.Refresh (14ms)
			BuildScriptInfoCaches (231ms)
			ResolveRequiredComponents (14ms)
	FinalizeReload (881ms)
		SetupLoadedEditorAssemblies (0ms)
			InitializePlatformSupportModulesInManaged (13ms)
			BeforeProcessingInitializeOnLoad (108ms)
			ProcessInitializeOnLoadAttributes (221ms)
			ProcessInitializeOnLoadMethodAttributes (230ms)
			AfterProcessingInitializeOnLoad (12ms)
		AwakeInstancesAfterBackupRestoration (32ms)
WARNING: Shader Unsupported: 'Hidden/Simulation/URP/Synthetic' - All subshaders removed
WARNING: Shader Did you use #pragma only_renderers and omit this platform?
WARNING: Shader If subshaders removal was intentional, you may have forgotten turning Fallback off?
WARNING: Shader Unsupported: 'Hidden/Simulation/Synthetic Lit' - All subshaders removed
WARNING: Shader Did you use #pragma only_renderers and omit this platform?
WARNING: Shader If subshaders removal was intentional, you may have forgotten turning Fallback off?
WARNING: Shader Unsupported: 'Simulation/Standard Lit' - All subshaders removed
WARNING: Shader Did you use #pragma only_renderers and omit this platform?
WARNING: Shader If subshaders removal was intentional, you may have forgotten turning Fallback off?
WARNING: Shader Unsupported: 'Simulation/URP/Room X-Ray' - All subshaders removed
WARNING: Shader Did you use #pragma only_renderers and omit this platform?
WARNING: Shader If subshaders removal was intentional, you may have forgotten turning Fallback off?
WARNING: Shader Unsupported: 'Simulation/Room X-Ray' - All subshaders removed
WARNING: Shader Did you use #pragma only_renderers and omit this platform?
WARNING: Shader If subshaders removal was intentional, you may have forgotten turning Fallback off?
WARNING: Shader Unsupported: 'Simulation/URP/Lit' - All subshaders removed
WARNING: Shader Did you use #pragma only_renderers and omit this platform?
WARNING: Shader If subshaders removal was intentional, you may have forgotten turning Fallback off?
Refreshing native plugins compatible for Editor in 3.15 ms, found 1 plugins.
Unloading 30 Unused Serialized files (Serialized files now loaded: 0)
Unloading 5955 unused Assets / (6.1 MB). Loaded Objects now: 6899.
Memory consumption went from 325.1 MB to 319.0 MB.
Total: 13.590900 ms (FindLiveObjects: 0.967100 ms CreateObjectMapping: 2.880600 ms MarkObjects: 5.435400 ms  DeleteObjects: 4.306500 ms)

Prepare: number of updated asset objects reloaded= 0
EnvironmentDependencyValues requested are different than current active one (requested -> active):
  graphicsApiMask: 2048 -> 264192
========================================================================
Received Import Request.
  Time of request: 2026-08-22T03:24:48.8055303Z
  Time since last request: 46.2548145 seconds.
  importAddress: GUID: 6c5cd8d6457f8f64da474ad21cc646e2 - Path: Assets/Scripts/InfoPanelController.cs - Importer: PreviewImporter
Importing 'GUID: 6c5cd8d6457f8f64da474ad21cc646e2 - Path: Assets/Scripts/InfoPanelController.cs - Importer: PreviewImporter' with importer (PreviewImporter)
Imported 'GUID: 6c5cd8d6457f8f64da474ad21cc646e2' -> (Import Result ID: '4f7facdcfbdfcdbec58cd03752e988b0') in 0.002 seconds [static and dynamic dependencies]. Details - ImportResultOutputID=6e95899d7b43ac643749f79be4d06bcc DependenciesID=43c17547ce65ab582230ea8b018f2fa0 StaticDependenciesID=537c3bae14b656d5e2a86e33f1f37b19 
Number of updated asset objects reloaded before import = 0
Number of asset objects unloaded after import = 0
========================================================================
Received Import Request.
  Time of request: 2026-08-22T03:35:29.8096799Z
  Time since last request: 640.98901030000002 seconds.
  importAddress: GUID: 13241d599ff10413498d04c6d683ca10 - Path: Assets/Samples/XR Interaction Toolkit/3.5.1/AR Starter Assets/DemoAssets/Prefabs/Arch.prefab - Importer: PreviewImporter
Importing 'GUID: 13241d599ff10413498d04c6d683ca10 - Path: Assets/Samples/XR Interaction Toolkit/3.5.1/AR Starter Assets/DemoAssets/Prefabs/Arch.prefab - Importer: PreviewImporter' with importer (PreviewImporter)
Imported 'GUID: 13241d599ff10413498d04c6d683ca10' -> (Import Result ID: 'fed908e3bc91229dada4c66b386fdce1') in 1.013 seconds [static and dynamic dependencies]. Details - ImportResultOutputID=9c4ae7c73f0a37b021b13a78b045d801 DependenciesID=82a399ed845e6109c2b9bf457aac03a5 StaticDependenciesID=e62c76c022cb1fa713b425b4f7c87e1c 
Number of updated asset objects reloaded before import = 0
Number of asset objects unloaded after import = 37
========================================================================
Received Import Request.
  Time of request: 2026-08-22T03:35:31.0316049Z
  Time since last request: 0.1861215 seconds.
  importAddress: GUID: ae1968658b9687b47976fe86c062168f - Path: Assets/Samples/XR Interaction Toolkit/3.5.1/Starter Assets/Prefabs/Teleport/Climb Teleport Arrow.prefab - Importer: PreviewImporter
Importing 'GUID: ae1968658b9687b47976fe86c062168f - Path: Assets/Samples/XR Interaction Toolkit/3.5.1/Starter Assets/Prefabs/Teleport/Climb Teleport Arrow.prefab - Importer: PreviewImporter' with importer (PreviewImporter)
Imported 'GUID: ae1968658b9687b47976fe86c062168f' -> (Import Result ID: '74fe86e1097d2a9402df67999ff20864') in 0.047 seconds [static and dynamic dependencies]. Details - ImportResultOutputID=b3de5ed10db96cb2cb76556bb8a21022 DependenciesID=76c9763d6f9d4a6a2a05d13c31233c36 StaticDependenciesID=c9d0f5242865113492f40b1cd5888879 
Number of updated asset objects reloaded before import = 0
Number of asset objects unloaded after import = 23
========================================================================
Received Import Request.
  Time of request: 2026-08-22T03:35:31.0954031Z
  Time since last request: 0.0003302 seconds.
  importAddress: GUID: f5ee409d69254d64da7a3b74d31a5a40 - Path: Assets/Samples/XR Interaction Toolkit/3.5.1/Starter Assets/DemoAssets/Prefabs/Far Grab Samples.prefab - Importer: PreviewImporter
Importing 'GUID: f5ee409d69254d64da7a3b74d31a5a40 - Path: Assets/Samples/XR Interaction Toolkit/3.5.1/Starter Assets/DemoAssets/Prefabs/Far Grab Samples.prefab - Importer: PreviewImporter' with importer (PreviewImporter)
Imported 'GUID: f5ee409d69254d64da7a3b74d31a5a40' -> (Import Result ID: '1894b04409c43ab3a9d921cb8aa46bda') in 0.765 seconds [static and dynamic dependencies]. Details - ImportResultOutputID=1d72bd72f75dbab43da4cc87cf8be3f0 DependenciesID=100fe16d8ebb19219e735dea66c82254 StaticDependenciesID=a8f5a9712867c0f75f72f7c4d337573c 
Number of updated asset objects reloaded before import = 0
Number of asset objects unloaded after import = 192
========================================================================
Received Import Request.
  Time of request: 2026-08-22T03:35:31.8831082Z
  Time since last request: 0.0000355 seconds.
  importAddress: GUID: 2ed984a58a974166bf92c82a74380454 - Path: Assets/Samples/XR Interaction Toolkit/3.5.1/Starter Assets/DemoAssets/Prefabs/Interactables/Cylinder.prefab - Importer: PreviewImporter
Importing 'GUID: 2ed984a58a974166bf92c82a74380454 - Path: Assets/Samples/XR Interaction Toolkit/3.5.1/Starter Assets/DemoAssets/Prefabs/Interactables/Cylinder.prefab - Importer: PreviewImporter' with importer (PreviewImporter)
Imported 'GUID: 2ed984a58a974166bf92c82a74380454' -> (Import Result ID: '690ca809b07291d5cbb15630f2a841b5') in 0.042 seconds [static and dynamic dependencies]. Details - ImportResultOutputID=5b4ccc93f034ff15ac0c8206a75a80af DependenciesID=d709936fd382237d7bad7f32c20177c8 StaticDependenciesID=10fac487ccd10d111fab9fb9045d1bc6 
Number of updated asset objects reloaded before import = 0
Number of asset objects unloaded after import = 43
========================================================================
Received Import Request.
  Time of request: 2026-08-22T03:35:31.9425425Z
  Time since last request: 0.0000701 seconds.
  importAddress: GUID: 893219773891c784ab469a39151879b4 - Path: Assets/Samples/XR Interaction Toolkit/3.5.1/Starter Assets/Prefabs/Teleport/Directional Teleport Reticle.prefab - Importer: PreviewImporter
Importing 'GUID: 893219773891c784ab469a39151879b4 - Path: Assets/Samples/XR Interaction Toolkit/3.5.1/Starter Assets/Prefabs/Teleport/Directional Teleport Reticle.prefab - Importer: PreviewImporter' with importer (PreviewImporter)
Imported 'GUID: 893219773891c784ab469a39151879b4' -> (Import Result ID: '56d541e1bdf5b4056a52740522127754') in 0.383 seconds [static and dynamic dependencies]. Details - ImportResultOutputID=f68c3344c1f90d958e3b64a29520fbaa DependenciesID=2f3b7ca84d99019df6c08b9d0e0169bc StaticDependenciesID=225c1bf9f0645c8d127bf933cb9c05e0 
Number of updated asset objects reloaded before import = 0
Number of asset objects unloaded after import = 22
========================================================================
Received Import Request.
  Time of request: 2026-08-22T03:35:32.3442638Z
  Time since last request: 0.001282 seconds.
  importAddress: GUID: 4f7b6e4d9c721834e97d07d4cd95bf74 - Path: Assets/Samples/XR Interaction Toolkit/3.5.1/Starter Assets/DemoAssets/Prefabs/GazeActivationZone.prefab - Importer: PreviewImporter
Importing 'GUID: 4f7b6e4d9c721834e97d07d4cd95bf74 - Path: Assets/Samples/XR Interaction Toolkit/3.5.1/Starter Assets/DemoAssets/Prefabs/GazeActivationZone.prefab - Importer: PreviewImporter' with importer (PreviewImporter)
Imported 'GUID: 4f7b6e4d9c721834e97d07d4cd95bf74' -> (Import Result ID: '8ba146a5ed4085b86b71c76e3951539b') in 0.003 seconds [static and dynamic dependencies]. Details - ImportResultOutputID=16c8fe5e1acfa3b6d89e6a60a63de337 DependenciesID=88a7a8590d8370b7eb5a49b9070e81ee StaticDependenciesID=7802d750696d3ebbd55161389f173fcc 
Number of updated asset objects reloaded before import = 0
Number of asset objects unloaded after import = 6
========================================================================
Received Import Request.
  Time of request: 2026-08-22T03:35:32.3673238Z
  Time since last request: 0.0004416 seconds.
  importAddress: GUID: d825bbdf58c379d4290da92e387f71d0 - Path: Assets/MobileARTemplateAssets/Prefabs/CubeVariant.prefab - Importer: PreviewImporter
Importing 'GUID: d825bbdf58c379d4290da92e387f71d0 - Path: Assets/MobileARTemplateAssets/Prefabs/CubeVariant.prefab - Importer: PreviewImporter' with importer (PreviewImporter)
Imported 'GUID: d825bbdf58c379d4290da92e387f71d0' -> (Import Result ID: 'f590ebea2124e16de79e62477c55230e') in 0.608 seconds [static and dynamic dependencies]. Details - ImportResultOutputID=c90d729170094df86aaf4f567d602eb3 DependenciesID=318d27c86b996ebb4bfb7c9dce4adcaa StaticDependenciesID=ad328cdb9c75ccc0841f283252523444 
Number of updated asset objects reloaded before import = 0
Number of asset objects unloaded after import = 70
========================================================================
Received Import Request.
  Time of request: 2026-08-22T03:35:32.9963158Z
  Time since last request: 0.0000476 seconds.
  importAddress: GUID: 98cdacc32bf0d8d469092762a7263c4b - Path: Assets/MobileARTemplateAssets/Prefabs/DebugCubeVariant.prefab - Importer: PreviewImporter
Importing 'GUID: 98cdacc32bf0d8d469092762a7263c4b - Path: Assets/MobileARTemplateAssets/Prefabs/DebugCubeVariant.prefab - Importer: PreviewImporter' with importer (PreviewImporter)
Imported 'GUID: 98cdacc32bf0d8d469092762a7263c4b' -> (Import Result ID: 'acd270dabc38e44f294c95913c3ce5a6') in 0.303 seconds [static and dynamic dependencies]. Details - ImportResultOutputID=d249c68abe5555efb5555ab3bda08b73 DependenciesID=2e3390d9004a2e924231eb02a8eb6ecc StaticDependenciesID=dbdfcd9d874d18e66025b453423d14d7 
Number of updated asset objects reloaded before import = 0
Number of asset objects unloaded after import = 123
========================================================================
Received Import Request.
  Time of request: 2026-08-22T03:35:33.3186389Z
  Time since last request: 0.0000392 seconds.
  importAddress: GUID: a0ea40bd139aedc43b0e8374d6139437 - Path: Assets/Samples/XR Interaction Toolkit/3.5.1/Starter Assets/DemoAssets/Prefabs/Climb/Climbing Wall.prefab - Importer: PreviewImporter
Importing 'GUID: a0ea40bd139aedc43b0e8374d6139437 - Path: Assets/Samples/XR Interaction Toolkit/3.5.1/Starter Assets/DemoAssets/Prefabs/Climb/Climbing Wall.prefab - Importer: PreviewImporter' with importer (PreviewImporter)
Imported 'GUID: a0ea40bd139aedc43b0e8374d6139437' -> (Import Result ID: '548639e14bd422d7b3fc8776b79a4122') in 0.292 seconds [static and dynamic dependencies]. Details - ImportResultOutputID=0cbc5558e4ad0efad312ba66c232037c DependenciesID=762925dfee151022b75a4913c3f24b7d StaticDependenciesID=e94359109795218ad008ab5a7c5bc46f 
Number of updated asset objects reloaded before import = 0
Number of asset objects unloaded after import = 350
========================================================================
Received Import Request.
  Time of request: 2026-08-22T03:35:33.6282997Z
  Time since last request: 0.001115 seconds.
  importAddress: GUID: 063cc896506b947c7b2c2ae3beb5868f - Path: Assets/MobileARTemplateAssets/UI/Prefabs/GreetingCTA.prefab - Importer: PreviewImporter
Importing 'GUID: 063cc896506b947c7b2c2ae3beb5868f - Path: Assets/MobileARTemplateAssets/UI/Prefabs/GreetingCTA.prefab - Importer: PreviewImporter' with importer (PreviewImporter)
Imported 'GUID: 063cc896506b947c7b2c2ae3beb5868f' -> (Import Result ID: '60b4b183d00e9b93b9cfb4f934aaf967') in 0.267 seconds [static and dynamic dependencies]. Details - ImportResultOutputID=9ec8b316122bb7bd0b7f1ce3ca8b8a53 DependenciesID=e74abcf8c407598c998491b3839812f3 StaticDependenciesID=2d48654ea2748206f77b45226acdc9a2 
Number of updated asset objects reloaded before import = 0
Number of asset objects unloaded after import = 44
========================================================================
Received Import Request.
  Time of request: 2026-08-22T03:35:33.9176867Z
  Time since last request: 0.000042 seconds.
  importAddress: GUID: 27b7629e54b332449bfa3a4065ffe17a - Path: Assets/Samples/XR Interaction Toolkit/3.5.1/Starter Assets/Models/BlinkVisual.fbx - Importer: PreviewImporter
Importing 'GUID: 27b7629e54b332449bfa3a4065ffe17a - Path: Assets/Samples/XR Interaction Toolkit/3.5.1/Starter Assets/Models/BlinkVisual.fbx - Importer: PreviewImporter' with importer (PreviewImporter)
Imported 'GUID: 27b7629e54b332449bfa3a4065ffe17a' -> (Import Result ID: 'f75b43dea5b1078645f64c2a2b73e223') in 0.227 seconds [static and dynamic dependencies]. Details - ImportResultOutputID=a2279d5ce540622930c5817cf010a014 DependenciesID=21f12f40476f54ab88dc1d665318207d StaticDependenciesID=423294f1c48444d8698783dc13308c8c 
Number of updated asset objects reloaded before import = 0
Number of asset objects unloaded after import = 9
========================================================================
Received Prepare
AcceleratorClientConnectionCallback - disconnected - :0
WARNING: Shader Unsupported: 'Hidden/Simulation/URP/Synthetic' - All subshaders removed
WARNING: Shader Did you use #pragma only_renderers and omit this platform?
WARNING: Shader If subshaders removal was intentional, you may have forgotten turning Fallback off?
WARNING: Shader Unsupported: 'Hidden/Simulation/Synthetic Lit' - All subshaders removed
WARNING: Shader Did you use #pragma only_renderers and omit this platform?
WARNING: Shader If subshaders removal was intentional, you may have forgotten turning Fallback off?
WARNING: Shader Unsupported: 'Simulation/Standard Lit' - All subshaders removed
WARNING: Shader Did you use #pragma only_renderers and omit this platform?
WARNING: Shader If subshaders removal was intentional, you may have forgotten turning Fallback off?
WARNING: Shader Unsupported: 'Simulation/URP/Room X-Ray' - All subshaders removed
WARNING: Shader Did you use #pragma only_renderers and omit this platform?
WARNING: Shader If subshaders removal was intentional, you may have forgotten turning Fallback off?
WARNING: Shader Unsupported: 'Simulation/Room X-Ray' - All subshaders removed
WARNING: Shader Did you use #pragma only_renderers and omit this platform?
WARNING: Shader If subshaders removal was intentional, you may have forgotten turning Fallback off?
WARNING: Shader Unsupported: 'Simulation/URP/Lit' - All subshaders removed
WARNING: Shader Did you use #pragma only_renderers and omit this platform?
WARNING: Shader If subshaders removal was intentional, you may have forgotten turning Fallback off?
Refreshing native plugins compatible for Editor in 4.08 ms, found 1 plugins.
Unloading 30 Unused Serialized files (Serialized files now loaded: 0)
Unloading 31 unused Assets / (3.1 MB). Loaded Objects now: 7020.
Memory consumption went from 335.4 MB to 332.3 MB.
Total: 12.619400 ms (FindLiveObjects: 0.768800 ms CreateObjectMapping: 1.239500 ms MarkObjects: 9.368900 ms  DeleteObjects: 1.240100 ms)

Prepare: number of updated asset objects reloaded= 0
EnvironmentDependencyValues requested are different than current active one (requested -> active):
  graphicsApiMask: 2048 -> 264192
========================================================================
Received Prepare
AcceleratorClientConnectionCallback - disconnected - :0
WARNING: Shader Unsupported: 'Hidden/Simulation/URP/Synthetic' - All subshaders removed
WARNING: Shader Did you use #pragma only_renderers and omit this platform?
WARNING: Shader If subshaders removal was intentional, you may have forgotten turning Fallback off?
WARNING: Shader Unsupported: 'Hidden/Simulation/Synthetic Lit' - All subshaders removed
WARNING: Shader Did you use #pragma only_renderers and omit this platform?
WARNING: Shader If subshaders removal was intentional, you may have forgotten turning Fallback off?
WARNING: Shader Unsupported: 'Simulation/Standard Lit' - All subshaders removed
WARNING: Shader Did you use #pragma only_renderers and omit this platform?
WARNING: Shader If subshaders removal was intentional, you may have forgotten turning Fallback off?
WARNING: Shader Unsupported: 'Simulation/URP/Room X-Ray' - All subshaders removed
WARNING: Shader Did you use #pragma only_renderers and omit this platform?
WARNING: Shader If subshaders removal was intentional, you may have forgotten turning Fallback off?
WARNING: Shader Unsupported: 'Simulation/Room X-Ray' - All subshaders removed
WARNING: Shader Did you use #pragma only_renderers and omit this platform?
WARNING: Shader If subshaders removal was intentional, you may have forgotten turning Fallback off?
WARNING: Shader Unsupported: 'Simulation/URP/Lit' - All subshaders removed
WARNING: Shader Did you use #pragma only_renderers and omit this platform?
WARNING: Shader If subshaders removal was intentional, you may have forgotten turning Fallback off?
Refreshing native plugins compatible for Editor in 2.59 ms, found 1 plugins.
Unloading 30 Unused Serialized files (Serialized files now loaded: 0)
Unloading 30 unused Assets / (3.1 MB). Loaded Objects now: 7022.
Memory consumption went from 336.5 MB to 333.4 MB.
Total: 10.920600 ms (FindLiveObjects: 0.505700 ms CreateObjectMapping: 1.022200 ms MarkObjects: 8.546200 ms  DeleteObjects: 0.844700 ms)

Prepare: number of updated asset objects reloaded= 1
EnvironmentDependencyValues requested are different than current active one (requested -> active):
  graphicsApiMask: 2048 -> 264192
========================================================================
Received Prepare
AcceleratorClientConnectionCallback - disconnected - :0
WARNING: Shader Unsupported: 'Hidden/Simulation/URP/Synthetic' - All subshaders removed
WARNING: Shader Did you use #pragma only_renderers and omit this platform?
WARNING: Shader If subshaders removal was intentional, you may have forgotten turning Fallback off?
WARNING: Shader Unsupported: 'Hidden/Simulation/Synthetic Lit' - All subshaders removed
WARNING: Shader Did you use #pragma only_renderers and omit this platform?
WARNING: Shader If subshaders removal was intentional, you may have forgotten turning Fallback off?
WARNING: Shader Unsupported: 'Simulation/Standard Lit' - All subshaders removed
WARNING: Shader Did you use #pragma only_renderers and omit this platform?
WARNING: Shader If subshaders removal was intentional, you may have forgotten turning Fallback off?
WARNING: Shader Unsupported: 'Simulation/URP/Room X-Ray' - All subshaders removed
WARNING: Shader Did you use #pragma only_renderers and omit this platform?
WARNING: Shader If subshaders removal was intentional, you may have forgotten turning Fallback off?
WARNING: Shader Unsupported: 'Simulation/Room X-Ray' - All subshaders removed
WARNING: Shader Did you use #pragma only_renderers and omit this platform?
WARNING: Shader If subshaders removal was intentional, you may have forgotten turning Fallback off?
WARNING: Shader Unsupported: 'Simulation/URP/Lit' - All subshaders removed
WARNING: Shader Did you use #pragma only_renderers and omit this platform?
WARNING: Shader If subshaders removal was intentional, you may have forgotten turning Fallback off?
Refreshing native plugins compatible for Editor in 3.71 ms, found 1 plugins.
Unloading 30 Unused Serialized files (Serialized files now loaded: 0)
Unloading 30 unused Assets / (3.1 MB). Loaded Objects now: 6940.
Memory consumption went from 336.6 MB to 333.5 MB.
Total: 9.242900 ms (FindLiveObjects: 0.452800 ms CreateObjectMapping: 0.942500 ms MarkObjects: 6.922100 ms  DeleteObjects: 0.924100 ms)

Prepare: number of updated asset objects reloaded= 0
EnvironmentDependencyValues requested are different than current active one (requested -> active):
  graphicsApiMask: 2048 -> 264192
========================================================================
Received Prepare
AcceleratorClientConnectionCallback - disconnected - :0
WARNING: Shader Unsupported: 'Hidden/Simulation/URP/Synthetic' - All subshaders removed
WARNING: Shader Did you use #pragma only_renderers and omit this platform?
WARNING: Shader If subshaders removal was intentional, you may have forgotten turning Fallback off?
WARNING: Shader Unsupported: 'Hidden/Simulation/Synthetic Lit' - All subshaders removed
WARNING: Shader Did you use #pragma only_renderers and omit this platform?
WARNING: Shader If subshaders removal was intentional, you may have forgotten turning Fallback off?
WARNING: Shader Unsupported: 'Simulation/Standard Lit' - All subshaders removed
WARNING: Shader Did you use #pragma only_renderers and omit this platform?
WARNING: Shader If subshaders removal was intentional, you may have forgotten turning Fallback off?
WARNING: Shader Unsupported: 'Simulation/URP/Room X-Ray' - All subshaders removed
WARNING: Shader Did you use #pragma only_renderers and omit this platform?
WARNING: Shader If subshaders removal was intentional, you may have forgotten turning Fallback off?
WARNING: Shader Unsupported: 'Simulation/Room X-Ray' - All subshaders removed
WARNING: Shader Did you use #pragma only_renderers and omit this platform?
WARNING: Shader If subshaders removal was intentional, you may have forgotten turning Fallback off?
WARNING: Shader Unsupported: 'Simulation/URP/Lit' - All subshaders removed
WARNING: Shader Did you use #pragma only_renderers and omit this platform?
WARNING: Shader If subshaders removal was intentional, you may have forgotten turning Fallback off?
Refreshing native plugins compatible for Editor in 2.94 ms, found 1 plugins.
Unloading 30 Unused Serialized files (Serialized files now loaded: 0)
Unloading 28 unused Assets / (3.0 MB). Loaded Objects now: 6942.
Memory consumption went from 336.8 MB to 333.9 MB.
Total: 8.527200 ms (FindLiveObjects: 0.445700 ms CreateObjectMapping: 1.042200 ms MarkObjects: 6.068400 ms  DeleteObjects: 0.969400 ms)

Prepare: number of updated asset objects reloaded= 0
EnvironmentDependencyValues requested are different than current active one (requested -> active):
  graphicsApiMask: 2048 -> 264192
========================================================================
Received Prepare
AcceleratorClientConnectionCallback - disconnected - :0
WARNING: Shader Unsupported: 'Hidden/Simulation/URP/Synthetic' - All subshaders removed
WARNING: Shader Did you use #pragma only_renderers and omit this platform?
WARNING: Shader If subshaders removal was intentional, you may have forgotten turning Fallback off?
WARNING: Shader Unsupported: 'Hidden/Simulation/Synthetic Lit' - All subshaders removed
WARNING: Shader Did you use #pragma only_renderers and omit this platform?
WARNING: Shader If subshaders removal was intentional, you may have forgotten turning Fallback off?
WARNING: Shader Unsupported: 'Simulation/Standard Lit' - All subshaders removed
WARNING: Shader Did you use #pragma only_renderers and omit this platform?
WARNING: Shader If subshaders removal was intentional, you may have forgotten turning Fallback off?
WARNING: Shader Unsupported: 'Simulation/URP/Room X-Ray' - All subshaders removed
WARNING: Shader Did you use #pragma only_renderers and omit this platform?
WARNING: Shader If subshaders removal was intentional, you may have forgotten turning Fallback off?
WARNING: Shader Unsupported: 'Simulation/Room X-Ray' - All subshaders removed
WARNING: Shader Did you use #pragma only_renderers and omit this platform?
WARNING: Shader If subshaders removal was intentional, you may have forgotten turning Fallback off?
WARNING: Shader Unsupported: 'Simulation/URP/Lit' - All subshaders removed
WARNING: Shader Did you use #pragma only_renderers and omit this platform?
WARNING: Shader If subshaders removal was intentional, you may have forgotten turning Fallback off?
Refreshing native plugins compatible for Editor in 3.47 ms, found 1 plugins.
Unloading 28 Unused Serialized files (Serialized files now loaded: 0)
Unloading 28 unused Assets / (3.0 MB). Loaded Objects now: 6942.
Memory consumption went from 336.7 MB to 333.7 MB.
Total: 13.736700 ms (FindLiveObjects: 0.627000 ms CreateObjectMapping: 1.553600 ms MarkObjects: 10.222300 ms  DeleteObjects: 1.331500 ms)

Prepare: number of updated asset objects reloaded= 21
EnvironmentDependencyValues requested are different than current active one (requested -> active):
  graphicsApiMask: 2048 -> 264192
========================================================================
Received Prepare
AcceleratorClientConnectionCallback - disconnected - :0
WARNING: Shader Unsupported: 'Hidden/Simulation/URP/Synthetic' - All subshaders removed
WARNING: Shader Did you use #pragma only_renderers and omit this platform?
WARNING: Shader If subshaders removal was intentional, you may have forgotten turning Fallback off?
WARNING: Shader Unsupported: 'Hidden/Simulation/Synthetic Lit' - All subshaders removed
WARNING: Shader Did you use #pragma only_renderers and omit this platform?
WARNING: Shader If subshaders removal was intentional, you may have forgotten turning Fallback off?
WARNING: Shader Unsupported: 'Simulation/Standard Lit' - All subshaders removed
WARNING: Shader Did you use #pragma only_renderers and omit this platform?
WARNING: Shader If subshaders removal was intentional, you may have forgotten turning Fallback off?
WARNING: Shader Unsupported: 'Simulation/URP/Room X-Ray' - All subshaders removed
WARNING: Shader Did you use #pragma only_renderers and omit this platform?
WARNING: Shader If subshaders removal was intentional, you may have forgotten turning Fallback off?
WARNING: Shader Unsupported: 'Simulation/Room X-Ray' - All subshaders removed
WARNING: Shader Did you use #pragma only_renderers and omit this platform?
WARNING: Shader If subshaders removal was intentional, you may have forgotten turning Fallback off?
WARNING: Shader Unsupported: 'Simulation/URP/Lit' - All subshaders removed
WARNING: Shader Did you use #pragma only_renderers and omit this platform?
WARNING: Shader If subshaders removal was intentional, you may have forgotten turning Fallback off?
Refreshing native plugins compatible for Editor in 3.60 ms, found 1 plugins.
Unloading 28 Unused Serialized files (Serialized files now loaded: 0)
Unloading 30 unused Assets / (3.1 MB). Loaded Objects now: 6940.
Memory consumption went from 337.2 MB to 334.1 MB.
Total: 9.336700 ms (FindLiveObjects: 0.407100 ms CreateObjectMapping: 1.101000 ms MarkObjects: 6.412900 ms  DeleteObjects: 1.414100 ms)

Prepare: number of updated asset objects reloaded= 0
EnvironmentDependencyValues requested are different than current active one (requested -> active):
  graphicsApiMask: 2048 -> 264192
========================================================================
Received Prepare
AcceleratorClientConnectionCallback - disconnected - :0
[Licensing::Client] Successfully resolved entitlement details
[Licensing::Client] Successfully resolved entitlement details
Begin MonoManager ReloadAssembly
Refreshing native plugins compatible for Editor in 2.56 ms, found 1 plugins.
Native extension for Android target not found
Native extension for WindowsStandalone target not found
Native extension for WebGL target not found
[Package Manager] Failed to launch server process. Reason: Unity was launched with the -noUpm command-line argument
[Package Manager] Unable to send message (not connected to server process).
[Package Manager] Cannot connect to Unity Package Manager local server
[Package Manager] Failed to launch server process. Reason: Unity was launched with the -noUpm command-line argument
[Package Manager] Unable to send message (not connected to server process).
[Package Manager] Cannot connect to Unity Package Manager local server
ScheduleIndexationOnStartup MainProcess:False IndexOnStartup:True
Mono: successfully reloaded assembly
[Package Manager] Failed to launch server process. Reason: Unity was launched with the -noUpm command-line argument
[Package Manager] Unable to send message (not connected to server process).
[Package Manager] Cannot connect to Unity Package Manager local server
- Finished resetting the current domain, in  1.580 seconds
Domain Reload Profiling: 4465ms
	BeginReloadAssembly (1207ms)
		DisableScriptedObjects (47ms)
		CreateAndSetChildDomain (528ms)
	RebuildCommonClasses (13ms)
	RebuildNativeTypeToScriptingClass (21ms)
	initialDomainReloadingComplete (120ms)
	LoadAllAssembliesAndSetupDomain (1523ms)
		LoadAssemblies (1652ms)
		AnalyzeDomain (60ms)
			TypeCache.Refresh (23ms)
			ResolveRequiredComponents (12ms)
	FinalizeReload (1582ms)
		SetupLoadedEditorAssemblies (0ms)
			InitializePlatformSupportModulesInManaged (20ms)
			BeforeProcessingInitializeOnLoad (196ms)
			ProcessInitializeOnLoadAttributes (417ms)
			ProcessInitializeOnLoadMethodAttributes (434ms)
			AfterProcessingInitializeOnLoad (14ms)
		AwakeInstancesAfterBackupRestoration (59ms)
WARNING: Shader Unsupported: 'Hidden/Simulation/URP/Synthetic' - All subshaders removed
WARNING: Shader Did you use #pragma only_renderers and omit this platform?
WARNING: Shader If subshaders removal was intentional, you may have forgotten turning Fallback off?
WARNING: Shader Unsupported: 'Hidden/Simulation/Synthetic Lit' - All subshaders removed
WARNING: Shader Did you use #pragma only_renderers and omit this platform?
WARNING: Shader If subshaders removal was intentional, you may have forgotten turning Fallback off?
WARNING: Shader Unsupported: 'Simulation/Standard Lit' - All subshaders removed
WARNING: Shader Did you use #pragma only_renderers and omit this platform?
WARNING: Shader If subshaders removal was intentional, you may have forgotten turning Fallback off?
WARNING: Shader Unsupported: 'Simulation/URP/Room X-Ray' - All subshaders removed
WARNING: Shader Did you use #pragma only_renderers and omit this platform?
WARNING: Shader If subshaders removal was intentional, you may have forgotten turning Fallback off?
WARNING: Shader Unsupported: 'Simulation/Room X-Ray' - All subshaders removed
WARNING: Shader Did you use #pragma only_renderers and omit this platform?
WARNING: Shader If subshaders removal was intentional, you may have forgotten turning Fallback off?
WARNING: Shader Unsupported: 'Simulation/URP/Lit' - All subshaders removed
WARNING: Shader Did you use #pragma only_renderers and omit this platform?
WARNING: Shader If subshaders removal was intentional, you may have forgotten turning Fallback off?
Refreshing native plugins compatible for Editor in 2.87 ms, found 1 plugins.
Unloading 30 Unused Serialized files (Serialized files now loaded: 0)
Unloading 5955 unused Assets / (6.5 MB). Loaded Objects now: 6941.
Memory consumption went from 340.3 MB to 333.8 MB.
Total: 25.031900 ms (FindLiveObjects: 2.609000 ms CreateObjectMapping: 5.372700 ms MarkObjects: 10.114300 ms  DeleteObjects: 6.930800 ms)

Prepare: number of updated asset objects reloaded= 0
EnvironmentDependencyValues requested are different than current active one (requested -> active):
  graphicsApiMask: 2048 -> 264192
========================================================================
Received Prepare
AcceleratorClientConnectionCallback - disconnected - :0
Begin MonoManager ReloadAssembly
Refreshing native plugins compatible for Editor in 2.96 ms, found 1 plugins.
Native extension for Android target not found
Native extension for WindowsStandalone target not found
Native extension for WebGL target not found
[Package Manager] Failed to launch server process. Reason: Unity was launched with the -noUpm command-line argument
[Package Manager] Unable to send message (not connected to server process).
[Package Manager] Cannot connect to Unity Package Manager local server
[Package Manager] Failed to launch server process. Reason: Unity was launched with the -noUpm command-line argument
[Package Manager] Unable to send message (not connected to server process).
[Package Manager] Cannot connect to Unity Package Manager local server
ScheduleIndexationOnStartup MainProcess:False IndexOnStartup:True
Mono: successfully reloaded assembly
[Package Manager] Failed to launch server process. Reason: Unity was launched with the -noUpm command-line argument
[Package Manager] Unable to send message (not connected to server process).
[Package Manager] Cannot connect to Unity Package Manager local server
- Finished resetting the current domain, in  0.854 seconds
Domain Reload Profiling: 1682ms
	BeginReloadAssembly (277ms)
		DisableScriptedObjects (10ms)
		CreateAndSetChildDomain (61ms)
	RebuildCommonClasses (11ms)
	RebuildNativeTypeToScriptingClass (23ms)
	initialDomainReloadingComplete (87ms)
	LoadAllAssembliesAndSetupDomain (429ms)
		LoadAssemblies (362ms)
		AnalyzeDomain (28ms)
			TypeCache.Refresh (11ms)
			ResolveRequiredComponents (13ms)
	FinalizeReload (855ms)
		SetupLoadedEditorAssemblies (0ms)
			InitializePlatformSupportModulesInManaged (14ms)
			BeforeProcessingInitializeOnLoad (95ms)
			ProcessInitializeOnLoadAttributes (221ms)
			ProcessInitializeOnLoadMethodAttributes (205ms)
			AfterProcessingInitializeOnLoad (9ms)
		AwakeInstancesAfterBackupRestoration (26ms)
WARNING: Shader Unsupported: 'Hidden/Simulation/URP/Synthetic' - All subshaders removed
WARNING: Shader Did you use #pragma only_renderers and omit this platform?
WARNING: Shader If subshaders removal was intentional, you may have forgotten turning Fallback off?
WARNING: Shader Unsupported: 'Hidden/Simulation/Synthetic Lit' - All subshaders removed
WARNING: Shader Did you use #pragma only_renderers and omit this platform?
WARNING: Shader If subshaders removal was intentional, you may have forgotten turning Fallback off?
WARNING: Shader Unsupported: 'Simulation/Standard Lit' - All subshaders removed
WARNING: Shader Did you use #pragma only_renderers and omit this platform?
WARNING: Shader If subshaders removal was intentional, you may have forgotten turning Fallback off?
WARNING: Shader Unsupported: 'Simulation/URP/Room X-Ray' - All subshaders removed
WARNING: Shader Did you use #pragma only_renderers and omit this platform?
WARNING: Shader If subshaders removal was intentional, you may have forgotten turning Fallback off?
WARNING: Shader Unsupported: 'Simulation/Room X-Ray' - All subshaders removed
WARNING: Shader Did you use #pragma only_renderers and omit this platform?
WARNING: Shader If subshaders removal was intentional, you may have forgotten turning Fallback off?
WARNING: Shader Unsupported: 'Simulation/URP/Lit' - All subshaders removed
WARNING: Shader Did you use #pragma only_renderers and omit this platform?
WARNING: Shader If subshaders removal was intentional, you may have forgotten turning Fallback off?
Refreshing native plugins compatible for Editor in 3.38 ms, found 1 plugins.
Unloading 30 Unused Serialized files (Serialized files now loaded: 0)
Unloading 5955 unused Assets / (6.3 MB). Loaded Objects now: 6943.
Memory consumption went from 340.5 MB to 334.3 MB.
Total: 14.029800 ms (FindLiveObjects: 0.954000 ms CreateObjectMapping: 2.969100 ms MarkObjects: 6.593800 ms  DeleteObjects: 3.509100 ms)

Prepare: number of updated asset objects reloaded= 0
EnvironmentDependencyValues requested are different than current active one (requested -> active):
  graphicsApiMask: 2048 -> 264192
========================================================================
Received Prepare
AcceleratorClientConnectionCallback - disconnected - :0
[Licensing::Client] Successfully resolved entitlement details
[Licensing::Client] Successfully resolved entitlement details
Begin MonoManager ReloadAssembly
Refreshing native plugins compatible for Editor in 2.90 ms, found 1 plugins.
Native extension for Android target not found
Native extension for WindowsStandalone target not found
Native extension for WebGL target not found
[Package Manager] Failed to launch server process. Reason: Unity was launched with the -noUpm command-line argument
[Package Manager] Unable to send message (not connected to server process).
[Package Manager] Cannot connect to Unity Package Manager local server
[Package Manager] Failed to launch server process. Reason: Unity was launched with the -noUpm command-line argument
[Package Manager] Unable to send message (not connected to server process).
[Package Manager] Cannot connect to Unity Package Manager local server
ScheduleIndexationOnStartup MainProcess:False IndexOnStartup:True
Mono: successfully reloaded assembly
[Package Manager] Failed to launch server process. Reason: Unity was launched with the -noUpm command-line argument
[Package Manager] Unable to send message (not connected to server process).
[Package Manager] Cannot connect to Unity Package Manager local server
- Finished resetting the current domain, in  0.809 seconds
Domain Reload Profiling: 1656ms
	BeginReloadAssembly (331ms)
		DisableScriptedObjects (12ms)
		CreateAndSetChildDomain (73ms)
	RebuildCommonClasses (11ms)
	RebuildNativeTypeToScriptingClass (19ms)
	initialDomainReloadingComplete (71ms)
	LoadAllAssembliesAndSetupDomain (414ms)
		LoadAssemblies (380ms)
		AnalyzeDomain (26ms)
			TypeCache.Refresh (10ms)
			ResolveRequiredComponents (10ms)
	FinalizeReload (811ms)
		SetupLoadedEditorAssemblies (0ms)
			InitializePlatformSupportModulesInManaged (12ms)
			BeforeProcessingInitializeOnLoad (96ms)
			ProcessInitializeOnLoadAttributes (213ms)
			ProcessInitializeOnLoadMethodAttributes (204ms)
			AfterProcessingInitializeOnLoad (9ms)
		AwakeInstancesAfterBackupRestoration (25ms)
WARNING: Shader Unsupported: 'Hidden/Simulation/URP/Synthetic' - All subshaders removed
WARNING: Shader Did you use #pragma only_renderers and omit this platform?
WARNING: Shader If subshaders removal was intentional, you may have forgotten turning Fallback off?
WARNING: Shader Unsupported: 'Hidden/Simulation/Synthetic Lit' - All subshaders removed
WARNING: Shader Did you use #pragma only_renderers and omit this platform?
WARNING: Shader If subshaders removal was intentional, you may have forgotten turning Fallback off?
WARNING: Shader Unsupported: 'Simulation/Standard Lit' - All subshaders removed
WARNING: Shader Did you use #pragma only_renderers and omit this platform?
WARNING: Shader If subshaders removal was intentional, you may have forgotten turning Fallback off?
WARNING: Shader Unsupported: 'Simulation/URP/Room X-Ray' - All subshaders removed
WARNING: Shader Did you use #pragma only_renderers and omit this platform?
WARNING: Shader If subshaders removal was intentional, you may have forgotten turning Fallback off?
WARNING: Shader Unsupported: 'Simulation/Room X-Ray' - All subshaders removed
WARNING: Shader Did you use #pragma only_renderers and omit this platform?
WARNING: Shader If subshaders removal was intentional, you may have forgotten turning Fallback off?
WARNING: Shader Unsupported: 'Simulation/URP/Lit' - All subshaders removed
WARNING: Shader Did you use #pragma only_renderers and omit this platform?
WARNING: Shader If subshaders removal was intentional, you may have forgotten turning Fallback off?
Refreshing native plugins compatible for Editor in 3.79 ms, found 1 plugins.
Unloading 30 Unused Serialized files (Serialized files now loaded: 0)
Unloading 5955 unused Assets / (6.3 MB). Loaded Objects now: 6945.
Memory consumption went from 340.9 MB to 334.6 MB.
Total: 15.816200 ms (FindLiveObjects: 1.276100 ms CreateObjectMapping: 3.457500 ms MarkObjects: 6.518000 ms  DeleteObjects: 4.562400 ms)

Prepare: number of updated asset objects reloaded= 0
EnvironmentDependencyValues requested are different than current active one (requested -> active):
  graphicsApiMask: 2048 -> 264192
========================================================================
Received Prepare
AcceleratorClientConnectionCallback - disconnected - :0
WARNING: Shader Unsupported: 'Hidden/Simulation/URP/Synthetic' - All subshaders removed
WARNING: Shader Did you use #pragma only_renderers and omit this platform?
WARNING: Shader If subshaders removal was intentional, you may have forgotten turning Fallback off?
WARNING: Shader Unsupported: 'Hidden/Simulation/Synthetic Lit' - All subshaders removed
WARNING: Shader Did you use #pragma only_renderers and omit this platform?
WARNING: Shader If subshaders removal was intentional, you may have forgotten turning Fallback off?
WARNING: Shader Unsupported: 'Simulation/Standard Lit' - All subshaders removed
WARNING: Shader Did you use #pragma only_renderers and omit this platform?
WARNING: Shader If subshaders removal was intentional, you may have forgotten turning Fallback off?
WARNING: Shader Unsupported: 'Simulation/URP/Room X-Ray' - All subshaders removed
WARNING: Shader Did you use #pragma only_renderers and omit this platform?
WARNING: Shader If subshaders removal was intentional, you may have forgotten turning Fallback off?
WARNING: Shader Unsupported: 'Simulation/Room X-Ray' - All subshaders removed
WARNING: Shader Did you use #pragma only_renderers and omit this platform?
WARNING: Shader If subshaders removal was intentional, you may have forgotten turning Fallback off?
WARNING: Shader Unsupported: 'Simulation/URP/Lit' - All subshaders removed
WARNING: Shader Did you use #pragma only_renderers and omit this platform?
WARNING: Shader If subshaders removal was intentional, you may have forgotten turning Fallback off?
Refreshing native plugins compatible for Editor in 3.46 ms, found 1 plugins.
Unloading 30 Unused Serialized files (Serialized files now loaded: 0)
Unloading 30 unused Assets / (3.1 MB). Loaded Objects now: 6945.
Memory consumption went from 336.9 MB to 333.8 MB.
Total: 10.492600 ms (FindLiveObjects: 0.489700 ms CreateObjectMapping: 1.020500 ms MarkObjects: 8.076700 ms  DeleteObjects: 0.904200 ms)

Prepare: number of updated asset objects reloaded= 0
EnvironmentDependencyValues requested are different than current active one (requested -> active):
  graphicsApiMask: 2048 -> 264192
========================================================================
Received Prepare
AcceleratorClientConnectionCallback - disconnected - :0
WARNING: Shader Unsupported: 'Hidden/Simulation/URP/Synthetic' - All subshaders removed
WARNING: Shader Did you use #pragma only_renderers and omit this platform?
WARNING: Shader If subshaders removal was intentional, you may have forgotten turning Fallback off?
WARNING: Shader Unsupported: 'Hidden/Simulation/Synthetic Lit' - All subshaders removed
WARNING: Shader Did you use #pragma only_renderers and omit this platform?
WARNING: Shader If subshaders removal was intentional, you may have forgotten turning Fallback off?
WARNING: Shader Unsupported: 'Simulation/Standard Lit' - All subshaders removed
WARNING: Shader Did you use #pragma only_renderers and omit this platform?
WARNING: Shader If subshaders removal was intentional, you may have forgotten turning Fallback off?
WARNING: Shader Unsupported: 'Simulation/URP/Room X-Ray' - All subshaders removed
WARNING: Shader Did you use #pragma only_renderers and omit this platform?
WARNING: Shader If subshaders removal was intentional, you may have forgotten turning Fallback off?
WARNING: Shader Unsupported: 'Simulation/Room X-Ray' - All subshaders removed
WARNING: Shader Did you use #pragma only_renderers and omit this platform?
WARNING: Shader If subshaders removal was intentional, you may have forgotten turning Fallback off?
WARNING: Shader Unsupported: 'Simulation/URP/Lit' - All subshaders removed
WARNING: Shader Did you use #pragma only_renderers and omit this platform?
WARNING: Shader If subshaders removal was intentional, you may have forgotten turning Fallback off?
Refreshing native plugins compatible for Editor in 2.75 ms, found 1 plugins.
Unloading 30 Unused Serialized files (Serialized files now loaded: 0)
Unloading 28 unused Assets / (3.0 MB). Loaded Objects now: 6947.
Memory consumption went from 337.2 MB to 334.2 MB.
Total: 10.933000 ms (FindLiveObjects: 0.429700 ms CreateObjectMapping: 1.094700 ms MarkObjects: 8.366000 ms  DeleteObjects: 1.040800 ms)

Prepare: number of updated asset objects reloaded= 0
EnvironmentDependencyValues requested are different than current active one (requested -> active):
  graphicsApiMask: 2048 -> 264192
========================================================================
Received Prepare
AcceleratorClientConnectionCallback - disconnected - :0
[Licensing::Client] Successfully resolved entitlement details
[Licensing::Client] Successfully resolved entitlement details
Begin MonoManager ReloadAssembly
Refreshing native plugins compatible for Editor in 3.07 ms, found 1 plugins.
Native extension for Android target not found
Native extension for WindowsStandalone target not found
Native extension for WebGL target not found
[Package Manager] Failed to launch server process. Reason: Unity was launched with the -noUpm command-line argument
[Package Manager] Unable to send message (not connected to server process).
[Package Manager] Cannot connect to Unity Package Manager local server
[Package Manager] Failed to launch server process. Reason: Unity was launched with the -noUpm command-line argument
[Package Manager] Unable to send message (not connected to server process).
[Package Manager] Cannot connect to Unity Package Manager local server
ScheduleIndexationOnStartup MainProcess:False IndexOnStartup:True
Mono: successfully reloaded assembly
[Package Manager] Failed to launch server process. Reason: Unity was launched with the -noUpm command-line argument
[Package Manager] Unable to send message (not connected to server process).
[Package Manager] Cannot connect to Unity Package Manager local server
- Finished resetting the current domain, in  0.868 seconds
Domain Reload Profiling: 1809ms
	BeginReloadAssembly (302ms)
		DisableScriptedObjects (6ms)
		CreateAndSetChildDomain (55ms)
	RebuildCommonClasses (17ms)
	RebuildNativeTypeToScriptingClass (25ms)
	initialDomainReloadingComplete (94ms)
	LoadAllAssembliesAndSetupDomain (502ms)
		LoadAssemblies (420ms)
		AnalyzeDomain (27ms)
			TypeCache.Refresh (11ms)
			ResolveRequiredComponents (12ms)
	FinalizeReload (869ms)
		SetupLoadedEditorAssemblies (0ms)
			InitializePlatformSupportModulesInManaged (10ms)
			BeforeProcessingInitializeOnLoad (103ms)
			ProcessInitializeOnLoadAttributes (219ms)
			ProcessInitializeOnLoadMethodAttributes (213ms)
			AfterProcessingInitializeOnLoad (8ms)
		AwakeInstancesAfterBackupRestoration (30ms)
WARNING: Shader Unsupported: 'Hidden/Simulation/URP/Synthetic' - All subshaders removed
WARNING: Shader Did you use #pragma only_renderers and omit this platform?
WARNING: Shader If subshaders removal was intentional, you may have forgotten turning Fallback off?
WARNING: Shader Unsupported: 'Hidden/Simulation/Synthetic Lit' - All subshaders removed
WARNING: Shader Did you use #pragma only_renderers and omit this platform?
WARNING: Shader If subshaders removal was intentional, you may have forgotten turning Fallback off?
WARNING: Shader Unsupported: 'Simulation/Standard Lit' - All subshaders removed
WARNING: Shader Did you use #pragma only_renderers and omit this platform?
WARNING: Shader If subshaders removal was intentional, you may have forgotten turning Fallback off?
WARNING: Shader Unsupported: 'Simulation/URP/Room X-Ray' - All subshaders removed
WARNING: Shader Did you use #pragma only_renderers and omit this platform?
WARNING: Shader If subshaders removal was intentional, you may have forgotten turning Fallback off?
WARNING: Shader Unsupported: 'Simulation/Room X-Ray' - All subshaders removed
WARNING: Shader Did you use #pragma only_renderers and omit this platform?
WARNING: Shader If subshaders removal was intentional, you may have forgotten turning Fallback off?
WARNING: Shader Unsupported: 'Simulation/URP/Lit' - All subshaders removed
WARNING: Shader Did you use #pragma only_renderers and omit this platform?
WARNING: Shader If subshaders removal was intentional, you may have forgotten turning Fallback off?
Refreshing native plugins compatible for Editor in 2.36 ms, found 1 plugins.
Unloading 28 Unused Serialized files (Serialized files now loaded: 0)
Unloading 5953 unused Assets / (6.0 MB). Loaded Objects now: 6949.
Memory consumption went from 341.3 MB to 335.3 MB.
Total: 11.596000 ms (FindLiveObjects: 0.808000 ms CreateObjectMapping: 2.606400 ms MarkObjects: 5.064500 ms  DeleteObjects: 3.116000 ms)

Prepare: number of updated asset objects reloaded= 0
EnvironmentDependencyValues requested are different than current active one (requested -> active):
  graphicsApiMask: 2048 -> 264192
========================================================================
Received Prepare
AcceleratorClientConnectionCallback - disconnected - :0
WARNING: Shader Unsupported: 'Hidden/Simulation/URP/Synthetic' - All subshaders removed
WARNING: Shader Did you use #pragma only_renderers and omit this platform?
WARNING: Shader If subshaders removal was intentional, you may have forgotten turning Fallback off?
WARNING: Shader Unsupported: 'Hidden/Simulation/Synthetic Lit' - All subshaders removed
WARNING: Shader Did you use #pragma only_renderers and omit this platform?
WARNING: Shader If subshaders removal was intentional, you may have forgotten turning Fallback off?
WARNING: Shader Unsupported: 'Simulation/Standard Lit' - All subshaders removed
WARNING: Shader Did you use #pragma only_renderers and omit this platform?
WARNING: Shader If subshaders removal was intentional, you may have forgotten turning Fallback off?
WARNING: Shader Unsupported: 'Simulation/URP/Room X-Ray' - All subshaders removed
WARNING: Shader Did you use #pragma only_renderers and omit this platform?
WARNING: Shader If subshaders removal was intentional, you may have forgotten turning Fallback off?
WARNING: Shader Unsupported: 'Simulation/Room X-Ray' - All subshaders removed
WARNING: Shader Did you use #pragma only_renderers and omit this platform?
WARNING: Shader If subshaders removal was intentional, you may have forgotten turning Fallback off?
WARNING: Shader Unsupported: 'Simulation/URP/Lit' - All subshaders removed
WARNING: Shader Did you use #pragma only_renderers and omit this platform?
WARNING: Shader If subshaders removal was intentional, you may have forgotten turning Fallback off?
Refreshing native plugins compatible for Editor in 4.41 ms, found 1 plugins.
Unloading 28 Unused Serialized files (Serialized files now loaded: 0)
Unloading 28 unused Assets / (3.0 MB). Loaded Objects now: 6949.
Memory consumption went from 337.3 MB to 334.3 MB.
Total: 10.368100 ms (FindLiveObjects: 0.796000 ms CreateObjectMapping: 1.362900 ms MarkObjects: 6.747000 ms  DeleteObjects: 1.458100 ms)

Prepare: number of updated asset objects reloaded= 0
EnvironmentDependencyValues requested are different than current active one (requested -> active):
  graphicsApiMask: 2048 -> 264192
========================================================================
Received Prepare
AcceleratorClientConnectionCallback - disconnected - :0
WARNING: Shader Unsupported: 'Hidden/Simulation/URP/Synthetic' - All subshaders removed
WARNING: Shader Did you use #pragma only_renderers and omit this platform?
WARNING: Shader If subshaders removal was intentional, you may have forgotten turning Fallback off?
WARNING: Shader Unsupported: 'Hidden/Simulation/Synthetic Lit' - All subshaders removed
WARNING: Shader Did you use #pragma only_renderers and omit this platform?
WARNING: Shader If subshaders removal was intentional, you may have forgotten turning Fallback off?
WARNING: Shader Unsupported: 'Simulation/Standard Lit' - All subshaders removed
WARNING: Shader Did you use #pragma only_renderers and omit this platform?
WARNING: Shader If subshaders removal was intentional, you may have forgotten turning Fallback off?
WARNING: Shader Unsupported: 'Simulation/URP/Room X-Ray' - All subshaders removed
WARNING: Shader Did you use #pragma only_renderers and omit this platform?
WARNING: Shader If subshaders removal was intentional, you may have forgotten turning Fallback off?
WARNING: Shader Unsupported: 'Simulation/Room X-Ray' - All subshaders removed
WARNING: Shader Did you use #pragma only_renderers and omit this platform?
WARNING: Shader If subshaders removal was intentional, you may have forgotten turning Fallback off?
WARNING: Shader Unsupported: 'Simulation/URP/Lit' - All subshaders removed
WARNING: Shader Did you use #pragma only_renderers and omit this platform?
WARNING: Shader If subshaders removal was intentional, you may have forgotten turning Fallback off?
Refreshing native plugins compatible for Editor in 6.19 ms, found 1 plugins.
Unloading 28 Unused Serialized files (Serialized files now loaded: 0)
Unloading 28 unused Assets / (3.0 MB). Loaded Objects now: 6949.
Memory consumption went from 337.5 MB to 334.5 MB.
Total: 10.652700 ms (FindLiveObjects: 0.570700 ms CreateObjectMapping: 1.185300 ms MarkObjects: 7.674300 ms  DeleteObjects: 1.220900 ms)

Prepare: number of updated asset objects reloaded= 0
EnvironmentDependencyValues requested are different than current active one (requested -> active):
  graphicsApiMask: 2048 -> 264192
========================================================================
Received Prepare
AcceleratorClientConnectionCallback - disconnected - :0
WARNING: Shader Unsupported: 'Hidden/Simulation/URP/Synthetic' - All subshaders removed
WARNING: Shader Did you use #pragma only_renderers and omit this platform?
WARNING: Shader If subshaders removal was intentional, you may have forgotten turning Fallback off?
WARNING: Shader Unsupported: 'Hidden/Simulation/Synthetic Lit' - All subshaders removed
WARNING: Shader Did you use #pragma only_renderers and omit this platform?
WARNING: Shader If subshaders removal was intentional, you may have forgotten turning Fallback off?
WARNING: Shader Unsupported: 'Simulation/Standard Lit' - All subshaders removed
WARNING: Shader Did you use #pragma only_renderers and omit this platform?
WARNING: Shader If subshaders removal was intentional, you may have forgotten turning Fallback off?
WARNING: Shader Unsupported: 'Simulation/URP/Room X-Ray' - All subshaders removed
WARNING: Shader Did you use #pragma only_renderers and omit this platform?
WARNING: Shader If subshaders removal was intentional, you may have forgotten turning Fallback off?
WARNING: Shader Unsupported: 'Simulation/Room X-Ray' - All subshaders removed
WARNING: Shader Did you use #pragma only_renderers and omit this platform?
WARNING: Shader If subshaders removal was intentional, you may have forgotten turning Fallback off?
WARNING: Shader Unsupported: 'Simulation/URP/Lit' - All subshaders removed
WARNING: Shader Did you use #pragma only_renderers and omit this platform?
WARNING: Shader If subshaders removal was intentional, you may have forgotten turning Fallback off?
Refreshing native plugins compatible for Editor in 4.62 ms, found 1 plugins.
Unloading 28 Unused Serialized files (Serialized files now loaded: 0)
Unloading 28 unused Assets / (3.0 MB). Loaded Objects now: 6949.
Memory consumption went from 337.8 MB to 334.8 MB.
Total: 12.143000 ms (FindLiveObjects: 0.519500 ms CreateObjectMapping: 1.251200 ms MarkObjects: 8.647000 ms  DeleteObjects: 1.722800 ms)

Prepare: number of updated asset objects reloaded= 0
EnvironmentDependencyValues requested are different than current active one (requested -> active):
  graphicsApiMask: 2048 -> 264192
========================================================================
Received Prepare
AcceleratorClientConnectionCallback - disconnected - :0
WARNING: Shader Unsupported: 'Hidden/Simulation/URP/Synthetic' - All subshaders removed
WARNING: Shader Did you use #pragma only_renderers and omit this platform?
WARNING: Shader If subshaders removal was intentional, you may have forgotten turning Fallback off?
WARNING: Shader Unsupported: 'Hidden/Simulation/Synthetic Lit' - All subshaders removed
WARNING: Shader Did you use #pragma only_renderers and omit this platform?
WARNING: Shader If subshaders removal was intentional, you may have forgotten turning Fallback off?
WARNING: Shader Unsupported: 'Simulation/Standard Lit' - All subshaders removed
WARNING: Shader Did you use #pragma only_renderers and omit this platform?
WARNING: Shader If subshaders removal was intentional, you may have forgotten turning Fallback off?
WARNING: Shader Unsupported: 'Simulation/URP/Room X-Ray' - All subshaders removed
WARNING: Shader Did you use #pragma only_renderers and omit this platform?
WARNING: Shader If subshaders removal was intentional, you may have forgotten turning Fallback off?
WARNING: Shader Unsupported: 'Simulation/Room X-Ray' - All subshaders removed
WARNING: Shader Did you use #pragma only_renderers and omit this platform?
WARNING: Shader If subshaders removal was intentional, you may have forgotten turning Fallback off?
WARNING: Shader Unsupported: 'Simulation/URP/Lit' - All subshaders removed
WARNING: Shader Did you use #pragma only_renderers and omit this platform?
WARNING: Shader If subshaders removal was intentional, you may have forgotten turning Fallback off?
Refreshing native plugins compatible for Editor in 3.07 ms, found 1 plugins.
Unloading 28 Unused Serialized files (Serialized files now loaded: 0)
Unloading 30 unused Assets / (3.1 MB). Loaded Objects now: 6947.
Memory consumption went from 338.0 MB to 334.9 MB.
Total: 10.974100 ms (FindLiveObjects: 0.393000 ms CreateObjectMapping: 0.892800 ms MarkObjects: 8.200900 ms  DeleteObjects: 1.485200 ms)

Prepare: number of updated asset objects reloaded= 0
EnvironmentDependencyValues requested are different than current active one (requested -> active):
  graphicsApiMask: 2048 -> 264192
========================================================================
Received Prepare
AcceleratorClientConnectionCallback - disconnected - :0
WARNING: Shader Unsupported: 'Hidden/Simulation/URP/Synthetic' - All subshaders removed
WARNING: Shader Did you use #pragma only_renderers and omit this platform?
WARNING: Shader If subshaders removal was intentional, you may have forgotten turning Fallback off?
WARNING: Shader Unsupported: 'Hidden/Simulation/Synthetic Lit' - All subshaders removed
WARNING: Shader Did you use #pragma only_renderers and omit this platform?
WARNING: Shader If subshaders removal was intentional, you may have forgotten turning Fallback off?
WARNING: Shader Unsupported: 'Simulation/Standard Lit' - All subshaders removed
WARNING: Shader Did you use #pragma only_renderers and omit this platform?
WARNING: Shader If subshaders removal was intentional, you may have forgotten turning Fallback off?
WARNING: Shader Unsupported: 'Simulation/URP/Room X-Ray' - All subshaders removed
WARNING: Shader Did you use #pragma only_renderers and omit this platform?
WARNING: Shader If subshaders removal was intentional, you may have forgotten turning Fallback off?
WARNING: Shader Unsupported: 'Simulation/Room X-Ray' - All subshaders removed
WARNING: Shader Did you use #pragma only_renderers and omit this platform?
WARNING: Shader If subshaders removal was intentional, you may have forgotten turning Fallback off?
WARNING: Shader Unsupported: 'Simulation/URP/Lit' - All subshaders removed
WARNING: Shader Did you use #pragma only_renderers and omit this platform?
WARNING: Shader If subshaders removal was intentional, you may have forgotten turning Fallback off?
Refreshing native plugins compatible for Editor in 2.88 ms, found 1 plugins.
Unloading 30 Unused Serialized files (Serialized files now loaded: 0)
Unloading 30 unused Assets / (3.1 MB). Loaded Objects now: 6947.
Memory consumption went from 338.7 MB to 335.6 MB.
Total: 11.035400 ms (FindLiveObjects: 0.877300 ms CreateObjectMapping: 1.766300 ms MarkObjects: 7.414300 ms  DeleteObjects: 0.976000 ms)

Prepare: number of updated asset objects reloaded= 0
EnvironmentDependencyValues requested are different than current active one (requested -> active):
  graphicsApiMask: 2048 -> 264192
========================================================================
Received Prepare
AcceleratorClientConnectionCallback - disconnected - :0
WARNING: Shader Unsupported: 'Hidden/Simulation/URP/Synthetic' - All subshaders removed
WARNING: Shader Did you use #pragma only_renderers and omit this platform?
WARNING: Shader If subshaders removal was intentional, you may have forgotten turning Fallback off?
WARNING: Shader Unsupported: 'Hidden/Simulation/Synthetic Lit' - All subshaders removed
WARNING: Shader Did you use #pragma only_renderers and omit this platform?
WARNING: Shader If subshaders removal was intentional, you may have forgotten turning Fallback off?
WARNING: Shader Unsupported: 'Simulation/Standard Lit' - All subshaders removed
WARNING: Shader Did you use #pragma only_renderers and omit this platform?
WARNING: Shader If subshaders removal was intentional, you may have forgotten turning Fallback off?
WARNING: Shader Unsupported: 'Simulation/URP/Room X-Ray' - All subshaders removed
WARNING: Shader Did you use #pragma only_renderers and omit this platform?
WARNING: Shader If subshaders removal was intentional, you may have forgotten turning Fallback off?
WARNING: Shader Unsupported: 'Simulation/Room X-Ray' - All subshaders removed
WARNING: Shader Did you use #pragma only_renderers and omit this platform?
WARNING: Shader If subshaders removal was intentional, you may have forgotten turning Fallback off?
WARNING: Shader Unsupported: 'Simulation/URP/Lit' - All subshaders removed
WARNING: Shader Did you use #pragma only_renderers and omit this platform?
WARNING: Shader If subshaders removal was intentional, you may have forgotten turning Fallback off?
Refreshing native plugins compatible for Editor in 3.98 ms, found 1 plugins.
Unloading 30 Unused Serialized files (Serialized files now loaded: 0)
Unloading 28 unused Assets / (3.0 MB). Loaded Objects now: 6949.
Memory consumption went from 339.0 MB to 336.0 MB.
Total: 10.646000 ms (FindLiveObjects: 0.505400 ms CreateObjectMapping: 1.516600 ms MarkObjects: 7.191600 ms  DeleteObjects: 1.430500 ms)

Prepare: number of updated asset objects reloaded= 0
EnvironmentDependencyValues requested are different than current active one (requested -> active):
  graphicsApiMask: 2048 -> 264192
========================================================================
Received Prepare
AcceleratorClientConnectionCallback - disconnected - :0
WARNING: Shader Unsupported: 'Hidden/Simulation/URP/Synthetic' - All subshaders removed
WARNING: Shader Did you use #pragma only_renderers and omit this platform?
WARNING: Shader If subshaders removal was intentional, you may have forgotten turning Fallback off?
WARNING: Shader Unsupported: 'Hidden/Simulation/Synthetic Lit' - All subshaders removed
WARNING: Shader Did you use #pragma only_renderers and omit this platform?
WARNING: Shader If subshaders removal was intentional, you may have forgotten turning Fallback off?
WARNING: Shader Unsupported: 'Simulation/Standard Lit' - All subshaders removed
WARNING: Shader Did you use #pragma only_renderers and omit this platform?
WARNING: Shader If subshaders removal was intentional, you may have forgotten turning Fallback off?
WARNING: Shader Unsupported: 'Simulation/URP/Room X-Ray' - All subshaders removed
WARNING: Shader Did you use #pragma only_renderers and omit this platform?
WARNING: Shader If subshaders removal was intentional, you may have forgotten turning Fallback off?
WARNING: Shader Unsupported: 'Simulation/Room X-Ray' - All subshaders removed
WARNING: Shader Did you use #pragma only_renderers and omit this platform?
WARNING: Shader If subshaders removal was intentional, you may have forgotten turning Fallback off?
WARNING: Shader Unsupported: 'Simulation/URP/Lit' - All subshaders removed
WARNING: Shader Did you use #pragma only_renderers and omit this platform?
WARNING: Shader If subshaders removal was intentional, you may have forgotten turning Fallback off?
Refreshing native plugins compatible for Editor in 2.50 ms, found 1 plugins.
Unloading 28 Unused Serialized files (Serialized files now loaded: 0)
Unloading 28 unused Assets / (3.0 MB). Loaded Objects now: 6949.
Memory consumption went from 338.8 MB to 335.9 MB.
Total: 10.956800 ms (FindLiveObjects: 0.766900 ms CreateObjectMapping: 1.653100 ms MarkObjects: 7.548000 ms  DeleteObjects: 0.986500 ms)

Prepare: number of updated asset objects reloaded= 0
EnvironmentDependencyValues requested are different than current active one (requested -> active):
  graphicsApiMask: 2048 -> 264192
========================================================================
Received Prepare
AcceleratorClientConnectionCallback - disconnected - :0
WARNING: Shader Unsupported: 'Hidden/Simulation/URP/Synthetic' - All subshaders removed
WARNING: Shader Did you use #pragma only_renderers and omit this platform?
WARNING: Shader If subshaders removal was intentional, you may have forgotten turning Fallback off?
WARNING: Shader Unsupported: 'Hidden/Simulation/Synthetic Lit' - All subshaders removed
WARNING: Shader Did you use #pragma only_renderers and omit this platform?
WARNING: Shader If subshaders removal was intentional, you may have forgotten turning Fallback off?
WARNING: Shader Unsupported: 'Simulation/Standard Lit' - All subshaders removed
WARNING: Shader Did you use #pragma only_renderers and omit this platform?
WARNING: Shader If subshaders removal was intentional, you may have forgotten turning Fallback off?
WARNING: Shader Unsupported: 'Simulation/URP/Room X-Ray' - All subshaders removed
WARNING: Shader Did you use #pragma only_renderers and omit this platform?
WARNING: Shader If subshaders removal was intentional, you may have forgotten turning Fallback off?
WARNING: Shader Unsupported: 'Simulation/Room X-Ray' - All subshaders removed
WARNING: Shader Did you use #pragma only_renderers and omit this platform?
WARNING: Shader If subshaders removal was intentional, you may have forgotten turning Fallback off?
WARNING: Shader Unsupported: 'Simulation/URP/Lit' - All subshaders removed
WARNING: Shader Did you use #pragma only_renderers and omit this platform?
WARNING: Shader If subshaders removal was intentional, you may have forgotten turning Fallback off?
Refreshing native plugins compatible for Editor in 2.67 ms, found 1 plugins.
Unloading 28 Unused Serialized files (Serialized files now loaded: 0)
Unloading 30 unused Assets / (3.1 MB). Loaded Objects now: 6947.
Memory consumption went from 339.1 MB to 336.0 MB.
Total: 10.181100 ms (FindLiveObjects: 0.401000 ms CreateObjectMapping: 1.093300 ms MarkObjects: 7.209000 ms  DeleteObjects: 1.476300 ms)

Prepare: number of updated asset objects reloaded= 0
EnvironmentDependencyValues requested are different than current active one (requested -> active):
  graphicsApiMask: 2048 -> 264192
========================================================================
Received Prepare
AcceleratorClientConnectionCallback - disconnected - :0
WARNING: Shader Unsupported: 'Hidden/Simulation/URP/Synthetic' - All subshaders removed
WARNING: Shader Did you use #pragma only_renderers and omit this platform?
WARNING: Shader If subshaders removal was intentional, you may have forgotten turning Fallback off?
WARNING: Shader Unsupported: 'Hidden/Simulation/Synthetic Lit' - All subshaders removed
WARNING: Shader Did you use #pragma only_renderers and omit this platform?
WARNING: Shader If subshaders removal was intentional, you may have forgotten turning Fallback off?
WARNING: Shader Unsupported: 'Simulation/Standard Lit' - All subshaders removed
WARNING: Shader Did you use #pragma only_renderers and omit this platform?
WARNING: Shader If subshaders removal was intentional, you may have forgotten turning Fallback off?
WARNING: Shader Unsupported: 'Simulation/URP/Room X-Ray' - All subshaders removed
WARNING: Shader Did you use #pragma only_renderers and omit this platform?
WARNING: Shader If subshaders removal was intentional, you may have forgotten turning Fallback off?
WARNING: Shader Unsupported: 'Simulation/Room X-Ray' - All subshaders removed
WARNING: Shader Did you use #pragma only_renderers and omit this platform?
WARNING: Shader If subshaders removal was intentional, you may have forgotten turning Fallback off?
WARNING: Shader Unsupported: 'Simulation/URP/Lit' - All subshaders removed
WARNING: Shader Did you use #pragma only_renderers and omit this platform?
WARNING: Shader If subshaders removal was intentional, you may have forgotten turning Fallback off?
Refreshing native plugins compatible for Editor in 3.40 ms, found 1 plugins.
Unloading 30 Unused Serialized files (Serialized files now loaded: 0)
Unloading 30 unused Assets / (3.1 MB). Loaded Objects now: 6947.
Memory consumption went from 339.8 MB to 336.7 MB.
Total: 86.692900 ms (FindLiveObjects: 4.778600 ms CreateObjectMapping: 2.703700 ms MarkObjects: 77.476800 ms  DeleteObjects: 1.731800 ms)

Prepare: number of updated asset objects reloaded= 0
EnvironmentDependencyValues requested are different than current active one (requested -> active):
  graphicsApiMask: 2048 -> 264192
Editor requested this worker to shutdown with reason: Editor is closing down
AcceleratorClientConnectionCallback - disconnected - :0
AssetImportWorker is now disconnected from the server
Process exiting
Exiting without the bug reporter. Application will terminate with return code 0