[Licensing::Module] Trying to connect to existing licensing client channel...
Built from '6000.5/staging' branch; Version is '6000.5.1f1 (0d9463e84828) revision 889955'; Using compiler version '194234433'; Build Type 'Release'
[Licensing::IpcConnector] Successfully connected to: "LicenseClient-rober" at "2026-08-22T02:54:36.0548228Z"
OS: 'Windows 11  (10.0.26200) CoreSingleLanguage' Language: 'es' Physical Memory: 16122 MB
BatchMode: 1, IsHumanControllingUs: 0, StartBugReporterOnCrash: 0, Is64bit: 1
System  architecture: x64
Process architecture: x64
Date: 2026-08-22T02:54:36Z

COMMAND LINE ARGUMENTS:
C:\Program Files\Unity\Hub\Editor\6000.5.1f1\Editor\Unity.exe
-adb2
-batchMode
-noUpm
-name
AssetImportWorkerHW4
-projectPath
C:/Users/rober/Desktop/Ar_cell_Biology
-logFile
Logs/AssetImportWorkerHW4.log
-srvPort
50340
-parentPid
67016
-analyticsCloudUserId
6270692
-analyticsCloudProjectId
15e2d8f2-0020-44be-a4c6-b4cdad778e85
-analyticsLocalProjectId
269634fe035034242b7349638f26fa7b
-noDiagnosticSwitchPersistentStore
-job-worker-count
5
-background-job-worker-count
8
-asset-garbage-collectors
1
-force-d3d12
-name
AssetImport
Successfully changed project path to: C:/Users/rober/Desktop/Ar_cell_Biology
C:/Users/rober/Desktop/Ar_cell_Biology
[UnityMemory] Configuration Parameters - Can be set up in boot.config
    "memorysetup-temp-allocator-size-gi-baking-worker=262144"
    "memorysetup-temp-allocator-size-gi-baking-worker=262144"
    "memorysetup-temp-allocator-size-gi-baking-worker=262144"
    "memorysetup-temp-allocator-size-gi-baking-worker=262144"
    "memorysetup-temp-allocator-size-gi-baking-worker=262144"
    "memorysetup-temp-allocator-size-nav-mesh-worker=65536"
    "memorysetup-temp-allocator-size-audio-worker=65536"
    "memorysetup-temp-allocator-size-cloud-worker=32768"
    "memorysetup-temp-allocator-size-gfx=262144"
    "memorysetup-temp-allocator-size-preload-manager=33554432"
    "memorysetup-allocator-temp-initial-block-size-main=262144"
    "memorysetup-allocator-temp-initial-block-size-worker=262144"
    "memorysetup-temp-allocator-size-job-worker=262144"
    "memorysetup-temp-allocator-size-background-worker=32768"
    "memorysetup-bucket-allocator-granularity=16"
    "memorysetup-bucket-allocator-bucket-count=8"
    "memorysetup-bucket-allocator-block-size=33554432"
    "memorysetup-bucket-allocator-block-count=8"
    "memorysetup-main-allocator-block-size=16777216"
    "memorysetup-thread-allocator-block-size=16777216"
    "memorysetup-main-allocator-mimalloc-enabled=0"
    "memorysetup-gfx-main-allocator-block-size=16777216"
    "memorysetup-gfx-thread-allocator-block-size=16777216"
    "memorysetup-cache-allocator-block-size=4194304"
    "memorysetup-typetree-allocator-block-size=2097152"
    "memorysetup-profiler-bucket-allocator-granularity=16"
    "memorysetup-profiler-bucket-allocator-bucket-count=8"
    "memorysetup-profiler-bucket-allocator-block-size=33554432"
    "memorysetup-profiler-bucket-allocator-block-count=8"
    "memorysetup-profiler-allocator-block-size=16777216"
    "memorysetup-profiler-editor-allocator-block-size=1048576"
    "memorysetup-temp-allocator-size-main=16777216"
    "memorysetup-job-temp-allocator-block-size=2097152"
    "memorysetup-job-temp-allocator-block-size-background=1048576"
    "memorysetup-job-temp-allocator-reduction-small-platforms=262144"
Player connection [53500]  Target information:

Player connection [53500]  * "[IP] 192.168.226.1 [Port] 0 [Flags] 2 [Guid] 151658017 [EditorId] 151658017 [Version] 1048832 [Id] WindowsEditor(7,RobertoIbarra) [Debug] 1 [PackageName] WindowsEditor [ProjectName] Editor" 

Player connection [53500]  * "[IP] 192.168.116.1 [Port] 0 [Flags] 2 [Guid] 151658017 [EditorId] 151658017 [Version] 1048832 [Id] WindowsEditor(7,RobertoIbarra) [Debug] 1 [PackageName] WindowsEditor [ProjectName] Editor" 

Player connection [53500]  * "[IP] 192.168.0.7 [Port] 0 [Flags] 2 [Guid] 151658017 [EditorId] 151658017 [Version] 1048832 [Id] WindowsEditor(7,RobertoIbarra) [Debug] 1 [PackageName] WindowsEditor [ProjectName] Editor" 

Player connection [53500] Host joined multi-casting on [225.0.0.222:54997]...
Player connection [53500] Host joined alternative multi-casting on [225.0.0.222:34997]...
JobSystem: Creating JobQueue using job-worker-count value 5
Input System module state changed to: Initialized.
[Physics::Module] Initialized fallback backend.
[Physics::Module] Id: 0xdecafbad
Library Redirect Path: Library/
[Physics::Module] Selected backend.
[Physics::Module] Name: PhysX
[Physics::Module] Id: 0xf2b8ea05
[Physics::Module] SDK Version: 4.1.2
[Physics::Module] Integration Version: 1.0.0
[Physics::Module] Threading Mode: Multi-Threaded
[Licensing::Module] Licensing is not yet initialized.
[Licensing::Client] Error: HandshakeResponse reported an error:
	ResponseCode: 505
	ResponseStatus: Unsupported protocol version '1.18.1'.
[Licensing::Module] Error: Failed to handshake to channel: "LicenseClient-rober"
[Licensing::IpcConnector] LicenseClient-rober channel disconnected successfully.
[Licensing::IpcConnector] Successfully connected to: "LicenseClient-rober-6000.5.1" at "2026-08-22T02:54:37.985122Z"
[Licensing::Client] Code 10 while verifying Licensing Client signature (process Id: 69904, path: "C:/Program Files/Unity/Hub/Editor/6000.5.1f1/Editor/Data/Resources/Licensing/Client/Unity.Licensing.Client.exe")
[Licensing::Module] LicensingClient has failed validation; ignoring
[Licensing::Client] Handshaking with LicensingClient:
  Version:                 1.18.1+9fbee8e
  Session Id:              4555ef827f6841b3974b5bd064d78361
  Correlation Id:          61f7f324c6514dda56035b382e3136c2
  External correlation Id: 5799339444950959227
  Machine Id:              1mxoM6Mezk2x6sLyBUW8j02zMN8=
[Licensing::Module] Successfully connected to LicensingClient on channel: "LicenseClient-rober-6000.5.1" (connect: 0.00s, validation: 0.00s, handshake: 0.02s)
[Licensing::IpcConnector] Successfully connected to: "LicenseClient-rober-6000.5.1-notifications" at "2026-08-22T02:54:38.004983Z"
[Licensing::Module] Licensing Background thread has ended after 1.95s
[Licensing::Module] Licensing is initialized (took 1.43s).
[Licensing::Client] Successfully resolved entitlement details
[Licensing::Module] License group:
  Id: 6270692-UnityPersXXXX
  Product: Unity Personal
  Type: Assigned
  Expiration: Unlimited
Refreshing native plugins compatible for Editor in 8.83 ms, found 1 plugins.
Initialize engine version: 6000.5.1f1 (0d9463e84828)
[Subsystems] Discovering subsystems at path C:/Program Files/Unity/Hub/Editor/6000.5.1f1/Editor/Data/Resources/UnitySubsystems
[Subsystems] Discovering subsystems at path C:/Users/rober/Desktop/Ar_cell_Biology/Assets
Forcing GfxDevice: Direct3D 12
GfxDevice: creating device client; kGfxThreadingModeNonThreaded
d3d12: failed to query info queue interface (0x80004002).
Direct3D:
    Version:         Direct3D 12 [level 12.2]
    Renderer:        NVIDIA GeForce RTX 3050 Laptop GPU (ID=0x25a2)
    Vendor:          NVIDIA
    VRAM:            3962 MB
    App VRAM Budget: 3367 MB
    Driver:          32.0.16.1047
Initialize mono
Mono path[0] = 'C:/Program Files/Unity/Hub/Editor/6000.5.1f1/Editor/Data/Managed'
Mono path[1] = 'C:/Program Files/Unity/Hub/Editor/6000.5.1f1/Editor/Data/BCLExtensions/runtime/netstandard2.1'
Mono path[2] = 'C:/Program Files/Unity/Hub/Editor/6000.5.1f1/Editor/Data/MonoBleedingEdge/lib/mono/unityjit-win32'
Mono config path = 'C:/Program Files/Unity/Hub/Editor/6000.5.1f1/Editor/Data/MonoBleedingEdge/etc'
Using monoOptions --debugger-agent=transport=dt_socket,embedding=1,server=y,suspend=n,address=127.0.0.1:56664
CodeReloadManager initialized
Begin MonoManager ReloadAssembly
Registering precompiled unity dll's ...
Register platform support module: C:/Program Files/Unity/Hub/Editor/6000.5.1f1/Editor/Data/PlaybackEngines/WebGLSupport/UnityEditor.WebGL.Extensions.dll
Register platform support module: C:/Program Files/Unity/Hub/Editor/6000.5.1f1/Editor/Data/PlaybackEngines/WindowsStandaloneSupport/UnityEditor.WindowsStandalone.Extensions.dll
Register platform support module: C:/Program Files/Unity/Hub/Editor/6000.5.1f1/Editor/Data/PlaybackEngines/AndroidPlayer/UnityEditor.Android.Extensions.dll
Registered in 0.007656 seconds.
Native extension for Android target not found
Native extension for WindowsStandalone target not found
Native extension for WebGL target not found
Package Manager log level set to [2]
[Package Manager] Failed to launch server process. Reason: Unity was launched with the -noUpm command-line argument
[Package Manager] Unable to send message (not connected to server process).
[Package Manager] Cannot connect to Unity Package Manager local server
ScheduleIndexationOnStartup MainProcess:False IndexOnStartup:True
Mono: successfully reloaded assembly
- Finished resetting the current domain, in  0.867 seconds
Domain Reload Profiling: 2076ms
	BeginReloadAssembly (273ms)
	RebuildCommonClasses (12ms)
	RebuildNativeTypeToScriptingClass (42ms)
	initialDomainReloadingComplete (182ms)
	LoadAllAssembliesAndSetupDomain (696ms)
		LoadAssemblies (266ms)
		AnalyzeDomain (513ms)
			TypeCache.Refresh (510ms)
				TypeCache.ScanAssembly (473ms)
	FinalizeReload (871ms)
		SetupLoadedEditorAssemblies (0ms)
			InitializePlatformSupportModulesInManaged (20ms)
			BeforeProcessingInitializeOnLoad (215ms)
			ProcessInitializeOnLoadAttributes (244ms)
			ProcessInitializeOnLoadMethodAttributes (230ms)
Initializing Unity extensions:
[Licensing::Client] Successfully resolved entitlement details
========================================================================
Worker process is ready to serve import requests
Import Worker Mode flag is 0x00
Begin MonoManager ReloadAssembly
Refreshing native plugins compatible for Editor in 2.60 ms, found 1 plugins.
Native extension for Android target not found
Native extension for WindowsStandalone target not found
Native extension for WebGL target not found
[Package Manager] Failed to launch server process. Reason: Unity was launched with the -noUpm command-line argument
[Package Manager] Unable to send message (not connected to server process).
[Package Manager] Cannot connect to Unity Package Manager local server
[Package Manager] Failed to launch server process. Reason: Unity was launched with the -noUpm command-line argument
[Package Manager] Unable to send message (not connected to server process).
[Package Manager] Cannot connect to Unity Package Manager local server
ScheduleIndexationOnStartup MainProcess:False IndexOnStartup:True
Mono: successfully reloaded assembly
[Package Manager] Failed to launch server process. Reason: Unity was launched with the -noUpm command-line argument
[Package Manager] Unable to send message (not connected to server process).
[Package Manager] Cannot connect to Unity Package Manager local server
[Package Manager] Failed to launch server process. Reason: Unity was launched with the -noUpm command-line argument
[Package Manager] Unable to send message (not connected to server process).
[Package Manager] Cannot connect to Unity Package Manager local server
- Finished resetting the current domain, in  1.011 seconds
Domain Reload Profiling: 3055ms
	BeginReloadAssembly (500ms)
		DisableScriptedObjects (12ms)
		CreateAndSetChildDomain (137ms)
	RebuildCommonClasses (16ms)
	RebuildNativeTypeToScriptingClass (35ms)
	initialDomainReloadingComplete (110ms)
	LoadAllAssembliesAndSetupDomain (1383ms)
		LoadAssemblies (675ms)
		AnalyzeDomain (702ms)
			TypeCache.Refresh (505ms)
				TypeCache.ScanAssembly (461ms)
			BuildScriptInfoCaches (169ms)
			ResolveRequiredComponents (20ms)
	FinalizeReload (1012ms)
		SetupLoadedEditorAssemblies (0ms)
			InitializePlatformSupportModulesInManaged (10ms)
			BeforeProcessingInitializeOnLoad (102ms)
			ProcessInitializeOnLoadAttributes (377ms)
			ProcessInitializeOnLoadMethodAttributes (183ms)
			AfterProcessingInitializeOnLoad (8ms)
		AwakeInstancesAfterBackupRestoration (3ms)
AcceleratorClientConnectionCallback - disconnected - :0
WARNING: Shader Unsupported: 'Hidden/Simulation/URP/Synthetic' - All subshaders removed
WARNING: Shader Did you use #pragma only_renderers and omit this platform?
WARNING: Shader If subshaders removal was intentional, you may have forgotten turning Fallback off?
WARNING: Shader Unsupported: 'Hidden/Simulation/Synthetic Lit' - All subshaders removed
WARNING: Shader Did you use #pragma only_renderers and omit this platform?
WARNING: Shader If subshaders removal was intentional, you may have forgotten turning Fallback off?
WARNING: Shader Unsupported: 'Simulation/Standard Lit' - All subshaders removed
WARNING: Shader Did you use #pragma only_renderers and omit this platform?
WARNING: Shader If subshaders removal was intentional, you may have forgotten turning Fallback off?
WARNING: Shader Unsupported: 'Simulation/URP/Room X-Ray' - All subshaders removed
WARNING: Shader Did you use #pragma only_renderers and omit this platform?
WARNING: Shader If subshaders removal was intentional, you may have forgotten turning Fallback off?
WARNING: Shader Unsupported: 'Simulation/Room X-Ray' - All subshaders removed
WARNING: Shader Did you use #pragma only_renderers and omit this platform?
WARNING: Shader If subshaders removal was intentional, you may have forgotten turning Fallback off?
WARNING: Shader Unsupported: 'Simulation/URP/Lit' - All subshaders removed
WARNING: Shader Did you use #pragma only_renderers and omit this platform?
WARNING: Shader If subshaders removal was intentional, you may have forgotten turning Fallback off?
Launched and connected shader compiler UnityShaderCompiler.exe after 0.02 seconds
Refreshing native plugins compatible for Editor in 3.12 ms, found 1 plugins.
Unloading 30 Unused Serialized files (Serialized files now loaded: 0)
Curl error 3: URL rejected: Malformed input to a URL function
Unloading 5955 unused Assets / (9.7 MB). Loaded Objects now: 6838.
Memory consumption went from 312.6 MB to 302.9 MB.
Total: 13.101800 ms (FindLiveObjects: 0.758500 ms CreateObjectMapping: 2.572000 ms MarkObjects: 4.816300 ms  DeleteObjects: 4.952300 ms)

========================================================================
Received Prepare
AcceleratorClientConnectionCallback - disconnected - :0
WARNING: Shader Unsupported: 'Hidden/Simulation/URP/Synthetic' - All subshaders removed
WARNING: Shader Did you use #pragma only_renderers and omit this platform?
WARNING: Shader If subshaders removal was intentional, you may have forgotten turning Fallback off?
WARNING: Shader Unsupported: 'Hidden/Simulation/Synthetic Lit' - All subshaders removed
WARNING: Shader Did you use #pragma only_renderers and omit this platform?
WARNING: Shader If subshaders removal was intentional, you may have forgotten turning Fallback off?
WARNING: Shader Unsupported: 'Simulation/Standard Lit' - All subshaders removed
WARNING: Shader Did you use #pragma only_renderers and omit this platform?
WARNING: Shader If subshaders removal was intentional, you may have forgotten turning Fallback off?
WARNING: Shader Unsupported: 'Simulation/URP/Room X-Ray' - All subshaders removed
WARNING: Shader Did you use #pragma only_renderers and omit this platform?
WARNING: Shader If subshaders removal was intentional, you may have forgotten turning Fallback off?
WARNING: Shader Unsupported: 'Simulation/Room X-Ray' - All subshaders removed
WARNING: Shader Did you use #pragma only_renderers and omit this platform?
WARNING: Shader If subshaders removal was intentional, you may have forgotten turning Fallback off?
WARNING: Shader Unsupported: 'Simulation/URP/Lit' - All subshaders removed
WARNING: Shader Did you use #pragma only_renderers and omit this platform?
WARNING: Shader If subshaders removal was intentional, you may have forgotten turning Fallback off?
Refreshing native plugins compatible for Editor in 2.49 ms, found 1 plugins.
Unloading 30 Unused Serialized files (Serialized files now loaded: 0)
Unloading 5946 unused Assets / (6.6 MB). Loaded Objects now: 6833.
Memory consumption went from 308.6 MB to 302.0 MB.
Total: 11.232700 ms (FindLiveObjects: 0.817600 ms CreateObjectMapping: 2.393800 ms MarkObjects: 4.770100 ms  DeleteObjects: 3.249600 ms)

Prepare: number of updated asset objects reloaded= 0
EnvironmentDependencyValues requested are different than current active one (requested -> active):
  graphicsApiMask: 2048 -> 264192
========================================================================
Received Prepare
AcceleratorClientConnectionCallback - disconnected - :0
Begin MonoManager ReloadAssembly
Refreshing native plugins compatible for Editor in 2.26 ms, found 1 plugins.
Native extension for Android target not found
Native extension for WindowsStandalone target not found
Native extension for WebGL target not found
[Package Manager] Failed to launch server process. Reason: Unity was launched with the -noUpm command-line argument
[Package Manager] Unable to send message (not connected to server process).
[Package Manager] Cannot connect to Unity Package Manager local server
[Package Manager] Failed to launch server process. Reason: Unity was launched with the -noUpm command-line argument
[Package Manager] Unable to send message (not connected to server process).
[Package Manager] Cannot connect to Unity Package Manager local server
ScheduleIndexationOnStartup MainProcess:False IndexOnStartup:True
Mono: successfully reloaded assembly
[Package Manager] Failed to launch server process. Reason: Unity was launched with the -noUpm command-line argument
[Package Manager] Unable to send message (not connected to server process).
[Package Manager] Cannot connect to Unity Package Manager local server
- Finished resetting the current domain, in  0.908 seconds
Domain Reload Profiling: 2074ms
	BeginReloadAssembly (350ms)
		DisableScriptedObjects (9ms)
		CreateAndSetChildDomain (63ms)
	RebuildCommonClasses (13ms)
	RebuildNativeTypeToScriptingClass (19ms)
	initialDomainReloadingComplete (84ms)
	LoadAllAssembliesAndSetupDomain (698ms)
		LoadAssemblies (413ms)
		AnalyzeDomain (229ms)
			TypeCache.Refresh (18ms)
			BuildScriptInfoCaches (199ms)
			ResolveRequiredComponents (9ms)
	FinalizeReload (910ms)
		SetupLoadedEditorAssemblies (0ms)
			InitializePlatformSupportModulesInManaged (10ms)
			BeforeProcessingInitializeOnLoad (88ms)
			ProcessInitializeOnLoadAttributes (219ms)
			ProcessInitializeOnLoadMethodAttributes (196ms)
			AfterProcessingInitializeOnLoad (9ms)
		AwakeInstancesAfterBackupRestoration (27ms)
WARNING: Shader Unsupported: 'Hidden/Simulation/URP/Synthetic' - All subshaders removed
WARNING: Shader Did you use #pragma only_renderers and omit this platform?
WARNING: Shader If subshaders removal was intentional, you may have forgotten turning Fallback off?
WARNING: Shader Unsupported: 'Hidden/Simulation/Synthetic Lit' - All subshaders removed
WARNING: Shader Did you use #pragma only_renderers and omit this platform?
WARNING: Shader If subshaders removal was intentional, you may have forgotten turning Fallback off?
WARNING: Shader Unsupported: 'Simulation/Standard Lit' - All subshaders removed
WARNING: Shader Did you use #pragma only_renderers and omit this platform?
WARNING: Shader If subshaders removal was intentional, you may have forgotten turning Fallback off?
WARNING: Shader Unsupported: 'Simulation/URP/Room X-Ray' - All subshaders removed
WARNING: Shader Did you use #pragma only_renderers and omit this platform?
WARNING: Shader If subshaders removal was intentional, you may have forgotten turning Fallback off?
WARNING: Shader Unsupported: 'Simulation/Room X-Ray' - All subshaders removed
WARNING: Shader Did you use #pragma only_renderers and omit this platform?
WARNING: Shader If subshaders removal was intentional, you may have forgotten turning Fallback off?
WARNING: Shader Unsupported: 'Simulation/URP/Lit' - All subshaders removed
WARNING: Shader Did you use #pragma only_renderers and omit this platform?
WARNING: Shader If subshaders removal was intentional, you may have forgotten turning Fallback off?
Refreshing native plugins compatible for Editor in 2.47 ms, found 1 plugins.
Unloading 30 Unused Serialized files (Serialized files now loaded: 0)
Unloading 5954 unused Assets / (6.7 MB). Loaded Objects now: 6883.
Memory consumption went from 319.0 MB to 312.3 MB.
Total: 11.672200 ms (FindLiveObjects: 0.696900 ms CreateObjectMapping: 2.347100 ms MarkObjects: 4.864700 ms  DeleteObjects: 3.762300 ms)

Prepare: number of updated asset objects reloaded= 0
EnvironmentDependencyValues requested are different than current active one (requested -> active):
  graphicsApiMask: 2048 -> 264192
========================================================================
Received Import Request.
  Time of request: 2026-08-22T02:55:03.4737274Z
  Time since last request: 843746.89155940001365 seconds.
  importAddress: GUID: 0fc6a4958fe6678469727c9f3e135bcf - Path: Assets/Scripts/CellTouchController.cs - Importer: PreviewImporter
Importing 'GUID: 0fc6a4958fe6678469727c9f3e135bcf - Path: Assets/Scripts/CellTouchController.cs - Importer: PreviewImporter' with importer (PreviewImporter)
Imported 'GUID: 0fc6a4958fe6678469727c9f3e135bcf' -> (Import Result ID: 'a251026d8c0365df699fbc0bddbf2bd3') in 0.010 seconds [static and dynamic dependencies]. Details - ImportResultOutputID=48cfab8d9c4e413dfdfa33751ea125ed DependenciesID=6d78d4d760a7807d729b264bd6ff8174 StaticDependenciesID=6f1b6c33632e70bcf8da03e9838ca977 
Number of updated asset objects reloaded before import = 0
Number of asset objects unloaded after import = 0
========================================================================
Received Prepare
AcceleratorClientConnectionCallback - disconnected - :0
Begin MonoManager ReloadAssembly
Refreshing native plugins compatible for Editor in 3.38 ms, found 1 plugins.
Native extension for Android target not found
Native extension for WindowsStandalone target not found
Native extension for WebGL target not found
[Package Manager] Failed to launch server process. Reason: Unity was launched with the -noUpm command-line argument
[Package Manager] Unable to send message (not connected to server process).
[Package Manager] Cannot connect to Unity Package Manager local server
[Package Manager] Failed to launch server process. Reason: Unity was launched with the -noUpm command-line argument
[Package Manager] Unable to send message (not connected to server process).
[Package Manager] Cannot connect to Unity Package Manager local server
ScheduleIndexationOnStartup MainProcess:False IndexOnStartup:True
Mono: successfully reloaded assembly
[Package Manager] Failed to launch server process. Reason: Unity was launched with the -noUpm command-line argument
[Package Manager] Unable to send message (not connected to server process).
[Package Manager] Cannot connect to Unity Package Manager local server
- Finished resetting the current domain, in  0.828 seconds
Domain Reload Profiling: 1949ms
	BeginReloadAssembly (295ms)
		DisableScriptedObjects (6ms)
		CreateAndSetChildDomain (60ms)
	RebuildCommonClasses (10ms)
	RebuildNativeTypeToScriptingClass (18ms)
	initialDomainReloadingComplete (71ms)
	LoadAllAssembliesAndSetupDomain (726ms)
		LoadAssemblies (399ms)
		AnalyzeDomain (302ms)
			TypeCache.Refresh (21ms)
			BuildScriptInfoCaches (265ms)
			ResolveRequiredComponents (12ms)
	FinalizeReload (829ms)
		SetupLoadedEditorAssemblies (0ms)
			InitializePlatformSupportModulesInManaged (13ms)
			BeforeProcessingInitializeOnLoad (101ms)
			ProcessInitializeOnLoadAttributes (197ms)
			ProcessInitializeOnLoadMethodAttributes (226ms)
			AfterProcessingInitializeOnLoad (9ms)
		AwakeInstancesAfterBackupRestoration (29ms)
WARNING: Shader Unsupported: 'Hidden/Simulation/URP/Synthetic' - All subshaders removed
WARNING: Shader Did you use #pragma only_renderers and omit this platform?
WARNING: Shader If subshaders removal was intentional, you may have forgotten turning Fallback off?
WARNING: Shader Unsupported: 'Hidden/Simulation/Synthetic Lit' - All subshaders removed
WARNING: Shader Did you use #pragma only_renderers and omit this platform?
WARNING: Shader If subshaders removal was intentional, you may have forgotten turning Fallback off?
WARNING: Shader Unsupported: 'Simulation/Standard Lit' - All subshaders removed
WARNING: Shader Did you use #pragma only_renderers and omit this platform?
WARNING: Shader If subshaders removal was intentional, you may have forgotten turning Fallback off?
WARNING: Shader Unsupported: 'Simulation/URP/Room X-Ray' - All subshaders removed
WARNING: Shader Did you use #pragma only_renderers and omit this platform?
WARNING: Shader If subshaders removal was intentional, you may have forgotten turning Fallback off?
WARNING: Shader Unsupported: 'Simulation/Room X-Ray' - All subshaders removed
WARNING: Shader Did you use #pragma only_renderers and omit this platform?
WARNING: Shader If subshaders removal was intentional, you may have forgotten turning Fallback off?
WARNING: Shader Unsupported: 'Simulation/URP/Lit' - All subshaders removed
WARNING: Shader Did you use #pragma only_renderers and omit this platform?
WARNING: Shader If subshaders removal was intentional, you may have forgotten turning Fallback off?
Refreshing native plugins compatible for Editor in 3.84 ms, found 1 plugins.
Unloading 30 Unused Serialized files (Serialized files now loaded: 0)
Unloading 5954 unused Assets / (6.4 MB). Loaded Objects now: 6887.
Memory consumption went from 318.0 MB to 311.6 MB.
Total: 12.426200 ms (FindLiveObjects: 0.765800 ms CreateObjectMapping: 2.680800 ms MarkObjects: 5.040100 ms  DeleteObjects: 3.938100 ms)

Prepare: number of updated asset objects reloaded= 0
EnvironmentDependencyValues requested are different than current active one (requested -> active):
  graphicsApiMask: 2048 -> 264192
========================================================================
Received Import Request.
  Time of request: 2026-08-22T03:23:57.8725199Z
  Time since last request: 1734.36380529999997 seconds.
  importAddress: GUID: 0fc6a4958fe6678469727c9f3e135bcf - Path: Assets/Scripts/CellTouchController.cs - Importer: ScriptedImporter/UnityEditor.QuickSearchModule:UnityEditor.Search:ASIAI0B
Importing 'GUID: 0fc6a4958fe6678469727c9f3e135bcf - Path: Assets/Scripts/CellTouchController.cs - Importer: ScriptedImporter/UnityEditor.QuickSearchModule:UnityEditor.Search:ASIAI0B' with importer (ScriptedImporter : UnityEditor.QuickSearchModule:UnityEditor.Search:ASIAI0B)
Imported 'GUID: 0fc6a4958fe6678469727c9f3e135bcf' -> (Import Result ID: 'dcdca35899c5af4d8a9596ad490c4e78') in 0.118 seconds [static and dynamic dependencies]. Details - ImportResultOutputID=7ab2b4297fdc730081b9a020ff859b33 DependenciesID=9fc36b28b375eba0b9414f45d72d606f StaticDependenciesID=7412df9110d0367bc13b825b557aa8a6 
Number of updated asset objects reloaded before import = 0
Number of asset objects unloaded after import = 0
========================================================================
Received Import Request.
  Time of request: 2026-08-22T03:23:58.4459644Z
  Time since last request: 0.4345316 seconds.
  importAddress: GUID: 68e5bb6e60bebc046b26d3c3100a523b - Path: Packages/com.unity.render-pipelines.universal/Editor/2D/Resources/InspectorIcons/FreeformLight.png - Importer: ScriptedImporter/UnityEditor.QuickSearchModule:UnityEditor.Search:ASIAI0B
Importing 'GUID: 68e5bb6e60bebc046b26d3c3100a523b - Path: Packages/com.unity.render-pipelines.universal/Editor/2D/Resources/InspectorIcons/FreeformLight.png - Importer: ScriptedImporter/UnityEditor.QuickSearchModule:UnityEditor.Search:ASIAI0B' with importer (ScriptedImporter : UnityEditor.QuickSearchModule:UnityEditor.Search:ASIAI0B)
[Licensing::Client] Successfully resolved entitlement details
Imported 'GUID: 68e5bb6e60bebc046b26d3c3100a523b' -> (Import Result ID: '85b58d20da26b138c56425781b5d9fc1') in 0.088 seconds [static and dynamic dependencies]. Details - ImportResultOutputID=1d9ea05b12aafe0022a3be962acf3ed9 DependenciesID=610a65193b97a165797febc88594c27f StaticDependenciesID=2f6a5350c0cb5d74a5af8d305733e9aa 
Number of updated asset objects reloaded before import = 0
Number of asset objects unloaded after import = 1
========================================================================
Received Import Request.
  Time of request: 2026-08-22T03:23:58.5506937Z
  Time since last request: 0.0009424 seconds.
  importAddress: GUID: 39ce338156d9f6b40b4702eb2d26d40d - Path: Packages/com.unity.render-pipelines.universal/Editor/2D/ShaderGraph/Includes/SpriteNormalPass.hlsl - Importer: ScriptedImporter/UnityEditor.QuickSearchModule:UnityEditor.Search:ASIAI0B
Importing 'GUID: 39ce338156d9f6b40b4702eb2d26d40d - Path: Packages/com.unity.render-pipelines.universal/Editor/2D/ShaderGraph/Includes/SpriteNormalPass.hlsl - Importer: ScriptedImporter/UnityEditor.QuickSearchModule:UnityEditor.Search:ASIAI0B' with importer (ScriptedImporter : UnityEditor.QuickSearchModule:UnityEditor.Search:ASIAI0B)
Imported 'GUID: 39ce338156d9f6b40b4702eb2d26d40d' -> (Import Result ID: 'fc800f595b460ac6f0811414e3477527') in 0.007 seconds [static and dynamic dependencies]. Details - ImportResultOutputID=1125358ac33085ca6079fd7e84fa5c55 DependenciesID=074822c1a38d09ed69507055e8154ad8 StaticDependenciesID=8d0f71ee6a414c6cb79909c6030ac476 
Number of updated asset objects reloaded before import = 0
Number of asset objects unloaded after import = 1
========================================================================
Received Import Request.
  Time of request: 2026-08-22T03:23:58.5787939Z
  Time since last request: 0.0007028 seconds.
  importAddress: GUID: b1d9d11b6a33b4b4e83c36bd926bbb77 - Path: Packages/com.unity.render-pipelines.universal/Editor/2D/ShaderGraph/AssetCallbacks/CreateSpriteUnlitShaderGraph.cs - Importer: ScriptedImporter/UnityEditor.QuickSearchModule:UnityEditor.Search:ASIAI0B
Importing 'GUID: b1d9d11b6a33b4b4e83c36bd926bbb77 - Path: Packages/com.unity.render-pipelines.universal/Editor/2D/ShaderGraph/AssetCallbacks/CreateSpriteUnlitShaderGraph.cs - Importer: ScriptedImporter/UnityEditor.QuickSearchModule:UnityEditor.Search:ASIAI0B' with importer (ScriptedImporter : UnityEditor.QuickSearchModule:UnityEditor.Search:ASIAI0B)
Imported 'GUID: b1d9d11b6a33b4b4e83c36bd926bbb77' -> (Import Result ID: 'a3a1e347d5e3db2213c6c098ffcedc48') in 0.005 seconds [static and dynamic dependencies]. Details - ImportResultOutputID=3d845f4038d1a2e10dfdf8055090c9e4 DependenciesID=b62cf0b5e51d610c143fe154dcfad679 StaticDependenciesID=990e75162bbfe73a19078caf0fee8d6b 
Number of updated asset objects reloaded before import = 0
Number of asset objects unloaded after import = 0
========================================================================
Received Import Request.
  Time of request: 2026-08-22T03:23:58.5997464Z
  Time since last request: 0.0015134 seconds.
  importAddress: GUID: bce3f62f3aca0994599f5113432c9136 - Path: Packages/com.unity.render-pipelines.universal/Editor/2D/ShaderGraph/Includes/MeshUnlitPass.hlsl - Importer: ScriptedImporter/UnityEditor.QuickSearchModule:UnityEditor.Search:ASIAI0B
Importing 'GUID: bce3f62f3aca0994599f5113432c9136 - Path: Packages/com.unity.render-pipelines.universal/Editor/2D/ShaderGraph/Includes/MeshUnlitPass.hlsl - Importer: ScriptedImporter/UnityEditor.QuickSearchModule:UnityEditor.Search:ASIAI0B' with importer (ScriptedImporter : UnityEditor.QuickSearchModule:UnityEditor.Search:ASIAI0B)
Imported 'GUID: bce3f62f3aca0994599f5113432c9136' -> (Import Result ID: 'eab8df37fd58768d7bb23c8230291338') in 0.011 seconds [static and dynamic dependencies]. Details - ImportResultOutputID=068486adcfecd05d7ddc1acfbd34a7f2 DependenciesID=7c64a286b70caf65bb708c41f3a7ac97 StaticDependenciesID=71a59891a5375bf30e7bd1a58ae8f4f1 
Number of updated asset objects reloaded before import = 0
Number of asset objects unloaded after import = 1
========================================================================
Received Import Request.
  Time of request: 2026-08-22T03:23:58.6285357Z
  Time since last request: 0.0005433 seconds.
  importAddress: GUID: c9bd74624d8070f429e3f46d161f9204 - Path: Packages/com.unity.render-pipelines.universal/Textures/BlueNoise16/L/LDR_LLL1_20.png - Importer: ScriptedImporter/UnityEditor.QuickSearchModule:UnityEditor.Search:ASIAI0B
Importing 'GUID: c9bd74624d8070f429e3f46d161f9204 - Path: Packages/com.unity.render-pipelines.universal/Textures/BlueNoise16/L/LDR_LLL1_20.png - Importer: ScriptedImporter/UnityEditor.QuickSearchModule:UnityEditor.Search:ASIAI0B' with importer (ScriptedImporter : UnityEditor.QuickSearchModule:UnityEditor.Search:ASIAI0B)
Imported 'GUID: c9bd74624d8070f429e3f46d161f9204' -> (Import Result ID: '160e3a674dcf5757c2bb930a8ddda49a') in 0.012 seconds [static and dynamic dependencies]. Details - ImportResultOutputID=a2d7c6fc0086fbcd1f8eb6413eb94746 DependenciesID=44f4a97172e950b4dae49be39f66ba27 StaticDependenciesID=96167ac00d845986da5dd77d49d10c64 
Number of updated asset objects reloaded before import = 0
Number of asset objects unloaded after import = 1
========================================================================
Received Import Request.
  Time of request: 2026-08-22T03:23:58.6596385Z
  Time since last request: 0.0006732 seconds.
  importAddress: GUID: ff47e5a0f105eb34883b973e51f4db62 - Path: Packages/com.unity.render-pipelines.universal/Textures/BlueNoise16/L/LDR_LLL1_28.png - Importer: ScriptedImporter/UnityEditor.QuickSearchModule:UnityEditor.Search:ASIAI0B
Importing 'GUID: ff47e5a0f105eb34883b973e51f4db62 - Path: Packages/com.unity.render-pipelines.universal/Textures/BlueNoise16/L/LDR_LLL1_28.png - Importer: ScriptedImporter/UnityEditor.QuickSearchModule:UnityEditor.Search:ASIAI0B' with importer (ScriptedImporter : UnityEditor.QuickSearchModule:UnityEditor.Search:ASIAI0B)
Imported 'GUID: ff47e5a0f105eb34883b973e51f4db62' -> (Import Result ID: '0b8c6a5eeb87b8a5be0fa2653a756512') in 0.011 seconds [static and dynamic dependencies]. Details - ImportResultOutputID=f0b68641f2fb93e4ab16d47554dbf9a5 DependenciesID=348298adddde26046eea04e46d758cea StaticDependenciesID=161cccde1b28562b62a72a6dbc8a9074 
Number of updated asset objects reloaded before import = 0
Number of asset objects unloaded after import = 1
========================================================================
Received Import Request.
  Time of request: 2026-08-22T03:23:58.6880352Z
  Time since last request: 0.0006785 seconds.
  importAddress: GUID: e1feb27120f96ae4ea48e922cbfd93da - Path: Packages/com.unity.render-pipelines.universal/Editor/2D/Resources/SceneViewIcons/PointLight.png - Importer: ScriptedImporter/UnityEditor.QuickSearchModule:UnityEditor.Search:ASIAI0B
Importing 'GUID: e1feb27120f96ae4ea48e922cbfd93da - Path: Packages/com.unity.render-pipelines.universal/Editor/2D/Resources/SceneViewIcons/PointLight.png - Importer: ScriptedImporter/UnityEditor.QuickSearchModule:UnityEditor.Search:ASIAI0B' with importer (ScriptedImporter : UnityEditor.QuickSearchModule:UnityEditor.Search:ASIAI0B)
Imported 'GUID: e1feb27120f96ae4ea48e922cbfd93da' -> (Import Result ID: 'f6fb13b52a280f429e7faee3a2fdeca9') in 0.018 seconds [static and dynamic dependencies]. Details - ImportResultOutputID=c7ab12792c0e2519539f26bb80637bb5 DependenciesID=1c8b9397eb03d1d858072aac6e8f362c StaticDependenciesID=f40edf56253cda80b675deb37a5838e1 
Number of updated asset objects reloaded before import = 0
Number of asset objects unloaded after import = 1
========================================================================
Received Import Request.
  Time of request: 2026-08-22T03:23:58.7243988Z
  Time since last request: 0.0012269 seconds.
  importAddress: GUID: 10b6c6d22e73dea46a8ab36b6eebd629 - Path: Packages/com.unity.render-pipelines.universal/Textures/BlueNoise16/L/LDR_LLL1_23.png - Importer: ScriptedImporter/UnityEditor.QuickSearchModule:UnityEditor.Search:ASIAI0B
Importing 'GUID: 10b6c6d22e73dea46a8ab36b6eebd629 - Path: Packages/com.unity.render-pipelines.universal/Textures/BlueNoise16/L/LDR_LLL1_23.png - Importer: ScriptedImporter/UnityEditor.QuickSearchModule:UnityEditor.Search:ASIAI0B' with importer (ScriptedImporter : UnityEditor.QuickSearchModule:UnityEditor.Search:ASIAI0B)
Imported 'GUID: 10b6c6d22e73dea46a8ab36b6eebd629' -> (Import Result ID: '9a82ecc87290b4a98893ade81a978657') in 0.013 seconds [static and dynamic dependencies]. Details - ImportResultOutputID=9be63f4f2c8e32847c51e9fbc5024dac DependenciesID=23825998777ce9c0e8114dd3ac0d5afe StaticDependenciesID=53ad2a0015e2bd95dd957dc9b7971568 
Number of updated asset objects reloaded before import = 0
Number of asset objects unloaded after import = 1
========================================================================
Received Import Request.
  Time of request: 2026-08-22T03:23:58.7573898Z
  Time since last request: 0.0014016 seconds.
  importAddress: GUID: e3d24661c1e055f45a7560c033dbb837 - Path: Packages/com.unity.render-pipelines.universal/Textures/BlueNoise64/L/LDR_LLL1_0.png - Importer: ScriptedImporter/UnityEditor.QuickSearchModule:UnityEditor.Search:ASIAI0B
Importing 'GUID: e3d24661c1e055f45a7560c033dbb837 - Path: Packages/com.unity.render-pipelines.universal/Textures/BlueNoise64/L/LDR_LLL1_0.png - Importer: ScriptedImporter/UnityEditor.QuickSearchModule:UnityEditor.Search:ASIAI0B' with importer (ScriptedImporter : UnityEditor.QuickSearchModule:UnityEditor.Search:ASIAI0B)
Imported 'GUID: e3d24661c1e055f45a7560c033dbb837' -> (Import Result ID: 'cd7022dc1b27dde198bf6ce5af6d72b7') in 0.011 seconds [static and dynamic dependencies]. Details - ImportResultOutputID=1ebcfec51eaab7ace7a14aaa1881fa45 DependenciesID=9d2603a6cb0a8685d115b65a2510599e StaticDependenciesID=19f518f31e9ff2eb475fa42309266001 
Number of updated asset objects reloaded before import = 0
Number of asset objects unloaded after import = 1
========================================================================
Received Import Request.
  Time of request: 2026-08-22T03:23:58.7853282Z
  Time since last request: 0.0004792 seconds.
  importAddress: GUID: ed7c0aacec26e9646b45c96fb318e5a3 - Path: Packages/com.unity.render-pipelines.universal/Editor/2D/ShaderGraph/Targets/UniversalSpriteUnlitSubTarget.cs - Importer: ScriptedImporter/UnityEditor.QuickSearchModule:UnityEditor.Search:ASIAI0B
Importing 'GUID: ed7c0aacec26e9646b45c96fb318e5a3 - Path: Packages/com.unity.render-pipelines.universal/Editor/2D/ShaderGraph/Targets/UniversalSpriteUnlitSubTarget.cs - Importer: ScriptedImporter/UnityEditor.QuickSearchModule:UnityEditor.Search:ASIAI0B' with importer (ScriptedImporter : UnityEditor.QuickSearchModule:UnityEditor.Search:ASIAI0B)
Imported 'GUID: ed7c0aacec26e9646b45c96fb318e5a3' -> (Import Result ID: '328fe19214d27b483f79c85f04d7588c') in 0.005 seconds [static and dynamic dependencies]. Details - ImportResultOutputID=8791883e9a0df046c955c78fae0cb7ed DependenciesID=9c17606f4c6693c36a23e7b3d9cbc88e StaticDependenciesID=0636226c69f4767217788ab373b46d51 
Number of updated asset objects reloaded before import = 0
Number of asset objects unloaded after import = 0
========================================================================
Received Import Request.
  Time of request: 2026-08-22T03:23:58.8099766Z
  Time since last request: 0.0013222 seconds.
  importAddress: GUID: 7f923c32ff8dfab40b5673135ddb6cd4 - Path: Packages/com.unity.render-pipelines.universal/Editor/2D/Resources/SceneViewIcons/GlobalLight.png - Importer: ScriptedImporter/UnityEditor.QuickSearchModule:UnityEditor.Search:ASIAI0B
Importing 'GUID: 7f923c32ff8dfab40b5673135ddb6cd4 - Path: Packages/com.unity.render-pipelines.universal/Editor/2D/Resources/SceneViewIcons/GlobalLight.png - Importer: ScriptedImporter/UnityEditor.QuickSearchModule:UnityEditor.Search:ASIAI0B' with importer (ScriptedImporter : UnityEditor.QuickSearchModule:UnityEditor.Search:ASIAI0B)
Imported 'GUID: 7f923c32ff8dfab40b5673135ddb6cd4' -> (Import Result ID: '24baa0ea9c9799b7733ea5c880a61eee') in 0.020 seconds [static and dynamic dependencies]. Details - ImportResultOutputID=f5b7f5f51147e15171bdb0d47bf1befd DependenciesID=875b390f836b88ab1936d22d23e23008 StaticDependenciesID=f31f434bd9b96e17fe627d86c94d0f38 
Number of updated asset objects reloaded before import = 0
Number of asset objects unloaded after import = 1
========================================================================
Received Import Request.
  Time of request: 2026-08-22T03:23:58.848281Z
  Time since last request: 0.0007594 seconds.
  importAddress: GUID: bde135b320597544b9ac325092409f8b - Path: Packages/com.unity.render-pipelines.universal/Editor/ShaderGraph/GraphTemplates/2D/0_2D Sprite Lit.shadergraph - Importer: ScriptedImporter/UnityEditor.QuickSearchModule:UnityEditor.Search:ASIAI0B
Importing 'GUID: bde135b320597544b9ac325092409f8b - Path: Packages/com.unity.render-pipelines.universal/Editor/ShaderGraph/GraphTemplates/2D/0_2D Sprite Lit.shadergraph - Importer: ScriptedImporter/UnityEditor.QuickSearchModule:UnityEditor.Search:ASIAI0B' with importer (ScriptedImporter : UnityEditor.QuickSearchModule:UnityEditor.Search:ASIAI0B)
Imported 'GUID: bde135b320597544b9ac325092409f8b' -> (Import Result ID: '293eeafa6c762c80ff99de795f820ced') in 0.108 seconds [static and dynamic dependencies]. Details - ImportResultOutputID=0501ed68f2eafbaa1a92226c71066424 DependenciesID=c3cc8f59b690a918fd398071f1422b1f StaticDependenciesID=e9f9b5081ca2c7cd0cb6837567ae0165 
Number of updated asset objects reloaded before import = 0
Number of asset objects unloaded after import = 5
========================================================================
Received Import Request.
  Time of request: 2026-08-22T03:23:58.9779223Z
  Time since last request: 0.0000291 seconds.
  importAddress: GUID: dc7283e53c0339a40adca7609d7985d7 - Path: Packages/com.unity.render-pipelines.universal/Editor/2D/ShaderGraph/AssetCallbacks/CreateSpriteLitShaderGraph.cs - Importer: ScriptedImporter/UnityEditor.QuickSearchModule:UnityEditor.Search:ASIAI0B
Importing 'GUID: dc7283e53c0339a40adca7609d7985d7 - Path: Packages/com.unity.render-pipelines.universal/Editor/2D/ShaderGraph/AssetCallbacks/CreateSpriteLitShaderGraph.cs - Importer: ScriptedImporter/UnityEditor.QuickSearchModule:UnityEditor.Search:ASIAI0B' with importer (ScriptedImporter : UnityEditor.QuickSearchModule:UnityEditor.Search:ASIAI0B)
Imported 'GUID: dc7283e53c0339a40adca7609d7985d7' -> (Import Result ID: '98ee6f41386d28ebe78f6791e2a8f066') in 0.010 seconds [static and dynamic dependencies]. Details - ImportResultOutputID=2514fd8d34ff81ddeb8159a378e0c803 DependenciesID=681085e69fccb24ed48fdc2a3bd73038 StaticDependenciesID=d170657eaece9b6cc1368bfdf05ed109 
Number of updated asset objects reloaded before import = 0
Number of asset objects unloaded after import = 0
========================================================================
Received Import Request.
  Time of request: 2026-08-22T03:23:59.0082727Z
  Time since last request: 0.0001833 seconds.
  importAddress: GUID: f69770e54f2823f43badf77916acad83 - Path: Packages/com.unity.render-pipelines.universal/Textures/BlueNoise16/L/LDR_LLL1_22.png - Importer: ScriptedImporter/UnityEditor.QuickSearchModule:UnityEditor.Search:ASIAI0B
Importing 'GUID: f69770e54f2823f43badf77916acad83 - Path: Packages/com.unity.render-pipelines.universal/Textures/BlueNoise16/L/LDR_LLL1_22.png - Importer: ScriptedImporter/UnityEditor.QuickSearchModule:UnityEditor.Search:ASIAI0B' with importer (ScriptedImporter : UnityEditor.QuickSearchModule:UnityEditor.Search:ASIAI0B)
Imported 'GUID: f69770e54f2823f43badf77916acad83' -> (Import Result ID: 'c2ea880bbef5f3b7b50904754201c457') in 0.016 seconds [static and dynamic dependencies]. Details - ImportResultOutputID=d4be6c6fc2840332660c5fcf7047ca06 DependenciesID=0ac614c0ebfb2e9a2e1410d152501a0e StaticDependenciesID=0c7b492e9b9be7b3a33918119d440730 
Number of updated asset objects reloaded before import = 0
Number of asset objects unloaded after import = 1
========================================================================
Received Import Request.
  Time of request: 2026-08-22T03:23:59.0503465Z
  Time since last request: 0.0005205 seconds.
  importAddress: GUID: c94ad916058dff743b0f1c969ddbe660 - Path: Packages/com.unity.render-pipelines.universal/Textures/BlueNoise16/L/LDR_LLL1_7.png - Importer: ScriptedImporter/UnityEditor.QuickSearchModule:UnityEditor.Search:ASIAI0B
Importing 'GUID: c94ad916058dff743b0f1c969ddbe660 - Path: Packages/com.unity.render-pipelines.universal/Textures/BlueNoise16/L/LDR_LLL1_7.png - Importer: ScriptedImporter/UnityEditor.QuickSearchModule:UnityEditor.Search:ASIAI0B' with importer (ScriptedImporter : UnityEditor.QuickSearchModule:UnityEditor.Search:ASIAI0B)
Imported 'GUID: c94ad916058dff743b0f1c969ddbe660' -> (Import Result ID: '2f5d5d9d0c36f10f029e2e2ef09519b0') in 0.012 seconds [static and dynamic dependencies]. Details - ImportResultOutputID=4edafee5b95b6016a16331dc6ebef2c7 DependenciesID=2ef7f213f027d3810a5c90edf9117931 StaticDependenciesID=3cfeeec73a90eb24e0965390702688f5 
Number of updated asset objects reloaded before import = 0
Number of asset objects unloaded after import = 1
========================================================================
Received Import Request.
  Time of request: 2026-08-22T03:23:59.08692Z
  Time since last request: 0.000798 seconds.
  importAddress: GUID: 78121747aa974234f94f7fda667dbbe1 - Path: Packages/com.unity.render-pipelines.universal/Editor/ShaderGraph/Includes/Terrain/DepthNormalsOnlyPass.hlsl - Importer: ScriptedImporter/UnityEditor.QuickSearchModule:UnityEditor.Search:ASIAI0B
Importing 'GUID: 78121747aa974234f94f7fda667dbbe1 - Path: Packages/com.unity.render-pipelines.universal/Editor/ShaderGraph/Includes/Terrain/DepthNormalsOnlyPass.hlsl - Importer: ScriptedImporter/UnityEditor.QuickSearchModule:UnityEditor.Search:ASIAI0B' with importer (ScriptedImporter : UnityEditor.QuickSearchModule:UnityEditor.Search:ASIAI0B)
Imported 'GUID: 78121747aa974234f94f7fda667dbbe1' -> (Import Result ID: '79cd126e0d710a648adb232e8175aa0e') in 0.006 seconds [static and dynamic dependencies]. Details - ImportResultOutputID=06e4f6261f7e84fb30c999bd8c7d093f DependenciesID=a7cfcc8ea5ace644279229b7095517a6 StaticDependenciesID=68ac70c6855e92bbb35fa290cb610937 
Number of updated asset objects reloaded before import = 0
Number of asset objects unloaded after import = 1
========================================================================
Received Import Request.
  Time of request: 2026-08-22T03:23:59.1176698Z
  Time since last request: 0.0005922 seconds.
  importAddress: GUID: a2ec5cbf5a9b64345ad3fab0912ddf7b - Path: Packages/com.unity.render-pipelines.universal/Textures/BlueNoise16/L/LDR_LLL1_24.png - Importer: ScriptedImporter/UnityEditor.QuickSearchModule:UnityEditor.Search:ASIAI0B
Importing 'GUID: a2ec5cbf5a9b64345ad3fab0912ddf7b - Path: Packages/com.unity.render-pipelines.universal/Textures/BlueNoise16/L/LDR_LLL1_24.png - Importer: ScriptedImporter/UnityEditor.QuickSearchModule:UnityEditor.Search:ASIAI0B' with importer (ScriptedImporter : UnityEditor.QuickSearchModule:UnityEditor.Search:ASIAI0B)
Imported 'GUID: a2ec5cbf5a9b64345ad3fab0912ddf7b' -> (Import Result ID: '95dd15c75b2f5503cc3addcfc3100b48') in 0.015 seconds [static and dynamic dependencies]. Details - ImportResultOutputID=18cc78748a1776353eda579961dae183 DependenciesID=dc80a2824d201b604177198df465227c StaticDependenciesID=a25ee3f85e35df39dd031e83f06e4458 
Number of updated asset objects reloaded before import = 0
Number of asset objects unloaded after import = 1
========================================================================
Received Import Request.
  Time of request: 2026-08-22T03:23:59.1611342Z
  Time since last request: 0.0007311 seconds.
  importAddress: GUID: c89564426827c76479d8772adb43e6e4 - Path: Packages/com.unity.render-pipelines.universal/Editor/2D/Resources/SceneViewIcons/FreeformLight.png - Importer: ScriptedImporter/UnityEditor.QuickSearchModule:UnityEditor.Search:ASIAI0B
Importing 'GUID: c89564426827c76479d8772adb43e6e4 - Path: Packages/com.unity.render-pipelines.universal/Editor/2D/Resources/SceneViewIcons/FreeformLight.png - Importer: ScriptedImporter/UnityEditor.QuickSearchModule:UnityEditor.Search:ASIAI0B' with importer (ScriptedImporter : UnityEditor.QuickSearchModule:UnityEditor.Search:ASIAI0B)
Imported 'GUID: c89564426827c76479d8772adb43e6e4' -> (Import Result ID: '1ec82aa93d6a27eb76787058895eeac7') in 0.033 seconds [static and dynamic dependencies]. Details - ImportResultOutputID=09f6636d653119c43062a9688e243074 DependenciesID=77d4b9d293cc75ebad02d8dc7e729285 StaticDependenciesID=129d5778c1787be3ead0b0c1d297836c 
Number of updated asset objects reloaded before import = 0
Number of asset objects unloaded after import = 1
========================================================================
Received Import Request.
  Time of request: 2026-08-22T03:23:59.2355531Z
  Time since last request: 0.0041817 seconds.
  importAddress: GUID: 19a7eabf161c29846b42f73a2965d39b - Path: Packages/com.unity.render-pipelines.universal/Editor/2D/ShaderGraph/Includes/Mesh2DLitPass.hlsl - Importer: ScriptedImporter/UnityEditor.QuickSearchModule:UnityEditor.Search:ASIAI0B
Importing 'GUID: 19a7eabf161c29846b42f73a2965d39b - Path: Packages/com.unity.render-pipelines.universal/Editor/2D/ShaderGraph/Includes/Mesh2DLitPass.hlsl - Importer: ScriptedImporter/UnityEditor.QuickSearchModule:UnityEditor.Search:ASIAI0B' with importer (ScriptedImporter : UnityEditor.QuickSearchModule:UnityEditor.Search:ASIAI0B)
Imported 'GUID: 19a7eabf161c29846b42f73a2965d39b' -> (Import Result ID: '7a33854f845509b92b9c4522b6439896') in 0.025 seconds [static and dynamic dependencies]. Details - ImportResultOutputID=5915b8a2a8e67c816c2ca744fc0e54f2 DependenciesID=860767b25669c891c578449146b5584d StaticDependenciesID=7e22c30ed6757894b39fa4e8d521208d 
Number of updated asset objects reloaded before import = 0
Number of asset objects unloaded after import = 1
========================================================================
Received Import Request.
  Time of request: 2026-08-22T03:23:59.3001898Z
  Time since last request: 0.0025765 seconds.
  importAddress: GUID: a8438a1564134e1fbb2669e697bee11f - Path: Packages/com.unity.render-pipelines.universal/Editor/2D/ShaderGraph/AssetCallbacks/CreateSpriteCustomLitShaderGraph.cs - Importer: ScriptedImporter/UnityEditor.QuickSearchModule:UnityEditor.Search:ASIAI0B
Importing 'GUID: a8438a1564134e1fbb2669e697bee11f - Path: Packages/com.unity.render-pipelines.universal/Editor/2D/ShaderGraph/AssetCallbacks/CreateSpriteCustomLitShaderGraph.cs - Importer: ScriptedImporter/UnityEditor.QuickSearchModule:UnityEditor.Search:ASIAI0B' with importer (ScriptedImporter : UnityEditor.QuickSearchModule:UnityEditor.Search:ASIAI0B)
Imported 'GUID: a8438a1564134e1fbb2669e697bee11f' -> (Import Result ID: 'b1d3b58ae276a22f2ec882d1324f25fa') in 0.010 seconds [static and dynamic dependencies]. Details - ImportResultOutputID=fb42a2efa4f3878a733cee447e0fefa7 DependenciesID=a213236635197c0af3a7a5cb1603b181 StaticDependenciesID=544e9adef31c4ef0dfda942132483452 
Number of updated asset objects reloaded before import = 0
Number of asset objects unloaded after import = 0
========================================================================
Received Import Request.
  Time of request: 2026-08-22T03:23:59.3379832Z
  Time since last request: 0.0005814 seconds.
  importAddress: GUID: a1be7992c1f7b0947bc2f9b045098f9e - Path: Packages/com.unity.render-pipelines.universal/Editor/ShaderGraph/GraphTemplates/2D/2DSpriteUnlitTemplateThumbnail.png - Importer: ScriptedImporter/UnityEditor.QuickSearchModule:UnityEditor.Search:ASIAI0B
Importing 'GUID: a1be7992c1f7b0947bc2f9b045098f9e - Path: Packages/com.unity.render-pipelines.universal/Editor/ShaderGraph/GraphTemplates/2D/2DSpriteUnlitTemplateThumbnail.png - Importer: ScriptedImporter/UnityEditor.QuickSearchModule:UnityEditor.Search:ASIAI0B' with importer (ScriptedImporter : UnityEditor.QuickSearchModule:UnityEditor.Search:ASIAI0B)
Imported 'GUID: a1be7992c1f7b0947bc2f9b045098f9e' -> (Import Result ID: '4bcca4dac31e15babd32d50ecea7902e') in 0.022 seconds [static and dynamic dependencies]. Details - ImportResultOutputID=0720b8782e73f914489e626b7e06c42e DependenciesID=6c50674dc40c1901801619ad1ecf80a7 StaticDependenciesID=8f450f8cfb18f53e5ba5eef224831117 
Number of updated asset objects reloaded before import = 0
Number of asset objects unloaded after import = 1
========================================================================
Received Import Request.
  Time of request: 2026-08-22T03:23:59.3935201Z
  Time since last request: 0.0005628 seconds.
  importAddress: GUID: 1c3c6d69a645b804fa232004b96b7ad3 - Path: Packages/com.unity.render-pipelines.universal/Textures/BlueNoise16/L/LDR_LLL1_25.png - Importer: ScriptedImporter/UnityEditor.QuickSearchModule:UnityEditor.Search:ASIAI0B
Importing 'GUID: 1c3c6d69a645b804fa232004b96b7ad3 - Path: Packages/com.unity.render-pipelines.universal/Textures/BlueNoise16/L/LDR_LLL1_25.png - Importer: ScriptedImporter/UnityEditor.QuickSearchModule:UnityEditor.Search:ASIAI0B' with importer (ScriptedImporter : UnityEditor.QuickSearchModule:UnityEditor.Search:ASIAI0B)
Imported 'GUID: 1c3c6d69a645b804fa232004b96b7ad3' -> (Import Result ID: '5dca7dc78435fc9d771033f8abcd7ae2') in 0.009 seconds [static and dynamic dependencies]. Details - ImportResultOutputID=55f6367b428873d0ed2d2f2e18dfee23 DependenciesID=50737336e17cb00c68bb6ee7dbb58d31 StaticDependenciesID=66812072860af9e5f700653fea3fc12f 
Number of updated asset objects reloaded before import = 0
Number of asset objects unloaded after import = 1
========================================================================
Received Import Request.
  Time of request: 2026-08-22T03:23:59.4227693Z
  Time since last request: 0.0005473 seconds.
  importAddress: GUID: de06e51a002915c43a237aa558ee66e7 - Path: Packages/com.unity.render-pipelines.universal/Editor/2D/ShaderGraph/Targets/UniversalMeshUnlitInfo.cs - Importer: ScriptedImporter/UnityEditor.QuickSearchModule:UnityEditor.Search:ASIAI0B
Importing 'GUID: de06e51a002915c43a237aa558ee66e7 - Path: Packages/com.unity.render-pipelines.universal/Editor/2D/ShaderGraph/Targets/UniversalMeshUnlitInfo.cs - Importer: ScriptedImporter/UnityEditor.QuickSearchModule:UnityEditor.Search:ASIAI0B' with importer (ScriptedImporter : UnityEditor.QuickSearchModule:UnityEditor.Search:ASIAI0B)
Imported 'GUID: de06e51a002915c43a237aa558ee66e7' -> (Import Result ID: '35722430760afce5c6f9d13a03c481ca') in 0.006 seconds [static and dynamic dependencies]. Details - ImportResultOutputID=2787ce3a21e84b6b2c0404eceb785ffb DependenciesID=fc886d63f900c4bca8f5710c22809eed StaticDependenciesID=725ba52fe3e99dd1ad73a035e60d9a63 
Number of updated asset objects reloaded before import = 0
Number of asset objects unloaded after import = 0
========================================================================
Received Import Request.
  Time of request: 2026-08-22T03:23:59.4467958Z
  Time since last request: 0.0005279 seconds.
  importAddress: GUID: d5c9b274310e5524ebe32a4e4da3df1f - Path: Packages/com.unity.render-pipelines.universal/Textures/BlueNoise16/L/LDR_LLL1_21.png - Importer: ScriptedImporter/UnityEditor.QuickSearchModule:UnityEditor.Search:ASIAI0B
Importing 'GUID: d5c9b274310e5524ebe32a4e4da3df1f - Path: Packages/com.unity.render-pipelines.universal/Textures/BlueNoise16/L/LDR_LLL1_21.png - Importer: ScriptedImporter/UnityEditor.QuickSearchModule:UnityEditor.Search:ASIAI0B' with importer (ScriptedImporter : UnityEditor.QuickSearchModule:UnityEditor.Search:ASIAI0B)
Imported 'GUID: d5c9b274310e5524ebe32a4e4da3df1f' -> (Import Result ID: 'c30d08d3504b657b4e79ad3b1e31225f') in 0.015 seconds [static and dynamic dependencies]. Details - ImportResultOutputID=79055c439dfc959f1157aa0ca93193e8 DependenciesID=611ec0dcbe8544a53e9366c945fd0efb StaticDependenciesID=e7610e3ef6c3e04914dabb2a9fe65c11 
Number of updated asset objects reloaded before import = 0
Number of asset objects unloaded after import = 1
========================================================================
Received Import Request.
  Time of request: 2026-08-22T03:23:59.4870719Z
  Time since last request: 0.0009303 seconds.
  importAddress: GUID: 1d05733e1c6394a479c53e1428a543dd - Path: Packages/com.unity.render-pipelines.universal/Editor/2D/ShaderGraph/Targets/UniversalMeshLitInfo.cs - Importer: ScriptedImporter/UnityEditor.QuickSearchModule:UnityEditor.Search:ASIAI0B
Importing 'GUID: 1d05733e1c6394a479c53e1428a543dd - Path: Packages/com.unity.render-pipelines.universal/Editor/2D/ShaderGraph/Targets/UniversalMeshLitInfo.cs - Importer: ScriptedImporter/UnityEditor.QuickSearchModule:UnityEditor.Search:ASIAI0B' with importer (ScriptedImporter : UnityEditor.QuickSearchModule:UnityEditor.Search:ASIAI0B)
Imported 'GUID: 1d05733e1c6394a479c53e1428a543dd' -> (Import Result ID: 'd0523935671989cff9592c5b716b6b05') in 0.007 seconds [static and dynamic dependencies]. Details - ImportResultOutputID=70c090fd6de881f5f08a114bb211214d DependenciesID=cfa176bbda6f604620eb3be46b9437a7 StaticDependenciesID=13e38746c908466642203245005a579e 
Number of updated asset objects reloaded before import = 0
Number of asset objects unloaded after import = 0
========================================================================
Received Import Request.
  Time of request: 2026-08-22T03:23:59.517781Z
  Time since last request: 0.0006315 seconds.
  importAddress: GUID: 896d9004736809c4fb5973b7c12eb8b9 - Path: Packages/com.unity.render-pipelines.universal/Textures/BlueNoise16/L/LDR_LLL1_30.png - Importer: ScriptedImporter/UnityEditor.QuickSearchModule:UnityEditor.Search:ASIAI0B
Importing 'GUID: 896d9004736809c4fb5973b7c12eb8b9 - Path: Packages/com.unity.render-pipelines.universal/Textures/BlueNoise16/L/LDR_LLL1_30.png - Importer: ScriptedImporter/UnityEditor.QuickSearchModule:UnityEditor.Search:ASIAI0B' with importer (ScriptedImporter : UnityEditor.QuickSearchModule:UnityEditor.Search:ASIAI0B)
Imported 'GUID: 896d9004736809c4fb5973b7c12eb8b9' -> (Import Result ID: '67fc2d13fc529cfc3aeb4e13e607738a') in 0.012 seconds [static and dynamic dependencies]. Details - ImportResultOutputID=4ab41cdb4667e92be47ec62fb703ecd9 DependenciesID=e96e161e2d05d37f0da37f49f7f2e840 StaticDependenciesID=55cc361772bb228a1b9632c52d850a2e 
Number of updated asset objects reloaded before import = 0
Number of asset objects unloaded after import = 1
========================================================================
Received Import Request.
  Time of request: 2026-08-22T03:23:59.5506895Z
  Time since last request: 0.0005609 seconds.
  importAddress: GUID: 9d92991794bb5864c8085468b97aa067 - Path: Packages/com.unity.render-pipelines.universal/Textures/BlueNoise16/L/LDR_LLL1_16.png - Importer: ScriptedImporter/UnityEditor.QuickSearchModule:UnityEditor.Search:ASIAI0B
Importing 'GUID: 9d92991794bb5864c8085468b97aa067 - Path: Packages/com.unity.render-pipelines.universal/Textures/BlueNoise16/L/LDR_LLL1_16.png - Importer: ScriptedImporter/UnityEditor.QuickSearchModule:UnityEditor.Search:ASIAI0B' with importer (ScriptedImporter : UnityEditor.QuickSearchModule:UnityEditor.Search:ASIAI0B)
Imported 'GUID: 9d92991794bb5864c8085468b97aa067' -> (Import Result ID: '239cc4ae8b936bccd31a596cbf9b2f3c') in 0.008 seconds [static and dynamic dependencies]. Details - ImportResultOutputID=7b48073c9439de743a28cff857163d34 DependenciesID=20a57556865e3faf227a26897dd66db4 StaticDependenciesID=210d9359c5439f99acb3a0e5d0ec7585 
Number of updated asset objects reloaded before import = 0
Number of asset objects unloaded after import = 1
========================================================================
Received Import Request.
  Time of request: 2026-08-22T03:23:59.5794388Z
  Time since last request: 0.0005266 seconds.
  importAddress: GUID: ea1514729d7120344b27dcd67fbf34de - Path: Packages/com.unity.render-pipelines.universal/Editor/2D/ShaderGraph/Targets/UniversalSpriteLitSubTarget.cs - Importer: ScriptedImporter/UnityEditor.QuickSearchModule:UnityEditor.Search:ASIAI0B
Importing 'GUID: ea1514729d7120344b27dcd67fbf34de - Path: Packages/com.unity.render-pipelines.universal/Editor/2D/ShaderGraph/Targets/UniversalSpriteLitSubTarget.cs - Importer: ScriptedImporter/UnityEditor.QuickSearchModule:UnityEditor.Search:ASIAI0B' with importer (ScriptedImporter : UnityEditor.QuickSearchModule:UnityEditor.Search:ASIAI0B)
Imported 'GUID: ea1514729d7120344b27dcd67fbf34de' -> (Import Result ID: '5514ffb949e45c0628f4061d90a46342') in 0.006 seconds [static and dynamic dependencies]. Details - ImportResultOutputID=414cf1feb2910aff5291ba12a466d149 DependenciesID=ded8916561f80ab5b24362587bb3e06f StaticDependenciesID=1a1c19bfc0141764b72fb8b02402e7a8 
Number of updated asset objects reloaded before import = 0
Number of asset objects unloaded after import = 0
========================================================================
Received Import Request.
  Time of request: 2026-08-22T03:23:59.6106486Z
  Time since last request: 0.0006091 seconds.
  importAddress: GUID: 39451254daebd6d40b52899c1f1c0c1b - Path: Packages/com.unity.render-pipelines.universal/Textures/BlueNoise16/L/LDR_LLL1_6.png - Importer: ScriptedImporter/UnityEditor.QuickSearchModule:UnityEditor.Search:ASIAI0B
Importing 'GUID: 39451254daebd6d40b52899c1f1c0c1b - Path: Packages/com.unity.render-pipelines.universal/Textures/BlueNoise16/L/LDR_LLL1_6.png - Importer: ScriptedImporter/UnityEditor.QuickSearchModule:UnityEditor.Search:ASIAI0B' with importer (ScriptedImporter : UnityEditor.QuickSearchModule:UnityEditor.Search:ASIAI0B)
Imported 'GUID: 39451254daebd6d40b52899c1f1c0c1b' -> (Import Result ID: '7a7967f01e125c0149464ec571241c39') in 0.009 seconds [static and dynamic dependencies]. Details - ImportResultOutputID=588723a79dddad4b7e17dfe12ff40aa3 DependenciesID=ceefd0685ec8739fa51181b35c5c6258 StaticDependenciesID=33cf6f819bfa43424a05ab1fd76afb3c 
Number of updated asset objects reloaded before import = 0
Number of asset objects unloaded after import = 1
========================================================================
Received Import Request.
  Time of request: 2026-08-22T03:23:59.6418283Z
  Time since last request: 0.0005657 seconds.
  importAddress: GUID: 8f5dd14b314efbe4684329d8a14bbe38 - Path: Packages/com.unity.render-pipelines.universal/Editor/2D/Resources/InspectorIcons/GlobalLight.png - Importer: ScriptedImporter/UnityEditor.QuickSearchModule:UnityEditor.Search:ASIAI0B
Importing 'GUID: 8f5dd14b314efbe4684329d8a14bbe38 - Path: Packages/com.unity.render-pipelines.universal/Editor/2D/Resources/InspectorIcons/GlobalLight.png - Importer: ScriptedImporter/UnityEditor.QuickSearchModule:UnityEditor.Search:ASIAI0B' with importer (ScriptedImporter : UnityEditor.QuickSearchModule:UnityEditor.Search:ASIAI0B)
Imported 'GUID: 8f5dd14b314efbe4684329d8a14bbe38' -> (Import Result ID: 'b0ec3d6703bbef9e3d6984eba98d91d9') in 0.017 seconds [static and dynamic dependencies]. Details - ImportResultOutputID=e06dcfefbdcbf86d1593703a5095e195 DependenciesID=9dd181d2e7cbf2d2d4524eddaa6a58bc StaticDependenciesID=ccc3e44f15495e236e1d4ba04dd79ebb 
Number of updated asset objects reloaded before import = 0
Number of asset objects unloaded after import = 1
========================================================================
Received Import Request.
  Time of request: 2026-08-22T03:23:59.6773504Z
  Time since last request: 0.0004493 seconds.
  importAddress: GUID: 4ad8b54817d9f5441910014b5ceb8583 - Path: Packages/com.unity.render-pipelines.universal/Editor/2D/ShaderGraph/Includes/SpriteForwardPass.hlsl - Importer: ScriptedImporter/UnityEditor.QuickSearchModule:UnityEditor.Search:ASIAI0B
Importing 'GUID: 4ad8b54817d9f5441910014b5ceb8583 - Path: Packages/com.unity.render-pipelines.universal/Editor/2D/ShaderGraph/Includes/SpriteForwardPass.hlsl - Importer: ScriptedImporter/UnityEditor.QuickSearchModule:UnityEditor.Search:ASIAI0B' with importer (ScriptedImporter : UnityEditor.QuickSearchModule:UnityEditor.Search:ASIAI0B)
Imported 'GUID: 4ad8b54817d9f5441910014b5ceb8583' -> (Import Result ID: '3f78c9ebe18943bf1b81196f308e0b35') in 0.016 seconds [static and dynamic dependencies]. Details - ImportResultOutputID=d6aec510168e48b186db4f4bb1ad40f2 DependenciesID=3a69b4518bb65d15ab2e0d581aff5dc1 StaticDependenciesID=a4c708c15708e9637c194e4b8537ce5f 
Number of updated asset objects reloaded before import = 0
Number of asset objects unloaded after import = 1
========================================================================
Received Import Request.
  Time of request: 2026-08-22T03:23:59.7109933Z
  Time since last request: 0.0004447 seconds.
  importAddress: GUID: e63eef8f54aa9dc4da9a5ac094b503b5 - Path: Packages/com.unity.render-pipelines.universal/Textures/BlueNoise16/L/LDR_LLL1_5.png - Importer: ScriptedImporter/UnityEditor.QuickSearchModule:UnityEditor.Search:ASIAI0B
Importing 'GUID: e63eef8f54aa9dc4da9a5ac094b503b5 - Path: Packages/com.unity.render-pipelines.universal/Textures/BlueNoise16/L/LDR_LLL1_5.png - Importer: ScriptedImporter/UnityEditor.QuickSearchModule:UnityEditor.Search:ASIAI0B' with importer (ScriptedImporter : UnityEditor.QuickSearchModule:UnityEditor.Search:ASIAI0B)
Imported 'GUID: e63eef8f54aa9dc4da9a5ac094b503b5' -> (Import Result ID: 'e52ecd7fa80cf886c4ee677278232291') in 0.012 seconds [static and dynamic dependencies]. Details - ImportResultOutputID=7edfdd2adb19d083b6195af839325e8f DependenciesID=ad706da09d312b8abaa68f6decacb97f StaticDependenciesID=db812e76aa2646d49cc359b84009c9d5 
Number of updated asset objects reloaded before import = 0
Number of asset objects unloaded after import = 1
========================================================================
Received Import Request.
  Time of request: 2026-08-22T03:23:59.7638839Z
  Time since last request: 0.0221781 seconds.
  importAddress: GUID: 1f1277c79080f894d826683283a48ecf - Path: Packages/com.unity.render-pipelines.universal/Editor/Tools/Converters/AnimationClipConverter/AnimationClipConverter.cs - Importer: ScriptedImporter/UnityEditor.QuickSearchModule:UnityEditor.Search:ASIAI0B
Importing 'GUID: 1f1277c79080f894d826683283a48ecf - Path: Packages/com.unity.render-pipelines.universal/Editor/Tools/Converters/AnimationClipConverter/AnimationClipConverter.cs - Importer: ScriptedImporter/UnityEditor.QuickSearchModule:UnityEditor.Search:ASIAI0B' with importer (ScriptedImporter : UnityEditor.QuickSearchModule:UnityEditor.Search:ASIAI0B)
Imported 'GUID: 1f1277c79080f894d826683283a48ecf' -> (Import Result ID: 'adffc1de337b7d1e0e7b3b4bcd71dc36') in 0.004 seconds [static and dynamic dependencies]. Details - ImportResultOutputID=732fd55dccce230a93992bef4430cf6e DependenciesID=6b974fa9fc09c5f13896c262e049f775 StaticDependenciesID=da0fa31dab064ed98958d701f2a11c88 
Number of updated asset objects reloaded before import = 0
Number of asset objects unloaded after import = 0
========================================================================
Received Import Request.
  Time of request: 2026-08-22T03:23:59.7814664Z
  Time since last request: 0.0006403 seconds.
  importAddress: GUID: 16b454c8be4c1854fab1aa702812af16 - Path: Packages/com.unity.render-pipelines.universal/Editor/VFXGraph/Shaders/Templates/VFXParticleCube.template - Importer: ScriptedImporter/UnityEditor.QuickSearchModule:UnityEditor.Search:ASIAI0B
Importing 'GUID: 16b454c8be4c1854fab1aa702812af16 - Path: Packages/com.unity.render-pipelines.universal/Editor/VFXGraph/Shaders/Templates/VFXParticleCube.template - Importer: ScriptedImporter/UnityEditor.QuickSearchModule:UnityEditor.Search:ASIAI0B' with importer (ScriptedImporter : UnityEditor.QuickSearchModule:UnityEditor.Search:ASIAI0B)
Imported 'GUID: 16b454c8be4c1854fab1aa702812af16' -> (Import Result ID: 'e745c951b62c685ce4d050adb46f446d') in 0.007 seconds [static and dynamic dependencies]. Details - ImportResultOutputID=ec1c156374b74ca76ca87ea0f526ef4f DependenciesID=069d0cfa587f7e87b55955a3ebff60b6 StaticDependenciesID=285a4374933a4b8c49c2b449867c6aba 
Number of updated asset objects reloaded before import = 0
Number of asset objects unloaded after import = 1
========================================================================
Received Import Request.
  Time of request: 2026-08-22T03:23:59.8075989Z
  Time since last request: 0.0018829 seconds.
  importAddress: GUID: a2edf664af334144a8ad0aed989753d3 - Path: Packages/com.unity.render-pipelines.universal/Runtime/2D/Passes/Utility/LayerDebug.cs - Importer: ScriptedImporter/UnityEditor.QuickSearchModule:UnityEditor.Search:ASIAI0B
Importing 'GUID: a2edf664af334144a8ad0aed989753d3 - Path: Packages/com.unity.render-pipelines.universal/Runtime/2D/Passes/Utility/LayerDebug.cs - Importer: ScriptedImporter/UnityEditor.QuickSearchModule:UnityEditor.Search:ASIAI0B' with importer (ScriptedImporter : UnityEditor.QuickSearchModule:UnityEditor.Search:ASIAI0B)
Imported 'GUID: a2edf664af334144a8ad0aed989753d3' -> (Import Result ID: 'a1e509a70dd7a577e50300bd31fe221d') in 0.006 seconds [static and dynamic dependencies]. Details - ImportResultOutputID=ffaae2e35f5838b59a9883000e92f7da DependenciesID=9d8130f1ce8387dd2bb8240d7c9647cf StaticDependenciesID=ccf2416d1ff65ebbaf34d72bd7755e92 
Number of updated asset objects reloaded before import = 0
Number of asset objects unloaded after import = 0
========================================================================
Received Import Request.
  Time of request: 2026-08-22T03:23:59.8330929Z
  Time since last request: 0.0006567 seconds.
  importAddress: GUID: 837cbe89c0a94e149f5b494ae9c69a51 - Path: Packages/com.unity.render-pipelines.universal/Runtime/2D/Passes/Utility/LayerUtility.cs - Importer: ScriptedImporter/UnityEditor.QuickSearchModule:UnityEditor.Search:ASIAI0B
Importing 'GUID: 837cbe89c0a94e149f5b494ae9c69a51 - Path: Packages/com.unity.render-pipelines.universal/Runtime/2D/Passes/Utility/LayerUtility.cs - Importer: ScriptedImporter/UnityEditor.QuickSearchModule:UnityEditor.Search:ASIAI0B' with importer (ScriptedImporter : UnityEditor.QuickSearchModule:UnityEditor.Search:ASIAI0B)
Imported 'GUID: 837cbe89c0a94e149f5b494ae9c69a51' -> (Import Result ID: '27a2be5769f20408ac79b899e80a7ca6') in 0.006 seconds [static and dynamic dependencies]. Details - ImportResultOutputID=f4f55d91cabb6f62a05e304708e84e50 DependenciesID=8c0c3304f8e95e8cd3a8e55d6a63d97d StaticDependenciesID=7ae82fa611878e185c571c71d6dacac0 
Number of updated asset objects reloaded before import = 0
Number of asset objects unloaded after import = 0
========================================================================
Received Import Request.
  Time of request: 2026-08-22T03:23:59.8589032Z
  Time since last request: 0.0007437 seconds.
  importAddress: GUID: 5c847e0daeb638146931797574071502 - Path: Packages/com.unity.render-pipelines.universal/Runtime/VFXGraph/Utility/PropertyBinders/URPCameraBinder.cs - Importer: ScriptedImporter/UnityEditor.QuickSearchModule:UnityEditor.Search:ASIAI0B
Importing 'GUID: 5c847e0daeb638146931797574071502 - Path: Packages/com.unity.render-pipelines.universal/Runtime/VFXGraph/Utility/PropertyBinders/URPCameraBinder.cs - Importer: ScriptedImporter/UnityEditor.QuickSearchModule:UnityEditor.Search:ASIAI0B' with importer (ScriptedImporter : UnityEditor.QuickSearchModule:UnityEditor.Search:ASIAI0B)
Imported 'GUID: 5c847e0daeb638146931797574071502' -> (Import Result ID: '4d7cd87814c356a49a0b0258c638318c') in 0.008 seconds [static and dynamic dependencies]. Details - ImportResultOutputID=deb0b047696fd913777f9d20ec34731a DependenciesID=e534b2f041b72c42e5eb3e41c3d2c418 StaticDependenciesID=07fad747c7702d4c467deb670ff26012 
Number of updated asset objects reloaded before import = 0
Number of asset objects unloaded after import = 0
========================================================================
Received Import Request.
  Time of request: 2026-08-22T03:23:59.8910458Z
  Time since last request: 0.0006965 seconds.
  importAddress: GUID: 3a737aafdc720423fac5e90590a0f05f - Path: Packages/com.unity.render-pipelines.universal/Editor/ShaderGraph/Includes/Terrain/TerrainVert.hlsl - Importer: ScriptedImporter/UnityEditor.QuickSearchModule:UnityEditor.Search:ASIAI0B
Importing 'GUID: 3a737aafdc720423fac5e90590a0f05f - Path: Packages/com.unity.render-pipelines.universal/Editor/ShaderGraph/Includes/Terrain/TerrainVert.hlsl - Importer: ScriptedImporter/UnityEditor.QuickSearchModule:UnityEditor.Search:ASIAI0B' with importer (ScriptedImporter : UnityEditor.QuickSearchModule:UnityEditor.Search:ASIAI0B)
Imported 'GUID: 3a737aafdc720423fac5e90590a0f05f' -> (Import Result ID: 'd01bd27122f386744c9eb63c13d5e1a1') in 0.018 seconds [static and dynamic dependencies]. Details - ImportResultOutputID=6688732269e42cab84619561a2681bd9 DependenciesID=24bc8d5daf4205d4487311eb4d12de96 StaticDependenciesID=e82eb409c4955371f5a7b038f7a9f493 
Number of updated asset objects reloaded before import = 0
Number of asset objects unloaded after import = 1
========================================================================
Received Import Request.
  Time of request: 2026-08-22T03:23:59.9296087Z
  Time since last request: 0.0012948 seconds.
  importAddress: GUID: bf2c8e09bda2786468d6b49e9f5422bb - Path: Packages/com.unity.render-pipelines.universal/Editor/VFXGraph/Shaders/Templates/VFXParticlePlanarPrimitive.template - Importer: ScriptedImporter/UnityEditor.QuickSearchModule:UnityEditor.Search:ASIAI0B
Importing 'GUID: bf2c8e09bda2786468d6b49e9f5422bb - Path: Packages/com.unity.render-pipelines.universal/Editor/VFXGraph/Shaders/Templates/VFXParticlePlanarPrimitive.template - Importer: ScriptedImporter/UnityEditor.QuickSearchModule:UnityEditor.Search:ASIAI0B' with importer (ScriptedImporter : UnityEditor.QuickSearchModule:UnityEditor.Search:ASIAI0B)
Imported 'GUID: bf2c8e09bda2786468d6b49e9f5422bb' -> (Import Result ID: 'fd53983001bec6faead9e230b721f266') in 0.007 seconds [static and dynamic dependencies]. Details - ImportResultOutputID=8b043cf587bbfcd593e21887581cb559 DependenciesID=cd66da159468167899f7a4bc21df46c0 StaticDependenciesID=9729dc665862ce9c3baa72e9f91492a8 
Number of updated asset objects reloaded before import = 0
Number of asset objects unloaded after import = 1
========================================================================
Received Import Request.
  Time of request: 2026-08-22T03:23:59.9603251Z
  Time since last request: 0.0015089 seconds.
  importAddress: GUID: 00c6893353953174b8f91323c2104421 - Path: Packages/com.unity.render-pipelines.universal/Editor/Tools/Converters/AnimationClipConverter/AnimationClipUpgrader.cs - Importer: ScriptedImporter/UnityEditor.QuickSearchModule:UnityEditor.Search:ASIAI0B
Importing 'GUID: 00c6893353953174b8f91323c2104421 - Path: Packages/com.unity.render-pipelines.universal/Editor/Tools/Converters/AnimationClipConverter/AnimationClipUpgrader.cs - Importer: ScriptedImporter/UnityEditor.QuickSearchModule:UnityEditor.Search:ASIAI0B' with importer (ScriptedImporter : UnityEditor.QuickSearchModule:UnityEditor.Search:ASIAI0B)
Imported 'GUID: 00c6893353953174b8f91323c2104421' -> (Import Result ID: '3d3566b215d088392f468502f788e2b1') in 0.006 seconds [static and dynamic dependencies]. Details - ImportResultOutputID=3ea3226490ab3bea6c52305ff5339557 DependenciesID=80b836e52b2b8dff30521af24ecca786 StaticDependenciesID=2a27fb7ae01aa54046a0e22d06b4e2fc 
Number of updated asset objects reloaded before import = 0
Number of asset objects unloaded after import = 0
========================================================================
Received Import Request.
  Time of request: 2026-08-22T03:23:59.9872842Z
  Time since last request: 0.0014995 seconds.
  importAddress: GUID: fbffb490ff4824544a472e97ee0a6679 - Path: Packages/com.unity.render-pipelines.universal/Runtime/2D/Lights/Providers/Light2DProvider.cs - Importer: ScriptedImporter/UnityEditor.QuickSearchModule:UnityEditor.Search:ASIAI0B
Importing 'GUID: fbffb490ff4824544a472e97ee0a6679 - Path: Packages/com.unity.render-pipelines.universal/Runtime/2D/Lights/Providers/Light2DProvider.cs - Importer: ScriptedImporter/UnityEditor.QuickSearchModule:UnityEditor.Search:ASIAI0B' with importer (ScriptedImporter : UnityEditor.QuickSearchModule:UnityEditor.Search:ASIAI0B)
Imported 'GUID: fbffb490ff4824544a472e97ee0a6679' -> (Import Result ID: 'd254cf0452d476e6358f22846ab67d4c') in 0.010 seconds [static and dynamic dependencies]. Details - ImportResultOutputID=bdab8d9be9a9761abd013cdefcb9e672 DependenciesID=aebaf59302d6a09d90adb71a55b2116b StaticDependenciesID=4ceb380e542edac1c5b0aae2cd05cb20 
Number of updated asset objects reloaded before import = 0
Number of asset objects unloaded after import = 0
========================================================================
Received Import Request.
  Time of request: 2026-08-22T03:24:00.0197377Z
  Time since last request: 0.0018413 seconds.
  importAddress: GUID: 6f14d9931cb70f041af1569642d3b639 - Path: Packages/com.unity.render-pipelines.universal/Runtime/2D/Shadows/Shadow Provider Utility/ShapeProviderUtility.cs - Importer: ScriptedImporter/UnityEditor.QuickSearchModule:UnityEditor.Search:ASIAI0B
Importing 'GUID: 6f14d9931cb70f041af1569642d3b639 - Path: Packages/com.unity.render-pipelines.universal/Runtime/2D/Shadows/Shadow Provider Utility/ShapeProviderUtility.cs - Importer: ScriptedImporter/UnityEditor.QuickSearchModule:UnityEditor.Search:ASIAI0B' with importer (ScriptedImporter : UnityEditor.QuickSearchModule:UnityEditor.Search:ASIAI0B)
Imported 'GUID: 6f14d9931cb70f041af1569642d3b639' -> (Import Result ID: 'dd0fb13cf2f129e03648af37305b7e20') in 0.008 seconds [static and dynamic dependencies]. Details - ImportResultOutputID=86b6b2056183405ae824051c64516ad7 DependenciesID=20bf28f72d4d2e6124040e9376872a77 StaticDependenciesID=e17109fd327b962d67c4d38433c899f5 
Number of updated asset objects reloaded before import = 0
Number of asset objects unloaded after import = 0
========================================================================
Received Import Request.
  Time of request: 2026-08-22T03:24:00.0565879Z
  Time since last request: 0.0012133 seconds.
  importAddress: GUID: 995fdaab737f1d14d94e74bd8aee25e4 - Path: Packages/com.unity.render-pipelines.universal/Runtime/2D/Shadows/Shadow Provider Utility/ShadowMesh2D.cs - Importer: ScriptedImporter/UnityEditor.QuickSearchModule:UnityEditor.Search:ASIAI0B
Importing 'GUID: 995fdaab737f1d14d94e74bd8aee25e4 - Path: Packages/com.unity.render-pipelines.universal/Runtime/2D/Shadows/Shadow Provider Utility/ShadowMesh2D.cs - Importer: ScriptedImporter/UnityEditor.QuickSearchModule:UnityEditor.Search:ASIAI0B' with importer (ScriptedImporter : UnityEditor.QuickSearchModule:UnityEditor.Search:ASIAI0B)
Imported 'GUID: 995fdaab737f1d14d94e74bd8aee25e4' -> (Import Result ID: 'f8836f34c7dedc5f5ff1bbcfc8ac1dd3') in 0.007 seconds [static and dynamic dependencies]. Details - ImportResultOutputID=fca68265addf6340f414fa1fcd122dd0 DependenciesID=b512d8aaf1282e2f676ae91e834638f5 StaticDependenciesID=1660d11bc66f0150efa1c28b9c3e5e34 
Number of updated asset objects reloaded before import = 0
Number of asset objects unloaded after import = 0
========================================================================
Received Import Request.
  Time of request: 2026-08-22T03:24:00.0861482Z
  Time since last request: 0.0005504 seconds.
  importAddress: GUID: 7978073cb0cd25f4f8e29b37e3f55d2a - Path: Packages/com.unity.render-pipelines.universal/Runtime/2D/Passes/Utility/RendererLighting.cs - Importer: ScriptedImporter/UnityEditor.QuickSearchModule:UnityEditor.Search:ASIAI0B
Importing 'GUID: 7978073cb0cd25f4f8e29b37e3f55d2a - Path: Packages/com.unity.render-pipelines.universal/Runtime/2D/Passes/Utility/RendererLighting.cs - Importer: ScriptedImporter/UnityEditor.QuickSearchModule:UnityEditor.Search:ASIAI0B' with importer (ScriptedImporter : UnityEditor.QuickSearchModule:UnityEditor.Search:ASIAI0B)
Imported 'GUID: 7978073cb0cd25f4f8e29b37e3f55d2a' -> (Import Result ID: '7c0671f16de8769023cbe78b36d66029') in 0.012 seconds [static and dynamic dependencies]. Details - ImportResultOutputID=0e5af0c2216e63ed4e4959262095d963 DependenciesID=3493424974d62a6764d855ace728304d StaticDependenciesID=16b85b79e747a46c1f6e3da1d55c94bc 
Number of updated asset objects reloaded before import = 0
Number of asset objects unloaded after import = 0
========================================================================
Received Import Request.
  Time of request: 2026-08-22T03:24:00.1220404Z
  Time since last request: 0.0013137 seconds.
  importAddress: GUID: 387b120d24fbd4f4294bd52bb2104930 - Path: Packages/com.unity.render-pipelines.universal/Runtime/2D/Shadows/Providers/ShadowShape2DProvider_SpriteShape.cs - Importer: ScriptedImporter/UnityEditor.QuickSearchModule:UnityEditor.Search:ASIAI0B
Importing 'GUID: 387b120d24fbd4f4294bd52bb2104930 - Path: Packages/com.unity.render-pipelines.universal/Runtime/2D/Shadows/Providers/ShadowShape2DProvider_SpriteShape.cs - Importer: ScriptedImporter/UnityEditor.QuickSearchModule:UnityEditor.Search:ASIAI0B' with importer (ScriptedImporter : UnityEditor.QuickSearchModule:UnityEditor.Search:ASIAI0B)
Imported 'GUID: 387b120d24fbd4f4294bd52bb2104930' -> (Import Result ID: 'e9c439cc477c02069c420d372f83bff9') in 0.007 seconds [static and dynamic dependencies]. Details - ImportResultOutputID=b50883f061f404df0362f20b610834ef DependenciesID=6968e40f17ac4633d0d454265fdd72a8 StaticDependenciesID=f4209037fdc835e87e821297f9a5e173 
Number of updated asset objects reloaded before import = 0
Number of asset objects unloaded after import = 0
========================================================================
Received Import Request.
  Time of request: 2026-08-22T03:24:00.1624918Z
  Time since last request: 0.0006208 seconds.
  importAddress: GUID: a58595a2272db1745b731ea6eadf98f7 - Path: Packages/com.unity.render-pipelines.universal/Editor/Tools/Converters/AnimationClipConverter/AnimationClipUpgradePathsCache.cs - Importer: ScriptedImporter/UnityEditor.QuickSearchModule:UnityEditor.Search:ASIAI0B
Importing 'GUID: a58595a2272db1745b731ea6eadf98f7 - Path: Packages/com.unity.render-pipelines.universal/Editor/Tools/Converters/AnimationClipConverter/AnimationClipUpgradePathsCache.cs - Importer: ScriptedImporter/UnityEditor.QuickSearchModule:UnityEditor.Search:ASIAI0B' with importer (ScriptedImporter : UnityEditor.QuickSearchModule:UnityEditor.Search:ASIAI0B)
Imported 'GUID: a58595a2272db1745b731ea6eadf98f7' -> (Import Result ID: '103434bf86f654a63e09e393956b92d7') in 0.007 seconds [static and dynamic dependencies]. Details - ImportResultOutputID=8ff8aec875593064b2665713965b5c5f DependenciesID=eb561c92ab6bc4151f9ba7dcc301e817 StaticDependenciesID=5a06956a7542e446ac9128977dca9cb9 
Number of updated asset objects reloaded before import = 0
Number of asset objects unloaded after import = 0
========================================================================
Received Import Request.
  Time of request: 2026-08-22T03:24:00.1927741Z
  Time since last request: 0.0014382 seconds.
  importAddress: GUID: e1c9418ea80ea1f438a3b984293b811c - Path: Packages/com.unity.render-pipelines.universal/Editor/VFXGraph/Shaders/Templates/VFXParticleMeshes.template - Importer: ScriptedImporter/UnityEditor.QuickSearchModule:UnityEditor.Search:ASIAI0B
Importing 'GUID: e1c9418ea80ea1f438a3b984293b811c - Path: Packages/com.unity.render-pipelines.universal/Editor/VFXGraph/Shaders/Templates/VFXParticleMeshes.template - Importer: ScriptedImporter/UnityEditor.QuickSearchModule:UnityEditor.Search:ASIAI0B' with importer (ScriptedImporter : UnityEditor.QuickSearchModule:UnityEditor.Search:ASIAI0B)
Imported 'GUID: e1c9418ea80ea1f438a3b984293b811c' -> (Import Result ID: '30cafbf04eb680a1294bddf6c2783585') in 0.005 seconds [static and dynamic dependencies]. Details - ImportResultOutputID=a956f8495140556ff366067332a64fe2 DependenciesID=fc3d906163542a46c265c62c07099e55 StaticDependenciesID=84003ad3e9e9be6eec71aef9038250d6 
Number of updated asset objects reloaded before import = 0
Number of asset objects unloaded after import = 1
========================================================================
Received Import Request.
  Time of request: 2026-08-22T03:24:00.2210437Z
  Time since last request: 0.0008859 seconds.
  importAddress: GUID: 677f238dc37937045b856e9468e21666 - Path: Packages/com.unity.render-pipelines.universal/Editor/VFXGraph/Shaders/Templates/VFXParticlePoints.template - Importer: ScriptedImporter/UnityEditor.QuickSearchModule:UnityEditor.Search:ASIAI0B
Importing 'GUID: 677f238dc37937045b856e9468e21666 - Path: Packages/com.unity.render-pipelines.universal/Editor/VFXGraph/Shaders/Templates/VFXParticlePoints.template - Importer: ScriptedImporter/UnityEditor.QuickSearchModule:UnityEditor.Search:ASIAI0B' with importer (ScriptedImporter : UnityEditor.QuickSearchModule:UnityEditor.Search:ASIAI0B)
Imported 'GUID: 677f238dc37937045b856e9468e21666' -> (Import Result ID: '21a417ea81f072b533069de82af9e50f') in 0.009 seconds [static and dynamic dependencies]. Details - ImportResultOutputID=6e15e0065f9e629fcd70ff9dc690d3bc DependenciesID=dcb02cb75b417e585fd3efc7657d9df6 StaticDependenciesID=b6e47e2b91669d5ae22c2340c34c9657 
Number of updated asset objects reloaded before import = 0
Number of asset objects unloaded after import = 1
========================================================================
Received Import Request.
  Time of request: 2026-08-22T03:24:00.2528377Z
  Time since last request: 0.0005731 seconds.
  importAddress: GUID: e428475e2bdb81f499cdbe3c59953975 - Path: Packages/com.unity.render-pipelines.universal/Runtime/2D/Shadows/Providers/ShadowShapeProvider2D_Utility.cs - Importer: ScriptedImporter/UnityEditor.QuickSearchModule:UnityEditor.Search:ASIAI0B
Importing 'GUID: e428475e2bdb81f499cdbe3c59953975 - Path: Packages/com.unity.render-pipelines.universal/Runtime/2D/Shadows/Providers/ShadowShapeProvider2D_Utility.cs - Importer: ScriptedImporter/UnityEditor.QuickSearchModule:UnityEditor.Search:ASIAI0B' with importer (ScriptedImporter : UnityEditor.QuickSearchModule:UnityEditor.Search:ASIAI0B)
Imported 'GUID: e428475e2bdb81f499cdbe3c59953975' -> (Import Result ID: 'afeb963acd4a0a6168a0a79196421c06') in 0.009 seconds [static and dynamic dependencies]. Details - ImportResultOutputID=da7b343d30bf6a77c886988ade185e05 DependenciesID=05544a377b57c880caee78140a831feb StaticDependenciesID=2a3ed66311709e1b0d1b05630e860fd3 
Number of updated asset objects reloaded before import = 0
Number of asset objects unloaded after import = 0
========================================================================
Received Import Request.
  Time of request: 2026-08-22T03:24:00.2874197Z
  Time since last request: 0.0005599 seconds.
  importAddress: GUID: b8fd50c1927bb714b8fe5141cb40f34a - Path: Packages/com.unity.render-pipelines.universal/Editor/VFXGraph/Shaders/Templates/VFXParticleDecal.template - Importer: ScriptedImporter/UnityEditor.QuickSearchModule:UnityEditor.Search:ASIAI0B
Importing 'GUID: b8fd50c1927bb714b8fe5141cb40f34a - Path: Packages/com.unity.render-pipelines.universal/Editor/VFXGraph/Shaders/Templates/VFXParticleDecal.template - Importer: ScriptedImporter/UnityEditor.QuickSearchModule:UnityEditor.Search:ASIAI0B' with importer (ScriptedImporter : UnityEditor.QuickSearchModule:UnityEditor.Search:ASIAI0B)
Imported 'GUID: b8fd50c1927bb714b8fe5141cb40f34a' -> (Import Result ID: '63593c61dc06eabf7651d6bd05a2fb01') in 0.008 seconds [static and dynamic dependencies]. Details - ImportResultOutputID=f8748fd9f4911546bc19d6faea32dca2 DependenciesID=0be3133b315d3b6ddd6945b9d53b38d6 StaticDependenciesID=5e57cd9cfa02126c00471c693f48da30 
Number of updated asset objects reloaded before import = 0
Number of asset objects unloaded after import = 1
========================================================================
Received Import Request.
  Time of request: 2026-08-22T03:24:00.3215406Z
  Time since last request: 0.0004917 seconds.
  importAddress: GUID: 27e716c92bd24f94a8eb7f5d18240b6d - Path: Packages/com.unity.render-pipelines.universal/Runtime/2D/Shadows/Shadow Provider Utility/ShadowEdge.cs - Importer: ScriptedImporter/UnityEditor.QuickSearchModule:UnityEditor.Search:ASIAI0B
Importing 'GUID: 27e716c92bd24f94a8eb7f5d18240b6d - Path: Packages/com.unity.render-pipelines.universal/Runtime/2D/Shadows/Shadow Provider Utility/ShadowEdge.cs - Importer: ScriptedImporter/UnityEditor.QuickSearchModule:UnityEditor.Search:ASIAI0B' with importer (ScriptedImporter : UnityEditor.QuickSearchModule:UnityEditor.Search:ASIAI0B)
Imported 'GUID: 27e716c92bd24f94a8eb7f5d18240b6d' -> (Import Result ID: 'e3d9344d98aad04c85f8cafa62eb3e5a') in 0.006 seconds [static and dynamic dependencies]. Details - ImportResultOutputID=69d711cf837b2e6c645300ab0c59d3e5 DependenciesID=169d76c73abd5f8cd9d4ccdb7c2af8c0 StaticDependenciesID=84c57f1e2cd7766acee347ae9310af2a 
Number of updated asset objects reloaded before import = 0
Number of asset objects unloaded after import = 0
========================================================================
Received Import Request.
  Time of request: 2026-08-22T03:24:00.3497078Z
  Time since last request: 0.0006593 seconds.
  importAddress: GUID: c7a8c3a8c44540639fe72b8ba1c8d176 - Path: Packages/com.unity.render-pipelines.universal/Editor/VFXGraph/Shaders/Templates/VFXParticleURPDecal.template - Importer: ScriptedImporter/UnityEditor.QuickSearchModule:UnityEditor.Search:ASIAI0B
Importing 'GUID: c7a8c3a8c44540639fe72b8ba1c8d176 - Path: Packages/com.unity.render-pipelines.universal/Editor/VFXGraph/Shaders/Templates/VFXParticleURPDecal.template - Importer: ScriptedImporter/UnityEditor.QuickSearchModule:UnityEditor.Search:ASIAI0B' with importer (ScriptedImporter : UnityEditor.QuickSearchModule:UnityEditor.Search:ASIAI0B)
Imported 'GUID: c7a8c3a8c44540639fe72b8ba1c8d176' -> (Import Result ID: '90bdbb06f89789dd5a4c22958c0f0251') in 0.006 seconds [static and dynamic dependencies]. Details - ImportResultOutputID=d53e8b75571f8519ec406d1033ffbfe3 DependenciesID=f1d30ece10e45e744ffbd41eda349f89 StaticDependenciesID=2317d9bbb1ed5e1a83500e836736e757 
Number of updated asset objects reloaded before import = 0
Number of asset objects unloaded after import = 1
========================================================================
Received Import Request.
  Time of request: 2026-08-22T03:24:00.379491Z
  Time since last request: 0.0006358 seconds.
  importAddress: GUID: 7edabebf429ea534a8a5bbdf10b327d1 - Path: Packages/com.unity.render-pipelines.universal/Editor/VFXGraph/Shaders/Templates/VFXParticleLitMesh.template - Importer: ScriptedImporter/UnityEditor.QuickSearchModule:UnityEditor.Search:ASIAI0B
Importing 'GUID: 7edabebf429ea534a8a5bbdf10b327d1 - Path: Packages/com.unity.render-pipelines.universal/Editor/VFXGraph/Shaders/Templates/VFXParticleLitMesh.template - Importer: ScriptedImporter/UnityEditor.QuickSearchModule:UnityEditor.Search:ASIAI0B' with importer (ScriptedImporter : UnityEditor.QuickSearchModule:UnityEditor.Search:ASIAI0B)
Imported 'GUID: 7edabebf429ea534a8a5bbdf10b327d1' -> (Import Result ID: '2912b2cf9ac9abc4819b4105796273f9') in 0.007 seconds [static and dynamic dependencies]. Details - ImportResultOutputID=da3e62885e784293ce3e7a81012bed58 DependenciesID=1f4c6d3aecdf7686b15d5f12cca1ef59 StaticDependenciesID=ea46a65388012887a7c080986bba342c 
Number of updated asset objects reloaded before import = 0
Number of asset objects unloaded after import = 1
========================================================================
Received Import Request.
  Time of request: 2026-08-22T03:24:00.424341Z
  Time since last request: 0.0152099 seconds.
  importAddress: GUID: 286d87cbf8c19c749b69078915c9be88 - Path: Packages/com.unity.render-pipelines.universal/Editor/VFXGraph/Shaders/Templates/ParticleMeshesLit/PassForward.template - Importer: ScriptedImporter/UnityEditor.QuickSearchModule:UnityEditor.Search:ASIAI0B
Importing 'GUID: 286d87cbf8c19c749b69078915c9be88 - Path: Packages/com.unity.render-pipelines.universal/Editor/VFXGraph/Shaders/Templates/ParticleMeshesLit/PassForward.template - Importer: ScriptedImporter/UnityEditor.QuickSearchModule:UnityEditor.Search:ASIAI0B' with importer (ScriptedImporter : UnityEditor.QuickSearchModule:UnityEditor.Search:ASIAI0B)
Imported 'GUID: 286d87cbf8c19c749b69078915c9be88' -> (Import Result ID: 'c3318634e367e94ff1a7e465f24bee22') in 0.006 seconds [static and dynamic dependencies]. Details - ImportResultOutputID=1ccaa5822ecc6632b2444fa9bc8425c9 DependenciesID=93367744c267c84d41c313ae1c96a113 StaticDependenciesID=4622f46e8398681faba2e7d3249f612b 
Number of updated asset objects reloaded before import = 0
Number of asset objects unloaded after import = 1
========================================================================
Received Import Request.
  Time of request: 2026-08-22T03:24:00.4449342Z
  Time since last request: 0.0007285 seconds.
  importAddress: GUID: 341677e7847d0874abedb1fc1748b2cf - Path: Packages/com.unity.render-pipelines.universal/Editor/VFXGraph/Shaders/Templates/ParticlePlanarPrimitivesLit/PassDepthNormal.template - Importer: ScriptedImporter/UnityEditor.QuickSearchModule:UnityEditor.Search:ASIAI0B
Importing 'GUID: 341677e7847d0874abedb1fc1748b2cf - Path: Packages/com.unity.render-pipelines.universal/Editor/VFXGraph/Shaders/Templates/ParticlePlanarPrimitivesLit/PassDepthNormal.template - Importer: ScriptedImporter/UnityEditor.QuickSearchModule:UnityEditor.Search:ASIAI0B' with importer (ScriptedImporter : UnityEditor.QuickSearchModule:UnityEditor.Search:ASIAI0B)
Imported 'GUID: 341677e7847d0874abedb1fc1748b2cf' -> (Import Result ID: '1100d6ab33edbb12862dc74e44b69cc9') in 0.008 seconds [static and dynamic dependencies]. Details - ImportResultOutputID=f306331acceb7ea936ce23866bea3e49 DependenciesID=d4f0b64edc6ad402f3e91c29cd9d23dc StaticDependenciesID=0526cfb3e930089c44220848fb24df53 
Number of updated asset objects reloaded before import = 0
Number of asset objects unloaded after import = 1
========================================================================
Received Import Request.
  Time of request: 2026-08-22T03:24:00.4743061Z
  Time since last request: 0.0013315 seconds.
  importAddress: GUID: f3ec7f3c24cdbba49986aa6478b5867f - Path: Packages/com.unity.render-pipelines.universal/Editor/VFXGraph/Shaders/Templates/ParticleLines/PassForward2D.template - Importer: ScriptedImporter/UnityEditor.QuickSearchModule:UnityEditor.Search:ASIAI0B
Importing 'GUID: f3ec7f3c24cdbba49986aa6478b5867f - Path: Packages/com.unity.render-pipelines.universal/Editor/VFXGraph/Shaders/Templates/ParticleLines/PassForward2D.template - Importer: ScriptedImporter/UnityEditor.QuickSearchModule:UnityEditor.Search:ASIAI0B' with importer (ScriptedImporter : UnityEditor.QuickSearchModule:UnityEditor.Search:ASIAI0B)
Imported 'GUID: f3ec7f3c24cdbba49986aa6478b5867f' -> (Import Result ID: '459c24b7f59a9b6565b4b6abfc04dd85') in 0.007 seconds [static and dynamic dependencies]. Details - ImportResultOutputID=de57a46941088a46abcebc5dc7d03014 DependenciesID=7180527244b03e287c7938cc69a95c48 StaticDependenciesID=3f732b540fbbefa71bd422ac177a7d38 
Number of updated asset objects reloaded before import = 0
Number of asset objects unloaded after import = 1
========================================================================
Received Import Request.
  Time of request: 2026-08-22T03:24:00.5038488Z
  Time since last request: 0.0008737 seconds.
  importAddress: GUID: 4b313a234ad620945b078e06349d46f5 - Path: Packages/com.unity.render-pipelines.universal/Editor/VFXGraph/Shaders/Templates/ParticleMeshesLit/PassVelocity.template - Importer: ScriptedImporter/UnityEditor.QuickSearchModule:UnityEditor.Search:ASIAI0B
Importing 'GUID: 4b313a234ad620945b078e06349d46f5 - Path: Packages/com.unity.render-pipelines.universal/Editor/VFXGraph/Shaders/Templates/ParticleMeshesLit/PassVelocity.template - Importer: ScriptedImporter/UnityEditor.QuickSearchModule:UnityEditor.Search:ASIAI0B' with importer (ScriptedImporter : UnityEditor.QuickSearchModule:UnityEditor.Search:ASIAI0B)
Imported 'GUID: 4b313a234ad620945b078e06349d46f5' -> (Import Result ID: 'fdefdf661e7b7176564314e259c5b5b3') in 0.008 seconds [static and dynamic dependencies]. Details - ImportResultOutputID=04c6221ceea2363411fe0cf9af877ae6 DependenciesID=caff880b8efde7275fbcaf931ad7aed6 StaticDependenciesID=390e17ae9ad8cd30342830e589b8c7a6 
Number of updated asset objects reloaded before import = 0
Number of asset objects unloaded after import = 1
========================================================================
Received Import Request.
  Time of request: 2026-08-22T03:24:00.5334041Z
  Time since last request: 0.0010238 seconds.
  importAddress: GUID: 5d1c67b3de6d65a44b641566a9d529b4 - Path: Packages/com.unity.render-pipelines.universal/Editor/Tools/Converters/PPv2/EffectConverters/MotionBlurConverter.cs - Importer: ScriptedImporter/UnityEditor.QuickSearchModule:UnityEditor.Search:ASIAI0B
Importing 'GUID: 5d1c67b3de6d65a44b641566a9d529b4 - Path: Packages/com.unity.render-pipelines.universal/Editor/Tools/Converters/PPv2/EffectConverters/MotionBlurConverter.cs - Importer: ScriptedImporter/UnityEditor.QuickSearchModule:UnityEditor.Search:ASIAI0B' with importer (ScriptedImporter : UnityEditor.QuickSearchModule:UnityEditor.Search:ASIAI0B)
Imported 'GUID: 5d1c67b3de6d65a44b641566a9d529b4' -> (Import Result ID: 'b176a7fb6fae728f7dbfc56021e206a4') in 0.007 seconds [static and dynamic dependencies]. Details - ImportResultOutputID=8de89ca5db9a1b2b7f2a88415b72a099 DependenciesID=3e732c2e652b98e01dcad620ccd2c0c0 StaticDependenciesID=9708e65348cd0470cb53cfe85599fa08 
Number of updated asset objects reloaded before import = 0
Number of asset objects unloaded after import = 0
========================================================================
Received Import Request.
  Time of request: 2026-08-22T03:24:00.5620183Z
  Time since last request: 0.0007476 seconds.
  importAddress: GUID: 915f7a9ae9b5ab542b48b313dbf0489c - Path: Packages/com.unity.render-pipelines.universal/Editor/VFXGraph/Shaders/Templates/ParticleMeshesLit/PassSelection.template - Importer: ScriptedImporter/UnityEditor.QuickSearchModule:UnityEditor.Search:ASIAI0B
Importing 'GUID: 915f7a9ae9b5ab542b48b313dbf0489c - Path: Packages/com.unity.render-pipelines.universal/Editor/VFXGraph/Shaders/Templates/ParticleMeshesLit/PassSelection.template - Importer: ScriptedImporter/UnityEditor.QuickSearchModule:UnityEditor.Search:ASIAI0B' with importer (ScriptedImporter : UnityEditor.QuickSearchModule:UnityEditor.Search:ASIAI0B)
Imported 'GUID: 915f7a9ae9b5ab542b48b313dbf0489c' -> (Import Result ID: '71f6f191ef8c6e2ab39bdd6001746b80') in 0.008 seconds [static and dynamic dependencies]. Details - ImportResultOutputID=bf8d14d29dff6e9c579d25786381b5ee DependenciesID=0ce4e268aa48d0df058e53f10d832eb8 StaticDependenciesID=b6f7684bba040c04723722b08c868c4b 
Number of updated asset objects reloaded before import = 0
Number of asset objects unloaded after import = 1
========================================================================
Received Import Request.
  Time of request: 2026-08-22T03:24:00.592157Z
  Time since last request: 0.0012025 seconds.
  importAddress: GUID: 60e6c40c533c7ed4fbf6a90081f0e415 - Path: Packages/com.unity.render-pipelines.universal/Editor/VFXGraph/Shaders/Templates/ParticlePlanarPrimitives/PassForward2D.template - Importer: ScriptedImporter/UnityEditor.QuickSearchModule:UnityEditor.Search:ASIAI0B
Importing 'GUID: 60e6c40c533c7ed4fbf6a90081f0e415 - Path: Packages/com.unity.render-pipelines.universal/Editor/VFXGraph/Shaders/Templates/ParticlePlanarPrimitives/PassForward2D.template - Importer: ScriptedImporter/UnityEditor.QuickSearchModule:UnityEditor.Search:ASIAI0B' with importer (ScriptedImporter : UnityEditor.QuickSearchModule:UnityEditor.Search:ASIAI0B)
Imported 'GUID: 60e6c40c533c7ed4fbf6a90081f0e415' -> (Import Result ID: '557fa3ae7fc4e20dd425edf29c65cf22') in 0.009 seconds [static and dynamic dependencies]. Details - ImportResultOutputID=fb19eb3d0828d856c5d2740ffe079fa8 DependenciesID=72073e9e417ec5b32fe8c583723c1cc4 StaticDependenciesID=07b0c3a988750df9759b0dd9fe49775c 
Number of updated asset objects reloaded before import = 0
Number of asset objects unloaded after import = 1
========================================================================
Received Import Request.
  Time of request: 2026-08-22T03:24:00.6229654Z
  Time since last request: 0.0006037 seconds.
  importAddress: GUID: ef0ef98463379a649ba68d026c95ea4d - Path: Packages/com.unity.render-pipelines.universal/Editor/Tools/Converters/PPv2/EffectConverters/LensDistortionConverter.cs - Importer: ScriptedImporter/UnityEditor.QuickSearchModule:UnityEditor.Search:ASIAI0B
Importing 'GUID: ef0ef98463379a649ba68d026c95ea4d - Path: Packages/com.unity.render-pipelines.universal/Editor/Tools/Converters/PPv2/EffectConverters/LensDistortionConverter.cs - Importer: ScriptedImporter/UnityEditor.QuickSearchModule:UnityEditor.Search:ASIAI0B' with importer (ScriptedImporter : UnityEditor.QuickSearchModule:UnityEditor.Search:ASIAI0B)
Imported 'GUID: ef0ef98463379a649ba68d026c95ea4d' -> (Import Result ID: 'e6f3924388025e2a45f02dea73676c92') in 0.010 seconds [static and dynamic dependencies]. Details - ImportResultOutputID=2fa5a2690af1c98258ed5adfd62fc3e3 DependenciesID=9576ff820764e6d73dd60fb5bf868c59 StaticDependenciesID=70a6abd3ef39556fd70d9a8bfb83a2ef 
Number of updated asset objects reloaded before import = 0
Number of asset objects unloaded after import = 0
========================================================================
Received Import Request.
  Time of request: 2026-08-22T03:24:00.6547802Z
  Time since last request: 0.0016437 seconds.
  importAddress: GUID: 55392cd2a34cb21499958e42eba26b2d - Path: Packages/com.unity.render-pipelines.universal/Editor/Tools/Converters/PPv2/EffectConverters/PropertyConversions.cs - Importer: ScriptedImporter/UnityEditor.QuickSearchModule:UnityEditor.Search:ASIAI0B
Importing 'GUID: 55392cd2a34cb21499958e42eba26b2d - Path: Packages/com.unity.render-pipelines.universal/Editor/Tools/Converters/PPv2/EffectConverters/PropertyConversions.cs - Importer: ScriptedImporter/UnityEditor.QuickSearchModule:UnityEditor.Search:ASIAI0B' with importer (ScriptedImporter : UnityEditor.QuickSearchModule:UnityEditor.Search:ASIAI0B)
Imported 'GUID: 55392cd2a34cb21499958e42eba26b2d' -> (Import Result ID: '58314d5ade520a2513fb2802b63995c1') in 0.009 seconds [static and dynamic dependencies]. Details - ImportResultOutputID=568bc471077acc362651b25abad1fb30 DependenciesID=8a80db1ed074de9b556c41740d032847 StaticDependenciesID=d62e81da7f559c48a6286a8275f4af6e 
Number of updated asset objects reloaded before import = 0
Number of asset objects unloaded after import = 0
========================================================================
Received Import Request.
  Time of request: 2026-08-22T03:24:00.6831392Z
  Time since last request: 0.0007112 seconds.
  importAddress: GUID: c93687e52abd628448c8f7666b1dbd23 - Path: Packages/com.unity.render-pipelines.universal/Editor/Tools/Converters/PPv2/EffectConverters/ColorGradingConverter.cs - Importer: ScriptedImporter/UnityEditor.QuickSearchModule:UnityEditor.Search:ASIAI0B
Importing 'GUID: c93687e52abd628448c8f7666b1dbd23 - Path: Packages/com.unity.render-pipelines.universal/Editor/Tools/Converters/PPv2/EffectConverters/ColorGradingConverter.cs - Importer: ScriptedImporter/UnityEditor.QuickSearchModule:UnityEditor.Search:ASIAI0B' with importer (ScriptedImporter : UnityEditor.QuickSearchModule:UnityEditor.Search:ASIAI0B)
Imported 'GUID: c93687e52abd628448c8f7666b1dbd23' -> (Import Result ID: '3a33dc73ea454258bee75011e4063a66') in 0.011 seconds [static and dynamic dependencies]. Details - ImportResultOutputID=6fd5343532988dcf602ce3007bede1ab DependenciesID=a5b48fe869355f270381c674be29693e StaticDependenciesID=e523a453fd0e9c1c07c3dd07fd0bc04a 
Number of updated asset objects reloaded before import = 0
Number of asset objects unloaded after import = 0
========================================================================
Received Import Request.
  Time of request: 2026-08-22T03:24:00.7155248Z
  Time since last request: 0.0031522 seconds.
  importAddress: GUID: de573be7419f3b84295377f64cf664c7 - Path: Packages/com.unity.render-pipelines.universal/Editor/Tools/Converters/PPv2/EffectConverters/VignetteConverter.cs - Importer: ScriptedImporter/UnityEditor.QuickSearchModule:UnityEditor.Search:ASIAI0B
Importing 'GUID: de573be7419f3b84295377f64cf664c7 - Path: Packages/com.unity.render-pipelines.universal/Editor/Tools/Converters/PPv2/EffectConverters/VignetteConverter.cs - Importer: ScriptedImporter/UnityEditor.QuickSearchModule:UnityEditor.Search:ASIAI0B' with importer (ScriptedImporter : UnityEditor.QuickSearchModule:UnityEditor.Search:ASIAI0B)
Imported 'GUID: de573be7419f3b84295377f64cf664c7' -> (Import Result ID: '7b7f18194a33ab5ecb52e1f4250803de') in 0.009 seconds [static and dynamic dependencies]. Details - ImportResultOutputID=ad21ce2df56167bf6487f4697989ebb1 DependenciesID=71f9b21e5d8199eacc808cd6b7f6ad74 StaticDependenciesID=3a74d43528b0edee2d75249583b0b01d 
Number of updated asset objects reloaded before import = 0
Number of asset objects unloaded after import = 0
========================================================================
Received Import Request.
  Time of request: 2026-08-22T03:24:00.7501931Z
  Time since last request: 0.0026255 seconds.
  importAddress: GUID: 77e942a6f106f7746bec78ed934de11a - Path: Packages/com.unity.render-pipelines.universal/Editor/VFXGraph/Shaders/Templates/ParticleMeshesLit/Pass.template - Importer: ScriptedImporter/UnityEditor.QuickSearchModule:UnityEditor.Search:ASIAI0B
Importing 'GUID: 77e942a6f106f7746bec78ed934de11a - Path: Packages/com.unity.render-pipelines.universal/Editor/VFXGraph/Shaders/Templates/ParticleMeshesLit/Pass.template - Importer: ScriptedImporter/UnityEditor.QuickSearchModule:UnityEditor.Search:ASIAI0B' with importer (ScriptedImporter : UnityEditor.QuickSearchModule:UnityEditor.Search:ASIAI0B)
Imported 'GUID: 77e942a6f106f7746bec78ed934de11a' -> (Import Result ID: '6104a487dd4818b627525339ec84f518') in 0.012 seconds [static and dynamic dependencies]. Details - ImportResultOutputID=995268c59d6668a697a8f0bdca83a5ec DependenciesID=c48a42cab2212ed795ac4e9614a3a249 StaticDependenciesID=1424d9be7ee40c4d19462bca55c1a676 
Number of updated asset objects reloaded before import = 0
Number of asset objects unloaded after import = 1
========================================================================
Received Import Request.
  Time of request: 2026-08-22T03:24:00.7867161Z
  Time since last request: 0.0014811 seconds.
  importAddress: GUID: 37d26d1c1d738be4cba8c98b84ff0da3 - Path: Packages/com.unity.render-pipelines.universal/Editor/VFXGraph/Shaders/Templates/ParticlePlanarPrimitivesLit/PassDepth.template - Importer: ScriptedImporter/UnityEditor.QuickSearchModule:UnityEditor.Search:ASIAI0B
Importing 'GUID: 37d26d1c1d738be4cba8c98b84ff0da3 - Path: Packages/com.unity.render-pipelines.universal/Editor/VFXGraph/Shaders/Templates/ParticlePlanarPrimitivesLit/PassDepth.template - Importer: ScriptedImporter/UnityEditor.QuickSearchModule:UnityEditor.Search:ASIAI0B' with importer (ScriptedImporter : UnityEditor.QuickSearchModule:UnityEditor.Search:ASIAI0B)
Imported 'GUID: 37d26d1c1d738be4cba8c98b84ff0da3' -> (Import Result ID: '9ff2f6ce229a76f00b16f11a409b1a00') in 0.013 seconds [static and dynamic dependencies]. Details - ImportResultOutputID=68df16c3a4849fd660a98c34975831b3 DependenciesID=ee17e3215c4c8dabccd249ce1c47d768 StaticDependenciesID=da678f1de84d7e1abdd1207fbe2b8c6a 
Number of updated asset objects reloaded before import = 0
Number of asset objects unloaded after import = 1
========================================================================
Received Import Request.
  Time of request: 2026-08-22T03:24:00.8243542Z
  Time since last request: 0.0008214 seconds.
  importAddress: GUID: ec0dd9ca912a8824590a57224cabd290 - Path: Packages/com.unity.render-pipelines.universal/Editor/VFXGraph/Shaders/Templates/ParticleMeshes/PassForward2D.template - Importer: ScriptedImporter/UnityEditor.QuickSearchModule:UnityEditor.Search:ASIAI0B
Importing 'GUID: ec0dd9ca912a8824590a57224cabd290 - Path: Packages/com.unity.render-pipelines.universal/Editor/VFXGraph/Shaders/Templates/ParticleMeshes/PassForward2D.template - Importer: ScriptedImporter/UnityEditor.QuickSearchModule:UnityEditor.Search:ASIAI0B' with importer (ScriptedImporter : UnityEditor.QuickSearchModule:UnityEditor.Search:ASIAI0B)
Imported 'GUID: ec0dd9ca912a8824590a57224cabd290' -> (Import Result ID: 'a71ce2c19ba72fbd99964e7540313f82') in 0.007 seconds [static and dynamic dependencies]. Details - ImportResultOutputID=9d7c2bd2d2fabc08e8261d27a585866d DependenciesID=6387aeed2af41f3a15444cf2f715bf86 StaticDependenciesID=79f299b50f0873aabf14ab3ad3887bb9 
Number of updated asset objects reloaded before import = 0
Number of asset objects unloaded after import = 1
========================================================================
Received Import Request.
  Time of request: 2026-08-22T03:24:00.8650999Z
  Time since last request: 0.0143564 seconds.
  importAddress: GUID: 9efeaf56a8f5826418111f0d669150c1 - Path: Packages/com.unity.render-pipelines.universal/Editor/VFXGraph/Shaders/Templates/ParticlePlanarPrimitivesLit/PassGBuffer.template - Importer: ScriptedImporter/UnityEditor.QuickSearchModule:UnityEditor.Search:ASIAI0B
Importing 'GUID: 9efeaf56a8f5826418111f0d669150c1 - Path: Packages/com.unity.render-pipelines.universal/Editor/VFXGraph/Shaders/Templates/ParticlePlanarPrimitivesLit/PassGBuffer.template - Importer: ScriptedImporter/UnityEditor.QuickSearchModule:UnityEditor.Search:ASIAI0B' with importer (ScriptedImporter : UnityEditor.QuickSearchModule:UnityEditor.Search:ASIAI0B)
Imported 'GUID: 9efeaf56a8f5826418111f0d669150c1' -> (Import Result ID: 'ca16701f29bdb12f4bc6f82f634a0b0f') in 0.005 seconds [static and dynamic dependencies]. Details - ImportResultOutputID=6bdb95027124e40b280667b280aefea8 DependenciesID=950780254b8186d659d7e2828b16ac65 StaticDependenciesID=c6c5728400e42259c1bf743d59c6ca72 
Number of updated asset objects reloaded before import = 0
Number of asset objects unloaded after import = 1
========================================================================
Received Import Request.
  Time of request: 2026-08-22T03:24:00.8880198Z
  Time since last request: 0.0004962 seconds.
  importAddress: GUID: 92bae492fd0c48fca15a3c15dc732416 - Path: Packages/com.unity.render-pipelines.universal/Editor/VFXGraph/Shaders/Templates/URPDecal/PassGBuffer.template - Importer: ScriptedImporter/UnityEditor.QuickSearchModule:UnityEditor.Search:ASIAI0B
Importing 'GUID: 92bae492fd0c48fca15a3c15dc732416 - Path: Packages/com.unity.render-pipelines.universal/Editor/VFXGraph/Shaders/Templates/URPDecal/PassGBuffer.template - Importer: ScriptedImporter/UnityEditor.QuickSearchModule:UnityEditor.Search:ASIAI0B' with importer (ScriptedImporter : UnityEditor.QuickSearchModule:UnityEditor.Search:ASIAI0B)
Imported 'GUID: 92bae492fd0c48fca15a3c15dc732416' -> (Import Result ID: '0ff4a57cacea6141dbbb0a2fefe1a274') in 0.005 seconds [static and dynamic dependencies]. Details - ImportResultOutputID=a741b2d7c7bea2fe51f291be2895bcd2 DependenciesID=4161c9acf45a00bc4b230ae9921b1dc1 StaticDependenciesID=d71bcf5f86fc93cfc52ecd055788e26c 
Number of updated asset objects reloaded before import = 0
Number of asset objects unloaded after import = 1
========================================================================
Received Import Request.
  Time of request: 2026-08-22T03:24:00.9140669Z
  Time since last request: 0.0006667 seconds.
  importAddress: GUID: e54411f64dc2beb43998b9727f62fa32 - Path: Packages/com.unity.render-pipelines.universal/Editor/VFXGraph/Shaders/Templates/ParticlePlanarPrimitivesLit/PassDepthOrMV.template - Importer: ScriptedImporter/UnityEditor.QuickSearchModule:UnityEditor.Search:ASIAI0B
Importing 'GUID: e54411f64dc2beb43998b9727f62fa32 - Path: Packages/com.unity.render-pipelines.universal/Editor/VFXGraph/Shaders/Templates/ParticlePlanarPrimitivesLit/PassDepthOrMV.template - Importer: ScriptedImporter/UnityEditor.QuickSearchModule:UnityEditor.Search:ASIAI0B' with importer (ScriptedImporter : UnityEditor.QuickSearchModule:UnityEditor.Search:ASIAI0B)
Imported 'GUID: e54411f64dc2beb43998b9727f62fa32' -> (Import Result ID: '73f4b22c9c9a05b98c667294596569cb') in 0.007 seconds [static and dynamic dependencies]. Details - ImportResultOutputID=a74da7bb6e4d85d5658347d58e0993d5 DependenciesID=986f2ac4cb76cd523889d9db6baa2653 StaticDependenciesID=94c3fa258b1be49efc6caa0184b4c900 
Number of updated asset objects reloaded before import = 0
Number of asset objects unloaded after import = 1
========================================================================
Received Import Request.
  Time of request: 2026-08-22T03:24:00.9440657Z
  Time since last request: 0.0016173 seconds.
  importAddress: GUID: 5fa54a2ce1bced448b6bd9cfcac6c25d - Path: Packages/com.unity.render-pipelines.universal/Editor/VFXGraph/Shaders/Templates/ParticlePlanarPrimitivesLit/PassForward.template - Importer: ScriptedImporter/UnityEditor.QuickSearchModule:UnityEditor.Search:ASIAI0B
Importing 'GUID: 5fa54a2ce1bced448b6bd9cfcac6c25d - Path: Packages/com.unity.render-pipelines.universal/Editor/VFXGraph/Shaders/Templates/ParticlePlanarPrimitivesLit/PassForward.template - Importer: ScriptedImporter/UnityEditor.QuickSearchModule:UnityEditor.Search:ASIAI0B' with importer (ScriptedImporter : UnityEditor.QuickSearchModule:UnityEditor.Search:ASIAI0B)
Imported 'GUID: 5fa54a2ce1bced448b6bd9cfcac6c25d' -> (Import Result ID: 'd1a1d1601fb5e94df44932d3143fb974') in 0.007 seconds [static and dynamic dependencies]. Details - ImportResultOutputID=86e99da8a7a0ea0644659de992bb6f2f DependenciesID=4460e28faf1b0d20442e2efd560a3313 StaticDependenciesID=bb211e60b7bf69c3bbd762690b351654 
Number of updated asset objects reloaded before import = 0
Number of asset objects unloaded after import = 1
========================================================================
Received Import Request.
  Time of request: 2026-08-22T03:24:00.974751Z
  Time since last request: 0.0007068 seconds.
  importAddress: GUID: b1a0121f4ab34ed9a0480537b0f8e6f5 - Path: Packages/com.unity.render-pipelines.universal/Editor/VFXGraph/Shaders/Templates/URPDecal/PassDBuffer.template - Importer: ScriptedImporter/UnityEditor.QuickSearchModule:UnityEditor.Search:ASIAI0B
Importing 'GUID: b1a0121f4ab34ed9a0480537b0f8e6f5 - Path: Packages/com.unity.render-pipelines.universal/Editor/VFXGraph/Shaders/Templates/URPDecal/PassDBuffer.template - Importer: ScriptedImporter/UnityEditor.QuickSearchModule:UnityEditor.Search:ASIAI0B' with importer (ScriptedImporter : UnityEditor.QuickSearchModule:UnityEditor.Search:ASIAI0B)
Imported 'GUID: b1a0121f4ab34ed9a0480537b0f8e6f5' -> (Import Result ID: 'ccbed783b84f42670c916d07e038f5b5') in 0.008 seconds [static and dynamic dependencies]. Details - ImportResultOutputID=cd78f967b52494fb1a7fdd457c8506cd DependenciesID=64087bc7a239ec6761cea38e29fd2e0f StaticDependenciesID=54b40c932438fd0d4e5426697ee252c5 
Number of updated asset objects reloaded before import = 0
Number of asset objects unloaded after import = 1
========================================================================
Received Import Request.
  Time of request: 2026-08-22T03:24:01.0378232Z
  Time since last request: 0.0310187 seconds.
  importAddress: GUID: d54ac06fd6ba14523a3af40273b65c4a - Path: Packages/com.unity.render-pipelines.universal/Tests/Editor/Tools/Converters/MaterialUpgrader/AutodeskInteractiveOpaqueMaterialUpgraderTest.cs - Importer: ScriptedImporter/UnityEditor.QuickSearchModule:UnityEditor.Search:ASIAI0B
Importing 'GUID: d54ac06fd6ba14523a3af40273b65c4a - Path: Packages/com.unity.render-pipelines.universal/Tests/Editor/Tools/Converters/MaterialUpgrader/AutodeskInteractiveOpaqueMaterialUpgraderTest.cs - Importer: ScriptedImporter/UnityEditor.QuickSearchModule:UnityEditor.Search:ASIAI0B' with importer (ScriptedImporter : UnityEditor.QuickSearchModule:UnityEditor.Search:ASIAI0B)
Imported 'GUID: d54ac06fd6ba14523a3af40273b65c4a' -> (Import Result ID: 'd38ea8d3c20c2444aeb306028afc406b') in 0.006 seconds [static and dynamic dependencies]. Details - ImportResultOutputID=5cb5d4857a227946ca3f09a857a575b0 DependenciesID=b19529834548688864b0e487520d49ca StaticDependenciesID=0fc313fd56698a52f04ed110da5cf0c6 
Number of updated asset objects reloaded before import = 0
Number of asset objects unloaded after import = 0
========================================================================
Received Import Request.
  Time of request: 2026-08-22T03:24:01.0583294Z
  Time since last request: 0.0006902 seconds.
  importAddress: GUID: 1b477d4c93a074c40bf5c83b3d7962a4 - Path: Packages/com.unity.render-pipelines.universal/Tests/Editor/Tools/Converters/MaterialUpgrader/MaterialUpgraderTestBase.cs - Importer: ScriptedImporter/UnityEditor.QuickSearchModule:UnityEditor.Search:ASIAI0B
Importing 'GUID: 1b477d4c93a074c40bf5c83b3d7962a4 - Path: Packages/com.unity.render-pipelines.universal/Tests/Editor/Tools/Converters/MaterialUpgrader/MaterialUpgraderTestBase.cs - Importer: ScriptedImporter/UnityEditor.QuickSearchModule:UnityEditor.Search:ASIAI0B' with importer (ScriptedImporter : UnityEditor.QuickSearchModule:UnityEditor.Search:ASIAI0B)
Imported 'GUID: 1b477d4c93a074c40bf5c83b3d7962a4' -> (Import Result ID: '634c228cad342f3456a4687932f7162d') in 0.011 seconds [static and dynamic dependencies]. Details - ImportResultOutputID=c3481301a3d239501aeb844caf0f2dcf DependenciesID=578bef48cc863bdafc557a3c7ab48137 StaticDependenciesID=a95b07bd2937005c4040151b23f3f7a1 
Number of updated asset objects reloaded before import = 0
Number of asset objects unloaded after import = 0
========================================================================
Received Import Request.
  Time of request: 2026-08-22T03:24:01.0916728Z
  Time since last request: 0.0004941 seconds.
  importAddress: GUID: 6ca9602fbf7414ec78d7d91fb469b05c - Path: Packages/com.unity.render-pipelines.universal/Tests/Editor/Tools/Converters/MaterialUpgrader/AutodeskInteractiveCutoutMaterialUpgraderTest.cs - Importer: ScriptedImporter/UnityEditor.QuickSearchModule:UnityEditor.Search:ASIAI0B
Importing 'GUID: 6ca9602fbf7414ec78d7d91fb469b05c - Path: Packages/com.unity.render-pipelines.universal/Tests/Editor/Tools/Converters/MaterialUpgrader/AutodeskInteractiveCutoutMaterialUpgraderTest.cs - Importer: ScriptedImporter/UnityEditor.QuickSearchModule:UnityEditor.Search:ASIAI0B' with importer (ScriptedImporter : UnityEditor.QuickSearchModule:UnityEditor.Search:ASIAI0B)
Imported 'GUID: 6ca9602fbf7414ec78d7d91fb469b05c' -> (Import Result ID: 'be1f256192a40e20520dba3f461c6198') in 0.007 seconds [static and dynamic dependencies]. Details - ImportResultOutputID=83100adfb2ffc76547b4b460f3a040c7 DependenciesID=c045d98b6a9c9b66278909ea40e8d409 StaticDependenciesID=7227ea6b80fb4d69ac208b8752ab1421 
Number of updated asset objects reloaded before import = 0
Number of asset objects unloaded after import = 0
========================================================================
Received Import Request.
  Time of request: 2026-08-22T03:24:01.1187719Z
  Time since last request: 0.0005713 seconds.
  importAddress: GUID: 4a2199802709cda43937144c1ae1537a - Path: Packages/com.unity.render-pipelines.universal/Tests/Editor/Tools/Converters/AnimationClipConverter/EditorCurveBindingsUtilsTests.cs - Importer: ScriptedImporter/UnityEditor.QuickSearchModule:UnityEditor.Search:ASIAI0B
Importing 'GUID: 4a2199802709cda43937144c1ae1537a - Path: Packages/com.unity.render-pipelines.universal/Tests/Editor/Tools/Converters/AnimationClipConverter/EditorCurveBindingsUtilsTests.cs - Importer: ScriptedImporter/UnityEditor.QuickSearchModule:UnityEditor.Search:ASIAI0B' with importer (ScriptedImporter : UnityEditor.QuickSearchModule:UnityEditor.Search:ASIAI0B)
Imported 'GUID: 4a2199802709cda43937144c1ae1537a' -> (Import Result ID: '62a3e0d6855f80bbac0edc708495b2d2') in 0.008 seconds [static and dynamic dependencies]. Details - ImportResultOutputID=e13e274bc28d317b06f3545bec0862d6 DependenciesID=ca594d7c771a27e64230bfb8f0e78191 StaticDependenciesID=a2067103a3ba8d7aeac327246cf05eb6 
Number of updated asset objects reloaded before import = 0
Number of asset objects unloaded after import = 0
========================================================================
Received Import Request.
  Time of request: 2026-08-22T03:24:01.1465001Z
  Time since last request: 0.0006708 seconds.
  importAddress: GUID: c1da4bb8f6d579e4aa0584f149ad9256 - Path: Packages/com.unity.render-pipelines.universal/Tests/Editor/Tools/Converters/AnimationClipConverter/AnimationClipConverterTests.cs - Importer: ScriptedImporter/UnityEditor.QuickSearchModule:UnityEditor.Search:ASIAI0B
Importing 'GUID: c1da4bb8f6d579e4aa0584f149ad9256 - Path: Packages/com.unity.render-pipelines.universal/Tests/Editor/Tools/Converters/AnimationClipConverter/AnimationClipConverterTests.cs - Importer: ScriptedImporter/UnityEditor.QuickSearchModule:UnityEditor.Search:ASIAI0B' with importer (ScriptedImporter : UnityEditor.QuickSearchModule:UnityEditor.Search:ASIAI0B)
Imported 'GUID: c1da4bb8f6d579e4aa0584f149ad9256' -> (Import Result ID: '78ab9d3a2b649b6183facb4e3458a7ef') in 0.007 seconds [static and dynamic dependencies]. Details - ImportResultOutputID=d9390d230b5b8e48979efb67e6720ade DependenciesID=f212fac05e5378aff190b443a9c02751 StaticDependenciesID=df2a2d057370a50fae1638133f7a725a 
Number of updated asset objects reloaded before import = 0
Number of asset objects unloaded after import = 0
========================================================================
Received Import Request.
  Time of request: 2026-08-22T03:24:01.1924223Z
  Time since last request: 0.0165557 seconds.
  importAddress: GUID: 73f2494dd08c9be49b00d97aada5ee77 - Path: Packages/com.unity.test-framework.performance/Runtime/SampleGroup.cs - Importer: ScriptedImporter/UnityEditor.QuickSearchModule:UnityEditor.Search:ASIAI0B
Importing 'GUID: 73f2494dd08c9be49b00d97aada5ee77 - Path: Packages/com.unity.test-framework.performance/Runtime/SampleGroup.cs - Importer: ScriptedImporter/UnityEditor.QuickSearchModule:UnityEditor.Search:ASIAI0B' with importer (ScriptedImporter : UnityEditor.QuickSearchModule:UnityEditor.Search:ASIAI0B)
Imported 'GUID: 73f2494dd08c9be49b00d97aada5ee77' -> (Import Result ID: '83d249d7c4ddb64e43511d84259b1762') in 0.006 seconds [static and dynamic dependencies]. Details - ImportResultOutputID=1823f6261e60e5d252859ece70eac7cd DependenciesID=9be6f1688a33b3fe711213302deac5b7 StaticDependenciesID=20bda1e392aa9de2f073fe2b92835671 
Number of updated asset objects reloaded before import = 0
Number of asset objects unloaded after import = 0
========================================================================
Received Import Request.
  Time of request: 2026-08-22T03:24:01.2172207Z
  Time since last request: 0.0007313 seconds.
  importAddress: GUID: 7dd61a6c0836b0145836c05f91470e99 - Path: Packages/com.unity.test-framework.performance/Runtime/Utils.cs - Importer: ScriptedImporter/UnityEditor.QuickSearchModule:UnityEditor.Search:ASIAI0B
Importing 'GUID: 7dd61a6c0836b0145836c05f91470e99 - Path: Packages/com.unity.test-framework.performance/Runtime/Utils.cs - Importer: ScriptedImporter/UnityEditor.QuickSearchModule:UnityEditor.Search:ASIAI0B' with importer (ScriptedImporter : UnityEditor.QuickSearchModule:UnityEditor.Search:ASIAI0B)
Imported 'GUID: 7dd61a6c0836b0145836c05f91470e99' -> (Import Result ID: '367b195296f3f20d55df7a41c188b29e') in 0.005 seconds [static and dynamic dependencies]. Details - ImportResultOutputID=04cfd0f0eefecf5a5f03ae026d023374 DependenciesID=b234dd35068c7db4bc7b53285413e6cc StaticDependenciesID=8eb4c47ae0705666ea9606a6fb6a49ac 
Number of updated asset objects reloaded before import = 0
Number of asset objects unloaded after import = 0
========================================================================
Received Import Request.
  Time of request: 2026-08-22T03:24:01.243407Z
  Time since last request: 0.000762 seconds.
  importAddress: GUID: 9f843d4b38153f04b9cee0502d568525 - Path: Packages/com.unity.test-framework.performance/Editor/Unity.PerformanceTesting.Editor.asmdef - Importer: ScriptedImporter/UnityEditor.QuickSearchModule:UnityEditor.Search:ASIAI0B
Importing 'GUID: 9f843d4b38153f04b9cee0502d568525 - Path: Packages/com.unity.test-framework.performance/Editor/Unity.PerformanceTesting.Editor.asmdef - Importer: ScriptedImporter/UnityEditor.QuickSearchModule:UnityEditor.Search:ASIAI0B' with importer (ScriptedImporter : UnityEditor.QuickSearchModule:UnityEditor.Search:ASIAI0B)
Imported 'GUID: 9f843d4b38153f04b9cee0502d568525' -> (Import Result ID: 'aed4c160bd38e9b48a7b2eac9d78b24e') in 0.019 seconds [static and dynamic dependencies]. Details - ImportResultOutputID=9c68342fc49d2cc3fdcc04a57ef4320a DependenciesID=005f584bc57de74c5779bc720a94fa3b StaticDependenciesID=9a2030af5f4460e0600d981b3868f25d 
Number of updated asset objects reloaded before import = 0
Number of asset objects unloaded after import = 1
========================================================================
Received Import Request.
  Time of request: 2026-08-22T03:24:01.285042Z
  Time since last request: 0.0006247 seconds.
  importAddress: GUID: f7a8357347c80dc69c08d0b1a05e2122 - Path: Packages/com.unity.modules.physics2d/package.json - Importer: ScriptedImporter/UnityEditor.QuickSearchModule:UnityEditor.Search:ASIAI0B
Importing 'GUID: f7a8357347c80dc69c08d0b1a05e2122 - Path: Packages/com.unity.modules.physics2d/package.json - Importer: ScriptedImporter/UnityEditor.QuickSearchModule:UnityEditor.Search:ASIAI0B' with importer (ScriptedImporter : UnityEditor.QuickSearchModule:UnityEditor.Search:ASIAI0B)
Imported 'GUID: f7a8357347c80dc69c08d0b1a05e2122' -> (Import Result ID: 'fb9d17a4452a3ef6e7198aa5f819a6ec') in 0.017 seconds [static and dynamic dependencies]. Details - ImportResultOutputID=7f20eefb1bb7e0ed58b8a85b073ca2c0 DependenciesID=7bc43d0a35e1c1daeea789016e9e95e8 StaticDependenciesID=99e97b2da3a6c93e6e8d10ac4c913cff 
Number of updated asset objects reloaded before import = 0
Number of asset objects unloaded after import = 1
========================================================================
Received Import Request.
  Time of request: 2026-08-22T03:24:01.3261533Z
  Time since last request: 0.0005455 seconds.
  importAddress: GUID: adeb1350b6faa3f49b2e8eeca35edc53 - Path: Packages/com.unity.test-framework.performance/Runtime/PlayerCallbacks.cs - Importer: ScriptedImporter/UnityEditor.QuickSearchModule:UnityEditor.Search:ASIAI0B
Importing 'GUID: adeb1350b6faa3f49b2e8eeca35edc53 - Path: Packages/com.unity.test-framework.performance/Runtime/PlayerCallbacks.cs - Importer: ScriptedImporter/UnityEditor.QuickSearchModule:UnityEditor.Search:ASIAI0B' with importer (ScriptedImporter : UnityEditor.QuickSearchModule:UnityEditor.Search:ASIAI0B)
Imported 'GUID: adeb1350b6faa3f49b2e8eeca35edc53' -> (Import Result ID: '1b350c44ae672f93551869713bf724dd') in 0.009 seconds [static and dynamic dependencies]. Details - ImportResultOutputID=4e03249ef35e5880a10fcccb10fca5fe DependenciesID=413f0bc8b6adca4a187e1c107d6c5937 StaticDependenciesID=0b0e3db48babbd4d5ac117c8d0c5950d 
Number of updated asset objects reloaded before import = 0
Number of asset objects unloaded after import = 0
========================================================================
Received Import Request.
  Time of request: 2026-08-22T03:24:01.3572059Z
  Time since last request: 0.0010661 seconds.
  importAddress: GUID: 9f7fc0eedf514939aced1b50b9163974 - Path: Packages/com.unity.test-framework.performance/Runtime/ResourcesLoader.cs - Importer: ScriptedImporter/UnityEditor.QuickSearchModule:UnityEditor.Search:ASIAI0B
Importing 'GUID: 9f7fc0eedf514939aced1b50b9163974 - Path: Packages/com.unity.test-framework.performance/Runtime/ResourcesLoader.cs - Importer: ScriptedImporter/UnityEditor.QuickSearchModule:UnityEditor.Search:ASIAI0B' with importer (ScriptedImporter : UnityEditor.QuickSearchModule:UnityEditor.Search:ASIAI0B)
Imported 'GUID: 9f7fc0eedf514939aced1b50b9163974' -> (Import Result ID: 'a51e7356af81e968c3fcdffbdc3ef314') in 0.007 seconds [static and dynamic dependencies]. Details - ImportResultOutputID=e4fa273de8bb6cbba6b5fb20b006ed92 DependenciesID=8a4dbfd315711753921d3da64f6c64e9 StaticDependenciesID=2d9ec649fbbc509b3d50d05c7665c2a4 
Number of updated asset objects reloaded before import = 0
Number of asset objects unloaded after import = 0
========================================================================
Received Import Request.
  Time of request: 2026-08-22T03:24:01.3864696Z
  Time since last request: 0.0010158 seconds.
  importAddress: GUID: 99066a8873cba594d8db5121bc0b7ae0 - Path: Packages/com.unity.render-pipelines.universal-config/Runtime/ShaderConfig.cs - Importer: ScriptedImporter/UnityEditor.QuickSearchModule:UnityEditor.Search:ASIAI0B
Importing 'GUID: 99066a8873cba594d8db5121bc0b7ae0 - Path: Packages/com.unity.render-pipelines.universal-config/Runtime/ShaderConfig.cs - Importer: ScriptedImporter/UnityEditor.QuickSearchModule:UnityEditor.Search:ASIAI0B' with importer (ScriptedImporter : UnityEditor.QuickSearchModule:UnityEditor.Search:ASIAI0B)
Imported 'GUID: 99066a8873cba594d8db5121bc0b7ae0' -> (Import Result ID: '2b64c9b021f6ec493a0eda45b911ee24') in 0.006 seconds [static and dynamic dependencies]. Details - ImportResultOutputID=7e5a8813b09c5c7c5201a0f215ad71ed DependenciesID=3839ac1b5668396c7c4925a35c2f99b1 StaticDependenciesID=555f98956965450be024b399838f335e 
Number of updated asset objects reloaded before import = 0
Number of asset objects unloaded after import = 0
========================================================================
Received Import Request.
  Time of request: 2026-08-22T03:24:01.4171295Z
  Time since last request: 0.0010778 seconds.
  importAddress: GUID: ace421d79f5a6bd41bca418cddff7683 - Path: Packages/com.unity.render-pipelines.universal/Tests/Editor/Tools/Converters/ReadonlyMaterialConverter/ReadonlyMaterialConverterTests.MaterialReferenceBuilder.cs - Importer: ScriptedImporter/UnityEditor.QuickSearchModule:UnityEditor.Search:ASIAI0B
Importing 'GUID: ace421d79f5a6bd41bca418cddff7683 - Path: Packages/com.unity.render-pipelines.universal/Tests/Editor/Tools/Converters/ReadonlyMaterialConverter/ReadonlyMaterialConverterTests.MaterialReferenceBuilder.cs - Importer: ScriptedImporter/UnityEditor.QuickSearchModule:UnityEditor.Search:ASIAI0B' with importer (ScriptedImporter : UnityEditor.QuickSearchModule:UnityEditor.Search:ASIAI0B)
Imported 'GUID: ace421d79f5a6bd41bca418cddff7683' -> (Import Result ID: 'eefab42d47bc52905dc1be3bbd58abb8') in 0.006 seconds [static and dynamic dependencies]. Details - ImportResultOutputID=ac791c068911a898a9b7f6a439f7b79a DependenciesID=27a00c682eb9a796dbc1ae5a89da89ca StaticDependenciesID=ecd5460f72b66c5a271b10ea852741da 
Number of updated asset objects reloaded before import = 0
Number of asset objects unloaded after import = 0
========================================================================
Received Import Request.
  Time of request: 2026-08-22T03:24:01.4455455Z
  Time since last request: 0.0009616 seconds.
  importAddress: GUID: 71747feda1cfa634686086b1914eacb6 - Path: Packages/com.unity.render-pipelines.universal-config/Tests/Editor/Unity.RenderPipelines.Universal.Config.Editor.Tests.asmdef - Importer: ScriptedImporter/UnityEditor.QuickSearchModule:UnityEditor.Search:ASIAI0B
Importing 'GUID: 71747feda1cfa634686086b1914eacb6 - Path: Packages/com.unity.render-pipelines.universal-config/Tests/Editor/Unity.RenderPipelines.Universal.Config.Editor.Tests.asmdef - Importer: ScriptedImporter/UnityEditor.QuickSearchModule:UnityEditor.Search:ASIAI0B' with importer (ScriptedImporter : UnityEditor.QuickSearchModule:UnityEditor.Search:ASIAI0B)
Imported 'GUID: 71747feda1cfa634686086b1914eacb6' -> (Import Result ID: '4c45189a959e3b17e0ca08d75ec4b50b') in 0.016 seconds [static and dynamic dependencies]. Details - ImportResultOutputID=f23f173b954e0e0b9e208d20a9cbee71 DependenciesID=70fa90626ce7cca315e66b365bd3cbbc StaticDependenciesID=1956e13ab800336e523bdee2b18495a9 
Number of updated asset objects reloaded before import = 0
Number of asset objects unloaded after import = 1
========================================================================
Received Import Request.
  Time of request: 2026-08-22T03:24:01.4846434Z
  Time since last request: 0.0007387 seconds.
  importAddress: GUID: eecaaae1ce1cb6d4191f80484e152f46 - Path: Packages/com.unity.test-framework.performance/Runtime/Data/Hardware.cs - Importer: ScriptedImporter/UnityEditor.QuickSearchModule:UnityEditor.Search:ASIAI0B
Importing 'GUID: eecaaae1ce1cb6d4191f80484e152f46 - Path: Packages/com.unity.test-framework.performance/Runtime/Data/Hardware.cs - Importer: ScriptedImporter/UnityEditor.QuickSearchModule:UnityEditor.Search:ASIAI0B' with importer (ScriptedImporter : UnityEditor.QuickSearchModule:UnityEditor.Search:ASIAI0B)
Imported 'GUID: eecaaae1ce1cb6d4191f80484e152f46' -> (Import Result ID: '0e8dba8f68ae38fff0b1d61af027e294') in 0.008 seconds [static and dynamic dependencies]. Details - ImportResultOutputID=adda09e924b70cfe8ac2781c65130610 DependenciesID=910eb41db0a1e2769eb25cfca7ba55e6 StaticDependenciesID=72b0838f04ea8927e91114b5bc116a31 
Number of updated asset objects reloaded before import = 0
Number of asset objects unloaded after import = 0
========================================================================
Received Import Request.
  Time of request: 2026-08-22T03:24:01.5139858Z
  Time since last request: 0.0007075 seconds.
  importAddress: GUID: 3e68133cd13ef104088b87bbf4f00320 - Path: Packages/com.unity.test-framework.performance/Editor/TestRunBuilder.cs - Importer: ScriptedImporter/UnityEditor.QuickSearchModule:UnityEditor.Search:ASIAI0B
Importing 'GUID: 3e68133cd13ef104088b87bbf4f00320 - Path: Packages/com.unity.test-framework.performance/Editor/TestRunBuilder.cs - Importer: ScriptedImporter/UnityEditor.QuickSearchModule:UnityEditor.Search:ASIAI0B' with importer (ScriptedImporter : UnityEditor.QuickSearchModule:UnityEditor.Search:ASIAI0B)
Imported 'GUID: 3e68133cd13ef104088b87bbf4f00320' -> (Import Result ID: '6d4a315775c1d606b3efa17c5901603f') in 0.014 seconds [static and dynamic dependencies]. Details - ImportResultOutputID=0941d3b13ca270e10f3166320fba1c4a DependenciesID=a90e27188e90f033a85f45866def4900 StaticDependenciesID=366a636bd74a851e4964104152b6a8b0 
Number of updated asset objects reloaded before import = 0
Number of asset objects unloaded after import = 0
========================================================================
Received Import Request.
  Time of request: 2026-08-22T03:24:01.549233Z
  Time since last request: 0.0006918 seconds.
  importAddress: GUID: 4839e753f107dca4db956c531da90096 - Path: Packages/com.unity.render-pipelines.universal/Tests/Editor/Tools/Converters/ReadonlyMaterialConverter/ReadonlyMaterialConverterTests.MaterialReferenceChanger.cs - Importer: ScriptedImporter/UnityEditor.QuickSearchModule:UnityEditor.Search:ASIAI0B
Importing 'GUID: 4839e753f107dca4db956c531da90096 - Path: Packages/com.unity.render-pipelines.universal/Tests/Editor/Tools/Converters/ReadonlyMaterialConverter/ReadonlyMaterialConverterTests.MaterialReferenceChanger.cs - Importer: ScriptedImporter/UnityEditor.QuickSearchModule:UnityEditor.Search:ASIAI0B' with importer (ScriptedImporter : UnityEditor.QuickSearchModule:UnityEditor.Search:ASIAI0B)
Imported 'GUID: 4839e753f107dca4db956c531da90096' -> (Import Result ID: '233ff097aa723876a01a9e1efef54f76') in 0.006 seconds [static and dynamic dependencies]. Details - ImportResultOutputID=082c6503d516a5a7682ae5f769fa1d62 DependenciesID=e02ea109bafd440a6138b6ab4244be62 StaticDependenciesID=ed7f41dc8ff858238fa6d4433d0bed5d 
Number of updated asset objects reloaded before import = 0
Number of asset objects unloaded after import = 0
========================================================================
Received Import Request.
  Time of request: 2026-08-22T03:24:01.5762202Z
  Time since last request: 0.0012379 seconds.
  importAddress: GUID: 8a8d9e4408d3f1247884b71451a0abcf - Path: Packages/com.unity.render-pipelines.universal-config/LICENSE.md - Importer: ScriptedImporter/UnityEditor.QuickSearchModule:UnityEditor.Search:ASIAI0B
Importing 'GUID: 8a8d9e4408d3f1247884b71451a0abcf - Path: Packages/com.unity.render-pipelines.universal-config/LICENSE.md - Importer: ScriptedImporter/UnityEditor.QuickSearchModule:UnityEditor.Search:ASIAI0B' with importer (ScriptedImporter : UnityEditor.QuickSearchModule:UnityEditor.Search:ASIAI0B)
Imported 'GUID: 8a8d9e4408d3f1247884b71451a0abcf' -> (Import Result ID: 'c6652e3c3555a7d8792aaaeb2cb2f328') in 0.020 seconds [static and dynamic dependencies]. Details - ImportResultOutputID=fb14a6b274a4d0145f67840a11526fa0 DependenciesID=6563f8b48c95f3c0b5316979e8cf5c2d StaticDependenciesID=5438e142a1a65dd90485ec9e2fec98f6 
Number of updated asset objects reloaded before import = 0
Number of asset objects unloaded after import = 1
========================================================================
Received Import Request.
  Time of request: 2026-08-22T03:24:01.6146671Z
  Time since last request: 0.0005576 seconds.
  importAddress: GUID: 788d1fc54ab24f14d80cb45b26012c82 - Path: Packages/com.unity.test-framework.performance/Runtime/Measure.cs - Importer: ScriptedImporter/UnityEditor.QuickSearchModule:UnityEditor.Search:ASIAI0B
Importing 'GUID: 788d1fc54ab24f14d80cb45b26012c82 - Path: Packages/com.unity.test-framework.performance/Runtime/Measure.cs - Importer: ScriptedImporter/UnityEditor.QuickSearchModule:UnityEditor.Search:ASIAI0B' with importer (ScriptedImporter : UnityEditor.QuickSearchModule:UnityEditor.Search:ASIAI0B)
Imported 'GUID: 788d1fc54ab24f14d80cb45b26012c82' -> (Import Result ID: '0a107e18bef84aa0950ac2e10c5cd9a9') in 0.006 seconds [static and dynamic dependencies]. Details - ImportResultOutputID=3455b0fda71cb57a40abea0509b20c6b DependenciesID=787d2bbfd121eba332941c275ae07724 StaticDependenciesID=e67a1221be193366952714eb09ccd0ff 
Number of updated asset objects reloaded before import = 0
Number of asset objects unloaded after import = 0
========================================================================
Received Import Request.
  Time of request: 2026-08-22T03:24:01.6430269Z
  Time since last request: 0.0009444 seconds.
  importAddress: GUID: 5cb0d418e2eda6f4a8ebfe6910c17dd4 - Path: Packages/com.unity.test-framework.performance/CHANGELOG.md - Importer: ScriptedImporter/UnityEditor.QuickSearchModule:UnityEditor.Search:ASIAI0B
Importing 'GUID: 5cb0d418e2eda6f4a8ebfe6910c17dd4 - Path: Packages/com.unity.test-framework.performance/CHANGELOG.md - Importer: ScriptedImporter/UnityEditor.QuickSearchModule:UnityEditor.Search:ASIAI0B' with importer (ScriptedImporter : UnityEditor.QuickSearchModule:UnityEditor.Search:ASIAI0B)
Imported 'GUID: 5cb0d418e2eda6f4a8ebfe6910c17dd4' -> (Import Result ID: 'e78691fe27093cb38423bfbfe6489d11') in 0.048 seconds [static and dynamic dependencies]. Details - ImportResultOutputID=814496bc7dcbcc1ef9a29a37e1f20d74 DependenciesID=a2d503f93943c6bf2f33024e7b3c5e75 StaticDependenciesID=2b31dbc1dd965a22517abd5cd0cbdc7d 
Number of updated asset objects reloaded before import = 0
Number of asset objects unloaded after import = 1
========================================================================
Received Import Request.
  Time of request: 2026-08-22T03:24:01.7126406Z
  Time since last request: 0.0005439 seconds.
  importAddress: GUID: 4ea07ee0847c4e359272dd9b57e1cb2b - Path: Packages/com.unity.test-framework.performance/Editor/TestRunnerInitializer.cs - Importer: ScriptedImporter/UnityEditor.QuickSearchModule:UnityEditor.Search:ASIAI0B
Importing 'GUID: 4ea07ee0847c4e359272dd9b57e1cb2b - Path: Packages/com.unity.test-framework.performance/Editor/TestRunnerInitializer.cs - Importer: ScriptedImporter/UnityEditor.QuickSearchModule:UnityEditor.Search:ASIAI0B' with importer (ScriptedImporter : UnityEditor.QuickSearchModule:UnityEditor.Search:ASIAI0B)
Imported 'GUID: 4ea07ee0847c4e359272dd9b57e1cb2b' -> (Import Result ID: 'a91c01ac47970051c6e15fd49bf75a55') in 0.006 seconds [static and dynamic dependencies]. Details - ImportResultOutputID=8bcc19e6009f640909317a626da5ff0f DependenciesID=b950c9fc1e28fe64fb4e0044b2990fc4 StaticDependenciesID=fd4337f2220b833037f1176a0dd85e4a 
Number of updated asset objects reloaded before import = 0
Number of asset objects unloaded after import = 0
========================================================================
Received Import Request.
  Time of request: 2026-08-22T03:24:01.7379059Z
  Time since last request: 0.0008492 seconds.
  importAddress: GUID: c0dd0d10738d4ad4a9de57c559d0ca1b - Path: Packages/com.unity.test-framework.performance/Runtime/Unity.PerformanceTesting.asmdef - Importer: ScriptedImporter/UnityEditor.QuickSearchModule:UnityEditor.Search:ASIAI0B
Importing 'GUID: c0dd0d10738d4ad4a9de57c559d0ca1b - Path: Packages/com.unity.test-framework.performance/Runtime/Unity.PerformanceTesting.asmdef - Importer: ScriptedImporter/UnityEditor.QuickSearchModule:UnityEditor.Search:ASIAI0B' with importer (ScriptedImporter : UnityEditor.QuickSearchModule:UnityEditor.Search:ASIAI0B)
Imported 'GUID: c0dd0d10738d4ad4a9de57c559d0ca1b' -> (Import Result ID: '758517ecdaf960218489dcf83b804ddf') in 0.020 seconds [static and dynamic dependencies]. Details - ImportResultOutputID=a5d1cb440ce7ecdc151cfe67ac93d970 DependenciesID=e027a3b0cc6368c0bab1f50d6a56b17a StaticDependenciesID=11bd72df541db175609c67713e36cce9 
Number of updated asset objects reloaded before import = 0
Number of asset objects unloaded after import = 1
========================================================================
Received Import Request.
  Time of request: 2026-08-22T03:24:01.7776452Z
  Time since last request: 0.0014956 seconds.
  importAddress: GUID: 601d7eee390860c4e80380ed9ff5e296 - Path: Packages/com.unity.test-framework.performance/Runtime/Data/Project.cs - Importer: ScriptedImporter/UnityEditor.QuickSearchModule:UnityEditor.Search:ASIAI0B
Importing 'GUID: 601d7eee390860c4e80380ed9ff5e296 - Path: Packages/com.unity.test-framework.performance/Runtime/Data/Project.cs - Importer: ScriptedImporter/UnityEditor.QuickSearchModule:UnityEditor.Search:ASIAI0B' with importer (ScriptedImporter : UnityEditor.QuickSearchModule:UnityEditor.Search:ASIAI0B)
Imported 'GUID: 601d7eee390860c4e80380ed9ff5e296' -> (Import Result ID: '4ec64a2a082f37446cddc1d46561af62') in 0.007 seconds [static and dynamic dependencies]. Details - ImportResultOutputID=045a4e934a323546376f603a3694e453 DependenciesID=44899a29292b16db61fbc27a96cc6ecc StaticDependenciesID=c30afa1b31c7335ae28c814f39b38f21 
Number of updated asset objects reloaded before import = 0
Number of asset objects unloaded after import = 0
========================================================================
Received Import Request.
  Time of request: 2026-08-22T03:24:01.8057738Z
  Time since last request: 0.0006993 seconds.
  importAddress: GUID: 65a435b219724f1c9e25b4f8d4564bb3 - Path: Packages/com.unity.test-framework.performance/Editor/CmdLineResultsSavingCallbacks.cs - Importer: ScriptedImporter/UnityEditor.QuickSearchModule:UnityEditor.Search:ASIAI0B
Importing 'GUID: 65a435b219724f1c9e25b4f8d4564bb3 - Path: Packages/com.unity.test-framework.performance/Editor/CmdLineResultsSavingCallbacks.cs - Importer: ScriptedImporter/UnityEditor.QuickSearchModule:UnityEditor.Search:ASIAI0B' with importer (ScriptedImporter : UnityEditor.QuickSearchModule:UnityEditor.Search:ASIAI0B)
Imported 'GUID: 65a435b219724f1c9e25b4f8d4564bb3' -> (Import Result ID: '00081dc6942246714c02219e34c7b189') in 0.010 seconds [static and dynamic dependencies]. Details - ImportResultOutputID=e3d2bc0492bcf883ef256a2e4742b07a DependenciesID=82a792f9cd725740cd61fd3cc971041d StaticDependenciesID=2091f3d3712dcc4f5e52f42dd4f5e460 
Number of updated asset objects reloaded before import = 0
Number of asset objects unloaded after import = 0
========================================================================
Received Import Request.
  Time of request: 2026-08-22T03:24:01.8453768Z
  Time since last request: 0.0005255 seconds.
  importAddress: GUID: 62eec8a012ecc7c4a8b5a38b5dc130e4 - Path: Packages/com.unity.test-framework.performance/Editor/PerformanceTestRunSaver.cs - Importer: ScriptedImporter/UnityEditor.QuickSearchModule:UnityEditor.Search:ASIAI0B
Importing 'GUID: 62eec8a012ecc7c4a8b5a38b5dc130e4 - Path: Packages/com.unity.test-framework.performance/Editor/PerformanceTestRunSaver.cs - Importer: ScriptedImporter/UnityEditor.QuickSearchModule:UnityEditor.Search:ASIAI0B' with importer (ScriptedImporter : UnityEditor.QuickSearchModule:UnityEditor.Search:ASIAI0B)
Imported 'GUID: 62eec8a012ecc7c4a8b5a38b5dc130e4' -> (Import Result ID: 'ede80181b3dbaed3aa964fe3d2dafe53') in 0.011 seconds [static and dynamic dependencies]. Details - ImportResultOutputID=84d286f2e33c3e470e3f360279fec8a5 DependenciesID=b2f4c893b113c7d3db6f2e831ec1a254 StaticDependenciesID=db2d3075db475d1bde5bf49b4cf48f29 
Number of updated asset objects reloaded before import = 0
Number of asset objects unloaded after import = 0
========================================================================
Received Import Request.
  Time of request: 2026-08-22T03:24:01.8769849Z
  Time since last request: 0.001237 seconds.
  importAddress: GUID: 6b7e8a2b3c6739c44a35905b9331e9b4 - Path: Packages/com.unity.test-framework.performance/Editor/PerformanceTestBuildAssemblyFilter.cs - Importer: ScriptedImporter/UnityEditor.QuickSearchModule:UnityEditor.Search:ASIAI0B
Importing 'GUID: 6b7e8a2b3c6739c44a35905b9331e9b4 - Path: Packages/com.unity.test-framework.performance/Editor/PerformanceTestBuildAssemblyFilter.cs - Importer: ScriptedImporter/UnityEditor.QuickSearchModule:UnityEditor.Search:ASIAI0B' with importer (ScriptedImporter : UnityEditor.QuickSearchModule:UnityEditor.Search:ASIAI0B)
Imported 'GUID: 6b7e8a2b3c6739c44a35905b9331e9b4' -> (Import Result ID: 'f6574c279856bc756cf1538a8813e825') in 0.012 seconds [static and dynamic dependencies]. Details - ImportResultOutputID=49b8d6fff56a4a05807194d2a3b5c6f5 DependenciesID=b6344bb1d7cba33ea25f4b520a99e5aa StaticDependenciesID=ff14f2708fd5b102a74624146ac0eb70 
Number of updated asset objects reloaded before import = 0
Number of asset objects unloaded after import = 0
========================================================================
Received Import Request.
  Time of request: 2026-08-22T03:24:01.9125753Z
  Time since last request: 0.0007555 seconds.
  importAddress: GUID: 5e031dc4f3118ad44b907737119d7ed1 - Path: Packages/com.unity.render-pipelines.universal-config/CHANGELOG.md - Importer: ScriptedImporter/UnityEditor.QuickSearchModule:UnityEditor.Search:ASIAI0B
Importing 'GUID: 5e031dc4f3118ad44b907737119d7ed1 - Path: Packages/com.unity.render-pipelines.universal-config/CHANGELOG.md - Importer: ScriptedImporter/UnityEditor.QuickSearchModule:UnityEditor.Search:ASIAI0B' with importer (ScriptedImporter : UnityEditor.QuickSearchModule:UnityEditor.Search:ASIAI0B)
Imported 'GUID: 5e031dc4f3118ad44b907737119d7ed1' -> (Import Result ID: 'a9e85ee25bd75de1b3b7b4439852b3d5') in 0.022 seconds [static and dynamic dependencies]. Details - ImportResultOutputID=f2148e07e3885fc2d4013f257713c1e4 DependenciesID=f88b7438f020654d31ee8bb6f085dd1b StaticDependenciesID=f1ce97d4cdb4e5679e57b5640cc579c9 
Number of updated asset objects reloaded before import = 0
Number of asset objects unloaded after import = 1
========================================================================
Received Import Request.
  Time of request: 2026-08-22T03:24:01.9585255Z
  Time since last request: 0.0009319 seconds.
  importAddress: GUID: f97b05006f7e8f34bbde1823b11b5308 - Path: Packages/com.unity.test-framework.performance/Runtime/Attributes/PerformanceAttribute.cs - Importer: ScriptedImporter/UnityEditor.QuickSearchModule:UnityEditor.Search:ASIAI0B
Importing 'GUID: f97b05006f7e8f34bbde1823b11b5308 - Path: Packages/com.unity.test-framework.performance/Runtime/Attributes/PerformanceAttribute.cs - Importer: ScriptedImporter/UnityEditor.QuickSearchModule:UnityEditor.Search:ASIAI0B' with importer (ScriptedImporter : UnityEditor.QuickSearchModule:UnityEditor.Search:ASIAI0B)
Imported 'GUID: f97b05006f7e8f34bbde1823b11b5308' -> (Import Result ID: '7c61a1ca488c2694ec9334cbb860d982') in 0.006 seconds [static and dynamic dependencies]. Details - ImportResultOutputID=6f2c5440e51fd071e6bb496aa8b2590a DependenciesID=e31cbe99698420f47f6e1db9bf6b77d7 StaticDependenciesID=8bc85d648caa37612fc427affb9d0e9f 
Number of updated asset objects reloaded before import = 0
Number of asset objects unloaded after import = 0
========================================================================
Received Import Request.
  Time of request: 2026-08-22T03:24:01.9866638Z
  Time since last request: 0.0008478 seconds.
  importAddress: GUID: 9cbc3126881d4a31b7b5745739712523 - Path: Packages/com.unity.test-framework.performance/Runtime/Metadata.cs - Importer: ScriptedImporter/UnityEditor.QuickSearchModule:UnityEditor.Search:ASIAI0B
Importing 'GUID: 9cbc3126881d4a31b7b5745739712523 - Path: Packages/com.unity.test-framework.performance/Runtime/Metadata.cs - Importer: ScriptedImporter/UnityEditor.QuickSearchModule:UnityEditor.Search:ASIAI0B' with importer (ScriptedImporter : UnityEditor.QuickSearchModule:UnityEditor.Search:ASIAI0B)
Imported 'GUID: 9cbc3126881d4a31b7b5745739712523' -> (Import Result ID: 'de2c772fae54939b149508e9cb73adb3') in 0.012 seconds [static and dynamic dependencies]. Details - ImportResultOutputID=f2e112227f2f8de05c5ec3a5e97eb881 DependenciesID=e96c705153bc4aec27985f8589b6f36e StaticDependenciesID=fbe50e8c9ad0a9025eb0a83252cac8c3 
Number of updated asset objects reloaded before import = 0
Number of asset objects unloaded after import = 0
========================================================================
Received Import Request.
  Time of request: 2026-08-22T03:24:02.0236113Z
  Time since last request: 0.0017321 seconds.
  importAddress: GUID: c639c93fd368e814686381019d589f37 - Path: Packages/com.unity.render-pipelines.universal/Tests/Editor/Tools/Converters/ReadonlyMaterialConverter/ReadonlyMaterialConverterTests.cs - Importer: ScriptedImporter/UnityEditor.QuickSearchModule:UnityEditor.Search:ASIAI0B
Importing 'GUID: c639c93fd368e814686381019d589f37 - Path: Packages/com.unity.render-pipelines.universal/Tests/Editor/Tools/Converters/ReadonlyMaterialConverter/ReadonlyMaterialConverterTests.cs - Importer: ScriptedImporter/UnityEditor.QuickSearchModule:UnityEditor.Search:ASIAI0B' with importer (ScriptedImporter : UnityEditor.QuickSearchModule:UnityEditor.Search:ASIAI0B)
Imported 'GUID: c639c93fd368e814686381019d589f37' -> (Import Result ID: '7fcc1e078393418bd821fb58e460bc75') in 0.011 seconds [static and dynamic dependencies]. Details - ImportResultOutputID=e8f96992d8b43e07dad802a0f86ec242 DependenciesID=839705dffaa8326785696408fc831f9d StaticDependenciesID=8c9f2d5cb6b18ca4ea5ceeb32cd49423 
Number of updated asset objects reloaded before import = 0
Number of asset objects unloaded after import = 0
========================================================================
Received Import Request.
  Time of request: 2026-08-22T03:24:02.0626197Z
  Time since last request: 0.0007483 seconds.
  importAddress: GUID: 3ea2d7f3aee148a48bf80eafd7113fe0 - Path: Packages/com.unity.test-framework.performance/Runtime/Attributes/VersionAttribute.cs - Importer: ScriptedImporter/UnityEditor.QuickSearchModule:UnityEditor.Search:ASIAI0B
Importing 'GUID: 3ea2d7f3aee148a48bf80eafd7113fe0 - Path: Packages/com.unity.test-framework.performance/Runtime/Attributes/VersionAttribute.cs - Importer: ScriptedImporter/UnityEditor.QuickSearchModule:UnityEditor.Search:ASIAI0B' with importer (ScriptedImporter : UnityEditor.QuickSearchModule:UnityEditor.Search:ASIAI0B)
Imported 'GUID: 3ea2d7f3aee148a48bf80eafd7113fe0' -> (Import Result ID: 'ecb56f2294d2955e55372bcb88c4cf68') in 0.017 seconds [static and dynamic dependencies]. Details - ImportResultOutputID=3c4658bc1f73e0cb26008dae9cf16f47 DependenciesID=45c1273a820e605268271c2a03adcba4 StaticDependenciesID=9c01cb83718a9aee7d769161e369d86d 
Number of updated asset objects reloaded before import = 0
Number of asset objects unloaded after import = 0
========================================================================
Received Import Request.
  Time of request: 2026-08-22T03:24:02.105842Z
  Time since last request: 0.0019461 seconds.
  importAddress: GUID: 60f3b660212a40e7afb5bf15edcd64f2 - Path: Packages/com.unity.test-framework.performance/Runtime/Data/RunSettings.cs - Importer: ScriptedImporter/UnityEditor.QuickSearchModule:UnityEditor.Search:ASIAI0B
Importing 'GUID: 60f3b660212a40e7afb5bf15edcd64f2 - Path: Packages/com.unity.test-framework.performance/Runtime/Data/RunSettings.cs - Importer: ScriptedImporter/UnityEditor.QuickSearchModule:UnityEditor.Search:ASIAI0B' with importer (ScriptedImporter : UnityEditor.QuickSearchModule:UnityEditor.Search:ASIAI0B)
Imported 'GUID: 60f3b660212a40e7afb5bf15edcd64f2' -> (Import Result ID: 'd543b8d195c2df73e8e31bf6c25d905f') in 0.009 seconds [static and dynamic dependencies]. Details - ImportResultOutputID=5e8bc8cdc88a123f3637d3e33d939049 DependenciesID=b3fe8bf47a502b5d185b1868be01d2cb StaticDependenciesID=9ebaea1d111f114d7093c588d570a52d 
Number of updated asset objects reloaded before import = 0
Number of asset objects unloaded after import = 0
========================================================================
Received Import Request.
  Time of request: 2026-08-22T03:24:02.1367887Z
  Time since last request: 0.0009581 seconds.
  importAddress: GUID: 2cea93e2f05193940bf0b8deca0c3898 - Path: Packages/com.unity.test-framework.performance/Runtime/Data/Run.cs - Importer: ScriptedImporter/UnityEditor.QuickSearchModule:UnityEditor.Search:ASIAI0B
Importing 'GUID: 2cea93e2f05193940bf0b8deca0c3898 - Path: Packages/com.unity.test-framework.performance/Runtime/Data/Run.cs - Importer: ScriptedImporter/UnityEditor.QuickSearchModule:UnityEditor.Search:ASIAI0B' with importer (ScriptedImporter : UnityEditor.QuickSearchModule:UnityEditor.Search:ASIAI0B)
Imported 'GUID: 2cea93e2f05193940bf0b8deca0c3898' -> (Import Result ID: '75a51b2f5842f70acc70801273578af3') in 0.006 seconds [static and dynamic dependencies]. Details - ImportResultOutputID=5443eccf5ad7741e5913d8d2f6ce81f7 DependenciesID=376708e3af87e62498a18e8ef759877e StaticDependenciesID=7a696da8c37ed0ad55aeacb4b23a4edc 
Number of updated asset objects reloaded before import = 0
Number of asset objects unloaded after import = 0
========================================================================
Received Import Request.
  Time of request: 2026-08-22T03:24:02.1616885Z
  Time since last request: 0.0005729 seconds.
  importAddress: GUID: 3fdd83b151eb8d25c5e2f82fc39dcb04 - Path: Packages/com.unity.modules.unitywebrequest/package.json - Importer: ScriptedImporter/UnityEditor.QuickSearchModule:UnityEditor.Search:ASIAI0B
Importing 'GUID: 3fdd83b151eb8d25c5e2f82fc39dcb04 - Path: Packages/com.unity.modules.unitywebrequest/package.json - Importer: ScriptedImporter/UnityEditor.QuickSearchModule:UnityEditor.Search:ASIAI0B' with importer (ScriptedImporter : UnityEditor.QuickSearchModule:UnityEditor.Search:ASIAI0B)
Imported 'GUID: 3fdd83b151eb8d25c5e2f82fc39dcb04' -> (Import Result ID: 'ce29edca51c86ceb2ff6d254d36820ad') in 0.016 seconds [static and dynamic dependencies]. Details - ImportResultOutputID=ac36b2637a8b624cb16aee816e26b17a DependenciesID=088bcd3ea09d954de47f093b6bc209d7 StaticDependenciesID=e8143ef487ce67fb30c5f06e4094016f 
Number of updated asset objects reloaded before import = 0
Number of asset objects unloaded after import = 1
========================================================================
Received Import Request.
  Time of request: 2026-08-22T03:24:02.1994071Z
  Time since last request: 0.0004873 seconds.
  importAddress: GUID: fd4abc6933ef4db296c17e31d92d800b - Path: Packages/com.unity.test-framework.performance/Editor/AssemblyInfo.cs - Importer: ScriptedImporter/UnityEditor.QuickSearchModule:UnityEditor.Search:ASIAI0B
Importing 'GUID: fd4abc6933ef4db296c17e31d92d800b - Path: Packages/com.unity.test-framework.performance/Editor/AssemblyInfo.cs - Importer: ScriptedImporter/UnityEditor.QuickSearchModule:UnityEditor.Search:ASIAI0B' with importer (ScriptedImporter : UnityEditor.QuickSearchModule:UnityEditor.Search:ASIAI0B)
Imported 'GUID: fd4abc6933ef4db296c17e31d92d800b' -> (Import Result ID: '456ceb11832c666d7872e4c550a94775') in 0.005 seconds [static and dynamic dependencies]. Details - ImportResultOutputID=a00cf89389d9094d78648d55a1eb591d DependenciesID=cec5f14309349f0fe9338932dea6474f StaticDependenciesID=79e3e81127a6f5329186a790a338b009 
Number of updated asset objects reloaded before import = 0
Number of asset objects unloaded after import = 0
========================================================================
Received Import Request.
  Time of request: 2026-08-22T03:24:02.2249146Z
  Time since last request: 0.0005844 seconds.
  importAddress: GUID: 45422469be932c24aa3fc0ed68b1c6d9 - Path: Packages/com.unity.test-framework.performance/Runtime/PerformanceTestException.cs - Importer: ScriptedImporter/UnityEditor.QuickSearchModule:UnityEditor.Search:ASIAI0B
Importing 'GUID: 45422469be932c24aa3fc0ed68b1c6d9 - Path: Packages/com.unity.test-framework.performance/Runtime/PerformanceTestException.cs - Importer: ScriptedImporter/UnityEditor.QuickSearchModule:UnityEditor.Search:ASIAI0B' with importer (ScriptedImporter : UnityEditor.QuickSearchModule:UnityEditor.Search:ASIAI0B)
Imported 'GUID: 45422469be932c24aa3fc0ed68b1c6d9' -> (Import Result ID: '34d8e3adbf126258f41cdabffa9acaaa') in 0.004 seconds [static and dynamic dependencies]. Details - ImportResultOutputID=70880d32b0af7cebca7c454af080c6f6 DependenciesID=884be634d180b2ed89c7f8479507b2e9 StaticDependenciesID=c9746644021a94067054182408746dc5 
Number of updated asset objects reloaded before import = 0
Number of asset objects unloaded after import = 0
========================================================================
Received Import Request.
  Time of request: 2026-08-22T03:24:02.2479626Z
  Time since last request: 0.0005818 seconds.
  importAddress: GUID: c7715b638c6f5c849a6ec12234ae264c - Path: Packages/com.unity.test-framework.performance/Editor/TestReportGraph/TestReportShader.shader - Importer: ScriptedImporter/UnityEditor.QuickSearchModule:UnityEditor.Search:ASIAI0B
Importing 'GUID: c7715b638c6f5c849a6ec12234ae264c - Path: Packages/com.unity.test-framework.performance/Editor/TestReportGraph/TestReportShader.shader - Importer: ScriptedImporter/UnityEditor.QuickSearchModule:UnityEditor.Search:ASIAI0B' with importer (ScriptedImporter : UnityEditor.QuickSearchModule:UnityEditor.Search:ASIAI0B)
Imported 'GUID: c7715b638c6f5c849a6ec12234ae264c' -> (Import Result ID: 'd6271252b4ade68597d0aa7c2006da14') in 0.008 seconds [static and dynamic dependencies]. Details - ImportResultOutputID=7d529029f892bcae7a18c33932babe17 DependenciesID=bcaeb86477f44b2e7630752f8d560ece StaticDependenciesID=49cd1d6be40e6d9306fe2477ef7df522 
Number of updated asset objects reloaded before import = 0
Number of asset objects unloaded after import = 1
========================================================================
Received Import Request.
  Time of request: 2026-08-22T03:24:02.2935495Z
  Time since last request: 0.0148279 seconds.
  importAddress: GUID: f7250ae0d09b4f228bb132e8f30d3f6e - Path: Packages/com.unity.test-framework.performance/Runtime/Measurements/ScopeMeasurement.cs - Importer: ScriptedImporter/UnityEditor.QuickSearchModule:UnityEditor.Search:ASIAI0B
Importing 'GUID: f7250ae0d09b4f228bb132e8f30d3f6e - Path: Packages/com.unity.test-framework.performance/Runtime/Measurements/ScopeMeasurement.cs - Importer: ScriptedImporter/UnityEditor.QuickSearchModule:UnityEditor.Search:ASIAI0B' with importer (ScriptedImporter : UnityEditor.QuickSearchModule:UnityEditor.Search:ASIAI0B)
Imported 'GUID: f7250ae0d09b4f228bb132e8f30d3f6e' -> (Import Result ID: '6255dbd89423fcc82d1f1e10c1a11c41') in 0.008 seconds [static and dynamic dependencies]. Details - ImportResultOutputID=561a11b03ec8628fdfb461886bbfea44 DependenciesID=68216ae644578ddcd88a512a0ec400ca StaticDependenciesID=6cec4f832614e3f973d152712e3ce9df 
Number of updated asset objects reloaded before import = 0
Number of asset objects unloaded after import = 0
========================================================================
Received Import Request.
  Time of request: 2026-08-22T03:24:02.3253046Z
  Time since last request: 0.0022331 seconds.
  importAddress: GUID: 2ba8bef1806543b47a718ff4d3cb0934 - Path: Packages/com.unity.test-framework.performance/Runtime/Measurements/FrametimeMeasurement.cs - Importer: ScriptedImporter/UnityEditor.QuickSearchModule:UnityEditor.Search:ASIAI0B
Importing 'GUID: 2ba8bef1806543b47a718ff4d3cb0934 - Path: Packages/com.unity.test-framework.performance/Runtime/Measurements/FrametimeMeasurement.cs - Importer: ScriptedImporter/UnityEditor.QuickSearchModule:UnityEditor.Search:ASIAI0B' with importer (ScriptedImporter : UnityEditor.QuickSearchModule:UnityEditor.Search:ASIAI0B)
Imported 'GUID: 2ba8bef1806543b47a718ff4d3cb0934' -> (Import Result ID: '544ec1d07474d33ae53f8a8ec7e18f18') in 0.006 seconds [static and dynamic dependencies]. Details - ImportResultOutputID=1153a95262d7698bf27d83fff739c8dd DependenciesID=2c6998845fa2c8b605884979e0c35b9d StaticDependenciesID=bc57653a62b548d5cdb503e8f64c134b 
Number of updated asset objects reloaded before import = 0
Number of asset objects unloaded after import = 0
========================================================================
Received Import Request.
  Time of request: 2026-08-22T03:24:02.3566857Z
  Time since last request: 0.0008346 seconds.
  importAddress: GUID: e55bf1c69e5bb204d848e5a8ff5da346 - Path: Packages/com.unity.test-framework.performance/Runtime/Measurements/ProfilerMeasurementBehaviour.cs - Importer: ScriptedImporter/UnityEditor.QuickSearchModule:UnityEditor.Search:ASIAI0B
Importing 'GUID: e55bf1c69e5bb204d848e5a8ff5da346 - Path: Packages/com.unity.test-framework.performance/Runtime/Measurements/ProfilerMeasurementBehaviour.cs - Importer: ScriptedImporter/UnityEditor.QuickSearchModule:UnityEditor.Search:ASIAI0B' with importer (ScriptedImporter : UnityEditor.QuickSearchModule:UnityEditor.Search:ASIAI0B)
Imported 'GUID: e55bf1c69e5bb204d848e5a8ff5da346' -> (Import Result ID: '76e49623edc52d2fee43e2f41c177a99') in 0.009 seconds [static and dynamic dependencies]. Details - ImportResultOutputID=4af0985142d75c3d51f01cc56171388b DependenciesID=e2e051c08bfc7f19d3b6e90f361b8c6c StaticDependenciesID=fe70b47bfba6004cff2be5b41761e898 
Number of updated asset objects reloaded before import = 0
Number of asset objects unloaded after import = 0
========================================================================
Received Import Request.
  Time of request: 2026-08-22T03:24:02.3950214Z
  Time since last request: 0.0008771 seconds.
  importAddress: GUID: 848e89034d174c77aae5f9f6a46b904b - Path: Packages/com.unity.test-framework.performance/Runtime/Measurements/ProfilerMeasurement.cs - Importer: ScriptedImporter/UnityEditor.QuickSearchModule:UnityEditor.Search:ASIAI0B
Importing 'GUID: 848e89034d174c77aae5f9f6a46b904b - Path: Packages/com.unity.test-framework.performance/Runtime/Measurements/ProfilerMeasurement.cs - Importer: ScriptedImporter/UnityEditor.QuickSearchModule:UnityEditor.Search:ASIAI0B' with importer (ScriptedImporter : UnityEditor.QuickSearchModule:UnityEditor.Search:ASIAI0B)
Imported 'GUID: 848e89034d174c77aae5f9f6a46b904b' -> (Import Result ID: '24ea2307997141d857f390a9c2996d2e') in 0.006 seconds [static and dynamic dependencies]. Details - ImportResultOutputID=0e030d83c2a108144fb28fe4816ec114 DependenciesID=666797654a8c127065ce19a80675a688 StaticDependenciesID=4adae481b2bbcb361508ec1bfed4b9fa 
Number of updated asset objects reloaded before import = 0
Number of asset objects unloaded after import = 0
========================================================================
Received Import Request.
  Time of request: 2026-08-22T03:24:02.4251143Z
  Time since last request: 0.0007192 seconds.
  importAddress: GUID: 00438930dbe34b76b23c0046d05948b1 - Path: Packages/com.unity.test-framework.performance/Runtime/Statistics/ConfidenceLevel.cs - Importer: ScriptedImporter/UnityEditor.QuickSearchModule:UnityEditor.Search:ASIAI0B
Importing 'GUID: 00438930dbe34b76b23c0046d05948b1 - Path: Packages/com.unity.test-framework.performance/Runtime/Statistics/ConfidenceLevel.cs - Importer: ScriptedImporter/UnityEditor.QuickSearchModule:UnityEditor.Search:ASIAI0B' with importer (ScriptedImporter : UnityEditor.QuickSearchModule:UnityEditor.Search:ASIAI0B)
Imported 'GUID: 00438930dbe34b76b23c0046d05948b1' -> (Import Result ID: '976ef00c26c0cf90ea7d14bc3b9c6b5a') in 0.007 seconds [static and dynamic dependencies]. Details - ImportResultOutputID=5c68cbafac3a56becd758751ab81c263 DependenciesID=98b1a2411ad434959e09a804a0b3ce5f StaticDependenciesID=614fffd972559781e085d1a40efc4196 
Number of updated asset objects reloaded before import = 0
Number of asset objects unloaded after import = 0
========================================================================
Received Import Request.
  Time of request: 2026-08-22T03:24:02.4543266Z
  Time since last request: 0.0006519 seconds.
  importAddress: GUID: 2677a59243824b90add157da8988edde - Path: Packages/com.unity.test-framework.performance/Runtime/Statistics/MeasurementsStatistics.cs - Importer: ScriptedImporter/UnityEditor.QuickSearchModule:UnityEditor.Search:ASIAI0B
Importing 'GUID: 2677a59243824b90add157da8988edde - Path: Packages/com.unity.test-framework.performance/Runtime/Statistics/MeasurementsStatistics.cs - Importer: ScriptedImporter/UnityEditor.QuickSearchModule:UnityEditor.Search:ASIAI0B' with importer (ScriptedImporter : UnityEditor.QuickSearchModule:UnityEditor.Search:ASIAI0B)
Imported 'GUID: 2677a59243824b90add157da8988edde' -> (Import Result ID: '692b81b3c42215bb1fd531d3c25d1b30') in 0.006 seconds [static and dynamic dependencies]. Details - ImportResultOutputID=bee31e8ef027725b8b23dec108e0995d DependenciesID=1a685eb7ad24d888516c67fc19cc93d1 StaticDependenciesID=97b2c7a91061a533fdf880fa784ac48d 
Number of updated asset objects reloaded before import = 0
Number of asset objects unloaded after import = 0
========================================================================
Received Import Request.
  Time of request: 2026-08-22T03:24:02.4818821Z
  Time since last request: 0.001115 seconds.
  importAddress: GUID: 88e4f63cb3be45a6afbc8f43bc4683d1 - Path: Packages/com.unity.test-framework.performance/Runtime/Statistics/ConfidenceLevelExtensions.cs - Importer: ScriptedImporter/UnityEditor.QuickSearchModule:UnityEditor.Search:ASIAI0B
Importing 'GUID: 88e4f63cb3be45a6afbc8f43bc4683d1 - Path: Packages/com.unity.test-framework.performance/Runtime/Statistics/ConfidenceLevelExtensions.cs - Importer: ScriptedImporter/UnityEditor.QuickSearchModule:UnityEditor.Search:ASIAI0B' with importer (ScriptedImporter : UnityEditor.QuickSearchModule:UnityEditor.Search:ASIAI0B)
Imported 'GUID: 88e4f63cb3be45a6afbc8f43bc4683d1' -> (Import Result ID: '3688645e091ea522d59d170a773a1988') in 0.006 seconds [static and dynamic dependencies]. Details - ImportResultOutputID=ea101ef0c7be21ea8316ad77a5e49a6f DependenciesID=daa9689b77e942bd376b7762190a0f96 StaticDependenciesID=43a86c23e34e351c8399b4f6ab9809d2 
Number of updated asset objects reloaded before import = 0
Number of asset objects unloaded after import = 0
========================================================================
Received Import Request.
  Time of request: 2026-08-22T03:24:02.5100961Z
  Time since last request: 0.0009908 seconds.
  importAddress: GUID: 9f2b7554f46f00c488dabcaaf44ed09e - Path: Packages/com.unity.test-framework.performance/Runtime/Measurements/FramesMeasurement.cs - Importer: ScriptedImporter/UnityEditor.QuickSearchModule:UnityEditor.Search:ASIAI0B
Importing 'GUID: 9f2b7554f46f00c488dabcaaf44ed09e - Path: Packages/com.unity.test-framework.performance/Runtime/Measurements/FramesMeasurement.cs - Importer: ScriptedImporter/UnityEditor.QuickSearchModule:UnityEditor.Search:ASIAI0B' with importer (ScriptedImporter : UnityEditor.QuickSearchModule:UnityEditor.Search:ASIAI0B)
Imported 'GUID: 9f2b7554f46f00c488dabcaaf44ed09e' -> (Import Result ID: 'e3621f6811113f2958f02aad1a19254e') in 0.006 seconds [static and dynamic dependencies]. Details - ImportResultOutputID=3e602faa3f4ac0ff6a22f9cd909b62b8 DependenciesID=a37b33c9c4cd5a75ae01a1853319f354 StaticDependenciesID=a0f62219747ec3d51c6e94a592dc0089 
Number of updated asset objects reloaded before import = 0
Number of asset objects unloaded after import = 0
========================================================================
Received Prepare
AcceleratorClientConnectionCallback - disconnected - :0
WARNING: Shader Unsupported: 'Hidden/Simulation/URP/Synthetic' - All subshaders removed
WARNING: Shader Did you use #pragma only_renderers and omit this platform?
WARNING: Shader If subshaders removal was intentional, you may have forgotten turning Fallback off?
WARNING: Shader Unsupported: 'Hidden/Simulation/Synthetic Lit' - All subshaders removed
WARNING: Shader Did you use #pragma only_renderers and omit this platform?
WARNING: Shader If subshaders removal was intentional, you may have forgotten turning Fallback off?
WARNING: Shader Unsupported: 'Simulation/Standard Lit' - All subshaders removed
WARNING: Shader Did you use #pragma only_renderers and omit this platform?
WARNING: Shader If subshaders removal was intentional, you may have forgotten turning Fallback off?
WARNING: Shader Unsupported: 'Simulation/URP/Room X-Ray' - All subshaders removed
WARNING: Shader Did you use #pragma only_renderers and omit this platform?
WARNING: Shader If subshaders removal was intentional, you may have forgotten turning Fallback off?
WARNING: Shader Unsupported: 'Simulation/Room X-Ray' - All subshaders removed
WARNING: Shader Did you use #pragma only_renderers and omit this platform?
WARNING: Shader If subshaders removal was intentional, you may have forgotten turning Fallback off?
WARNING: Shader Unsupported: 'Simulation/URP/Lit' - All subshaders removed
WARNING: Shader Did you use #pragma only_renderers and omit this platform?
WARNING: Shader If subshaders removal was intentional, you may have forgotten turning Fallback off?
Refreshing native plugins compatible for Editor in 3.16 ms, found 1 plugins.
Unloading 30 Unused Serialized files (Serialized files now loaded: 0)
Unloading 5947 unused Assets / (6.3 MB). Loaded Objects now: 6882.
Memory consumption went from 318.4 MB to 312.2 MB.
Total: 14.608200 ms (FindLiveObjects: 1.155700 ms CreateObjectMapping: 3.273700 ms MarkObjects: 6.337200 ms  DeleteObjects: 3.839800 ms)

Prepare: number of updated asset objects reloaded= 0
EnvironmentDependencyValues requested are different than current active one (requested -> active):
  graphicsApiMask: 2048 -> 264192
========================================================================
Received Import Request.
  Time of request: 2026-08-22T03:24:08.9483492Z
  Time since last request: 6.4112051 seconds.
  importAddress: GUID: 6c5cd8d6457f8f64da474ad21cc646e2 - Path: Assets/Scripts/InfoPanelController.cs - Importer: PreviewImporter
Importing 'GUID: 6c5cd8d6457f8f64da474ad21cc646e2 - Path: Assets/Scripts/InfoPanelController.cs - Importer: PreviewImporter' with importer (PreviewImporter)
Imported 'GUID: 6c5cd8d6457f8f64da474ad21cc646e2' -> (Import Result ID: '0d2b0f0a8bb859b46ab65873d1a4e911') in 0.001 seconds [static and dynamic dependencies]. Details - ImportResultOutputID=6e95899d7b43ac643749f79be4d06bcc DependenciesID=6a0a1c8496855d2a839590f01b38ca89 StaticDependenciesID=655ee4357f2cce8e1e87b048d1b1967b 
Number of updated asset objects reloaded before import = 0
Number of asset objects unloaded after import = 0
========================================================================
Received Prepare
AcceleratorClientConnectionCallback - disconnected - :0
[Licensing::Client] Successfully resolved entitlement details
Begin MonoManager ReloadAssembly
Refreshing native plugins compatible for Editor in 3.64 ms, found 1 plugins.
Native extension for Android target not found
Native extension for WindowsStandalone target not found
Native extension for WebGL target not found
[Package Manager] Failed to launch server process. Reason: Unity was launched with the -noUpm command-line argument
[Package Manager] Unable to send message (not connected to server process).
[Package Manager] Cannot connect to Unity Package Manager local server
[Package Manager] Failed to launch server process. Reason: Unity was launched with the -noUpm command-line argument
[Package Manager] Unable to send message (not connected to server process).
[Package Manager] Cannot connect to Unity Package Manager local server
ScheduleIndexationOnStartup MainProcess:False IndexOnStartup:True
Mono: successfully reloaded assembly
[Package Manager] Failed to launch server process. Reason: Unity was launched with the -noUpm command-line argument
[Package Manager] Unable to send message (not connected to server process).
[Package Manager] Cannot connect to Unity Package Manager local server
- Finished resetting the current domain, in  0.810 seconds
Domain Reload Profiling: 1847ms
	BeginReloadAssembly (310ms)
		DisableScriptedObjects (5ms)
		CreateAndSetChildDomain (76ms)
	RebuildCommonClasses (11ms)
	RebuildNativeTypeToScriptingClass (26ms)
	initialDomainReloadingComplete (80ms)
	LoadAllAssembliesAndSetupDomain (608ms)
		LoadAssemblies (392ms)
		AnalyzeDomain (219ms)
			TypeCache.Refresh (14ms)
			BuildScriptInfoCaches (193ms)
			ResolveRequiredComponents (9ms)
	FinalizeReload (811ms)
		SetupLoadedEditorAssemblies (0ms)
			InitializePlatformSupportModulesInManaged (14ms)
			BeforeProcessingInitializeOnLoad (99ms)
			ProcessInitializeOnLoadAttributes (198ms)
			ProcessInitializeOnLoadMethodAttributes (203ms)
			AfterProcessingInitializeOnLoad (12ms)
		AwakeInstancesAfterBackupRestoration (32ms)
WARNING: Shader Unsupported: 'Hidden/Simulation/URP/Synthetic' - All subshaders removed
WARNING: Shader Did you use #pragma only_renderers and omit this platform?
WARNING: Shader If subshaders removal was intentional, you may have forgotten turning Fallback off?
WARNING: Shader Unsupported: 'Hidden/Simulation/Synthetic Lit' - All subshaders removed
WARNING: Shader Did you use #pragma only_renderers and omit this platform?
WARNING: Shader If subshaders removal was intentional, you may have forgotten turning Fallback off?
WARNING: Shader Unsupported: 'Simulation/Standard Lit' - All subshaders removed
WARNING: Shader Did you use #pragma only_renderers and omit this platform?
WARNING: Shader If subshaders removal was intentional, you may have forgotten turning Fallback off?
WARNING: Shader Unsupported: 'Simulation/URP/Room X-Ray' - All subshaders removed
WARNING: Shader Did you use #pragma only_renderers and omit this platform?
WARNING: Shader If subshaders removal was intentional, you may have forgotten turning Fallback off?
WARNING: Shader Unsupported: 'Simulation/Room X-Ray' - All subshaders removed
WARNING: Shader Did you use #pragma only_renderers and omit this platform?
WARNING: Shader If subshaders removal was intentional, you may have forgotten turning Fallback off?
WARNING: Shader Unsupported: 'Simulation/URP/Lit' - All subshaders removed
WARNING: Shader Did you use #pragma only_renderers and omit this platform?
WARNING: Shader If subshaders removal was intentional, you may have forgotten turning Fallback off?
Refreshing native plugins compatible for Editor in 3.88 ms, found 1 plugins.
Unloading 30 Unused Serialized files (Serialized files now loaded: 0)
Unloading 5955 unused Assets / (6.4 MB). Loaded Objects now: 6890.
Memory consumption went from 318.0 MB to 311.6 MB.
Total: 13.819000 ms (FindLiveObjects: 1.094600 ms CreateObjectMapping: 2.988400 ms MarkObjects: 5.574200 ms  DeleteObjects: 4.160000 ms)

Prepare: number of updated asset objects reloaded= 0
EnvironmentDependencyValues requested are different than current active one (requested -> active):
  graphicsApiMask: 2048 -> 264192
========================================================================
Received Import Request.
  Time of request: 2026-08-22T03:24:20.3265972Z
  Time since last request: 11.3622291 seconds.
  importAddress: GUID: 6c5cd8d6457f8f64da474ad21cc646e2 - Path: Assets/Scripts/InfoPanelController.cs - Importer: PreviewImporter
Importing 'GUID: 6c5cd8d6457f8f64da474ad21cc646e2 - Path: Assets/Scripts/InfoPanelController.cs - Importer: PreviewImporter' with importer (PreviewImporter)
Imported 'GUID: 6c5cd8d6457f8f64da474ad21cc646e2' -> (Import Result ID: 'e801cdcca175b7bacc5f3193f13d3ca9') in 0.002 seconds [static and dynamic dependencies]. Details - ImportResultOutputID=6e95899d7b43ac643749f79be4d06bcc DependenciesID=8b0885fcd29b8e7017b6229543e1b53d StaticDependenciesID=655ee4357f2cce8e1e87b048d1b1967b 
Number of updated asset objects reloaded before import = 0
Number of asset objects unloaded after import = 0
========================================================================
Received Prepare
AcceleratorClientConnectionCallback - disconnected - :0
Begin MonoManager ReloadAssembly
Refreshing native plugins compatible for Editor in 2.61 ms, found 1 plugins.
Native extension for Android target not found
Native extension for WindowsStandalone target not found
Native extension for WebGL target not found
[Package Manager] Failed to launch server process. Reason: Unity was launched with the -noUpm command-line argument
[Package Manager] Unable to send message (not connected to server process).
[Package Manager] Cannot connect to Unity Package Manager local server
[Package Manager] Failed to launch server process. Reason: Unity was launched with the -noUpm command-line argument
[Package Manager] Unable to send message (not connected to server process).
[Package Manager] Cannot connect to Unity Package Manager local server
ScheduleIndexationOnStartup MainProcess:False IndexOnStartup:True
Mono: successfully reloaded assembly
[Package Manager] Failed to launch server process. Reason: Unity was launched with the -noUpm command-line argument
[Package Manager] Unable to send message (not connected to server process).
[Package Manager] Cannot connect to Unity Package Manager local server
- Finished resetting the current domain, in  0.919 seconds
Domain Reload Profiling: 2009ms
	BeginReloadAssembly (300ms)
		DisableScriptedObjects (7ms)
		CreateAndSetChildDomain (84ms)
	RebuildCommonClasses (14ms)
	RebuildNativeTypeToScriptingClass (18ms)
	initialDomainReloadingComplete (72ms)
	LoadAllAssembliesAndSetupDomain (684ms)
		LoadAssemblies (373ms)
		AnalyzeDomain (262ms)
			TypeCache.Refresh (14ms)
			BuildScriptInfoCaches (230ms)
			ResolveRequiredComponents (14ms)
	FinalizeReload (920ms)
		SetupLoadedEditorAssemblies (0ms)
			InitializePlatformSupportModulesInManaged (13ms)
			BeforeProcessingInitializeOnLoad (118ms)
			ProcessInitializeOnLoadAttributes (230ms)
			ProcessInitializeOnLoadMethodAttributes (239ms)
			AfterProcessingInitializeOnLoad (9ms)
		AwakeInstancesAfterBackupRestoration (31ms)
WARNING: Shader Unsupported: 'Hidden/Simulation/URP/Synthetic' - All subshaders removed
WARNING: Shader Did you use #pragma only_renderers and omit this platform?
WARNING: Shader If subshaders removal was intentional, you may have forgotten turning Fallback off?
WARNING: Shader Unsupported: 'Hidden/Simulation/Synthetic Lit' - All subshaders removed
WARNING: Shader Did you use #pragma only_renderers and omit this platform?
WARNING: Shader If subshaders removal was intentional, you may have forgotten turning Fallback off?
WARNING: Shader Unsupported: 'Simulation/Standard Lit' - All subshaders removed
WARNING: Shader Did you use #pragma only_renderers and omit this platform?
WARNING: Shader If subshaders removal was intentional, you may have forgotten turning Fallback off?
WARNING: Shader Unsupported: 'Simulation/URP/Room X-Ray' - All subshaders removed
WARNING: Shader Did you use #pragma only_renderers and omit this platform?
WARNING: Shader If subshaders removal was intentional, you may have forgotten turning Fallback off?
WARNING: Shader Unsupported: 'Simulation/Room X-Ray' - All subshaders removed
WARNING: Shader Did you use #pragma only_renderers and omit this platform?
WARNING: Shader If subshaders removal was intentional, you may have forgotten turning Fallback off?
WARNING: Shader Unsupported: 'Simulation/URP/Lit' - All subshaders removed
WARNING: Shader Did you use #pragma only_renderers and omit this platform?
WARNING: Shader If subshaders removal was intentional, you may have forgotten turning Fallback off?
Refreshing native plugins compatible for Editor in 2.42 ms, found 1 plugins.
Unloading 30 Unused Serialized files (Serialized files now loaded: 0)
Unloading 5955 unused Assets / (7.5 MB). Loaded Objects now: 6892.
Memory consumption went from 319.5 MB to 312.0 MB.
Total: 13.547900 ms (FindLiveObjects: 0.921600 ms CreateObjectMapping: 2.837400 ms MarkObjects: 4.845900 ms  DeleteObjects: 4.941700 ms)

Prepare: number of updated asset objects reloaded= 0
EnvironmentDependencyValues requested are different than current active one (requested -> active):
  graphicsApiMask: 2048 -> 264192
========================================================================
Received Import Request.
  Time of request: 2026-08-22T03:35:29.7857872Z
  Time since last request: 669.43776030000004 seconds.
  importAddress: GUID: a6b7ca1d53c75490595d1f0d5f43be38 - Path: Assets/Samples/XR Interaction Toolkit/3.5.1/AR Starter Assets/Prefabs/AR Feathered Plane.prefab - Importer: PreviewImporter
Importing 'GUID: a6b7ca1d53c75490595d1f0d5f43be38 - Path: Assets/Samples/XR Interaction Toolkit/3.5.1/AR Starter Assets/Prefabs/AR Feathered Plane.prefab - Importer: PreviewImporter' with importer (PreviewImporter)
Imported 'GUID: a6b7ca1d53c75490595d1f0d5f43be38' -> (Import Result ID: '9dc02da640964f65d59fca89f8ff7dbf') in 0.062 seconds [static and dynamic dependencies]. Details - ImportResultOutputID=bf9ed33d7f9ad9ef7ab8729726f79d3d DependenciesID=792a235f775fb4ba570dd90b392a8340 StaticDependenciesID=dc3c6caf931ed7508442540216b1c84e 
Number of updated asset objects reloaded before import = 0
Number of asset objects unloaded after import = 11
========================================================================
Received Import Request.
  Time of request: 2026-08-22T03:35:29.8785588Z
  Time since last request: 0.0086653 seconds.
  importAddress: GUID: 3549fdaf258e11846b85a316c16c699c - Path: Assets/Samples/XR Interaction Toolkit/3.5.1/Starter Assets/DemoAssets/Prefabs/Interactables/Blaser.prefab - Importer: PreviewImporter
Importing 'GUID: 3549fdaf258e11846b85a316c16c699c - Path: Assets/Samples/XR Interaction Toolkit/3.5.1/Starter Assets/DemoAssets/Prefabs/Interactables/Blaser.prefab - Importer: PreviewImporter' with importer (PreviewImporter)
Imported 'GUID: 3549fdaf258e11846b85a316c16c699c' -> (Import Result ID: '4362174fe6a23e2d447dc11ae937bede') in 1.165 seconds [static and dynamic dependencies]. Details - ImportResultOutputID=98224851c86dc620e9122bd55d0a9290 DependenciesID=fd1bc084db628772e4bd5f8dfb5c68de StaticDependenciesID=549e7847ee2b9a1fba56d7bf7ed22fdf 
Number of updated asset objects reloaded before import = 0
Number of asset objects unloaded after import = 56
========================================================================
Received Import Request.
  Time of request: 2026-08-22T03:35:31.070046Z
  Time since last request: 0.0000802 seconds.
  importAddress: GUID: 2ea572d587ee60f44bd5baa3bc2d6503 - Path: Assets/Samples/XR Interaction Toolkit/3.5.1/Starter Assets/DemoAssets/Prefabs/Climb/Climb Sample.prefab - Importer: PreviewImporter
Importing 'GUID: 2ea572d587ee60f44bd5baa3bc2d6503 - Path: Assets/Samples/XR Interaction Toolkit/3.5.1/Starter Assets/DemoAssets/Prefabs/Climb/Climb Sample.prefab - Importer: PreviewImporter' with importer (PreviewImporter)
Imported 'GUID: 2ea572d587ee60f44bd5baa3bc2d6503' -> (Import Result ID: 'ab84db38e1a8525f04ad99cbf22492de') in 1.108 seconds [static and dynamic dependencies]. Details - ImportResultOutputID=b02d42315b3245657383d6b7329b8e5c DependenciesID=2b78cd7c1e1eed8ba4ce3388e228084b StaticDependenciesID=0ab9625d85ca91d029da5cce0ad6b2a2 
Number of updated asset objects reloaded before import = 0
Number of asset objects unloaded after import = 1758
========================================================================
Received Import Request.
  Time of request: 2026-08-22T03:35:32.2097577Z
  Time since last request: 0.0001037 seconds.
  importAddress: GUID: 2fd3e07afe5b461490fb8e314976b1b0 - Path: Assets/Samples/XR Interaction Toolkit/3.5.1/Starter Assets/Prefabs/Interactors/Direct Interactor.prefab - Importer: PreviewImporter
Importing 'GUID: 2fd3e07afe5b461490fb8e314976b1b0 - Path: Assets/Samples/XR Interaction Toolkit/3.5.1/Starter Assets/Prefabs/Interactors/Direct Interactor.prefab - Importer: PreviewImporter' with importer (PreviewImporter)
Imported 'GUID: 2fd3e07afe5b461490fb8e314976b1b0' -> (Import Result ID: 'd6ad9e342a61fa6d22bbb3d6a64ebe5b') in 0.014 seconds [static and dynamic dependencies]. Details - ImportResultOutputID=ee4d1cf06d5588fd60e8cfdd6165c5ca DependenciesID=0030af3093c94c0b3fd9ac5e50945c4d StaticDependenciesID=2e81223fcdb6f77dbbaa41342293d9d8 
Number of updated asset objects reloaded before import = 0
Number of asset objects unloaded after import = 7
========================================================================
Received Import Request.
  Time of request: 2026-08-22T03:35:32.2461694Z
  Time since last request: 0.0003606 seconds.
  importAddress: GUID: daca7e1cd0a975941a64a8a9cbd8e5e5 - Path: Assets/MobileARTemplateAssets/Prefabs/CylinderVariant.prefab - Importer: PreviewImporter
Importing 'GUID: daca7e1cd0a975941a64a8a9cbd8e5e5 - Path: Assets/MobileARTemplateAssets/Prefabs/CylinderVariant.prefab - Importer: PreviewImporter' with importer (PreviewImporter)
Imported 'GUID: daca7e1cd0a975941a64a8a9cbd8e5e5' -> (Import Result ID: 'd944ea43ca4f1380a9d56ac9875e6d40') in 0.601 seconds [static and dynamic dependencies]. Details - ImportResultOutputID=f3a8bbcd488d0e79c1fdfe88860fb284 DependenciesID=0529908295d04ab2a5a142ff6a61ac0e StaticDependenciesID=0381c80573355681b6bd8880c2f6b9e6 
Number of updated asset objects reloaded before import = 0
Number of asset objects unloaded after import = 70
========================================================================
Received Import Request.
  Time of request: 2026-08-22T03:35:32.8695943Z
  Time since last request: 0.0021778 seconds.
  importAddress: GUID: 6eb816e9b7ce30f4cadff3d4ad7ad10c - Path: Assets/Samples/XR Interaction Toolkit/3.5.1/Starter Assets/DemoAssets/Prefabs/Climb/ClimbTeleportReticle.prefab - Importer: PreviewImporter
Importing 'GUID: 6eb816e9b7ce30f4cadff3d4ad7ad10c - Path: Assets/Samples/XR Interaction Toolkit/3.5.1/Starter Assets/DemoAssets/Prefabs/Climb/ClimbTeleportReticle.prefab - Importer: PreviewImporter' with importer (PreviewImporter)
Imported 'GUID: 6eb816e9b7ce30f4cadff3d4ad7ad10c' -> (Import Result ID: '029f671a13215c42e785b751456482b3') in 0.007 seconds [static and dynamic dependencies]. Details - ImportResultOutputID=34747608ae5dc613c22e7c067833f5d9 DependenciesID=5b745b03419a72703673b8ad0a1fdaec StaticDependenciesID=af1c384058058da61d6796d5b7374fcb 
Number of updated asset objects reloaded before import = 0
Number of asset objects unloaded after import = 40
========================================================================
Received Import Request.
  Time of request: 2026-08-22T03:35:32.8991141Z
  Time since last request: 0.0008867 seconds.
  importAddress: GUID: b1b37ac0eaa6a9a4785fc1f26065e8b3 - Path: Assets/MobileARTemplateAssets/Prefabs/ArchVariant.prefab - Importer: PreviewImporter
Importing 'GUID: b1b37ac0eaa6a9a4785fc1f26065e8b3 - Path: Assets/MobileARTemplateAssets/Prefabs/ArchVariant.prefab - Importer: PreviewImporter' with importer (PreviewImporter)
Imported 'GUID: b1b37ac0eaa6a9a4785fc1f26065e8b3' -> (Import Result ID: '3c3a92ced65a32a241cfee9a4b184d47') in 0.054 seconds [static and dynamic dependencies]. Details - ImportResultOutputID=f09a0e5935b7f51afbaf3dddf8d1ec8d DependenciesID=c4ec0ab8262737ff941e006169edf411 StaticDependenciesID=4d30d2cfb19cd72f799d1fd43a2af55b 
Number of updated asset objects reloaded before import = 0
Number of asset objects unloaded after import = 66
========================================================================
Received Import Request.
  Time of request: 2026-08-22T03:35:32.9733854Z
  Time since last request: 0.00003 seconds.
  importAddress: GUID: cec25213e5ba74da1ae7d3e2036e000d - Path: Assets/Samples/XR Interaction Toolkit/3.5.1/AR Starter Assets/DemoAssets/Prefabs/Debug Cube.prefab - Importer: PreviewImporter
Importing 'GUID: cec25213e5ba74da1ae7d3e2036e000d - Path: Assets/Samples/XR Interaction Toolkit/3.5.1/AR Starter Assets/DemoAssets/Prefabs/Debug Cube.prefab - Importer: PreviewImporter' with importer (PreviewImporter)
Imported 'GUID: cec25213e5ba74da1ae7d3e2036e000d' -> (Import Result ID: 'f2f6cfe95d9255ea6dafb06c6d809c76') in 0.473 seconds [static and dynamic dependencies]. Details - ImportResultOutputID=7a0514e96b9904afa9341ff0804a2dda DependenciesID=d99b982f534cace5a2b69bd63545cfee StaticDependenciesID=1e66d2d6e3c35b3daed3ff231f413878 
Number of updated asset objects reloaded before import = 0
Number of asset objects unloaded after import = 76
========================================================================
Received Import Request.
  Time of request: 2026-08-22T03:35:33.4632168Z
  Time since last request: 0.000035 seconds.
  importAddress: GUID: e05cd47ab8981f64badd3bfe29af8f4e - Path: Assets/Samples/XR Interaction Toolkit/3.5.1/Starter Assets/DemoAssets/Prefabs/Gaze Interactables.prefab - Importer: PreviewImporter
Importing 'GUID: e05cd47ab8981f64badd3bfe29af8f4e - Path: Assets/Samples/XR Interaction Toolkit/3.5.1/Starter Assets/DemoAssets/Prefabs/Gaze Interactables.prefab - Importer: PreviewImporter' with importer (PreviewImporter)
Imported 'GUID: e05cd47ab8981f64badd3bfe29af8f4e' -> (Import Result ID: 'fc3a4b760e0f12fbb23b552260867a12') in 0.065 seconds [static and dynamic dependencies]. Details - ImportResultOutputID=32332f80b4cb75c4d9c1ef74dac10d28 DependenciesID=9d36fdee3de783a60a51d21e8e400f96 StaticDependenciesID=84a32512e5f9d33a5201e424fddbdd80 
Number of updated asset objects reloaded before import = 0
Number of asset objects unloaded after import = 50
========================================================================
Received Import Request.
  Time of request: 2026-08-22T03:35:33.551396Z
  Time since last request: 0.0000567 seconds.
  importAddress: GUID: ebd7292e888c84f05924605e51048072 - Path: Assets/Samples/XR Interaction Toolkit/3.5.1/AR Starter Assets/DemoAssets/Prefabs/Cube.prefab - Importer: PreviewImporter
Importing 'GUID: ebd7292e888c84f05924605e51048072 - Path: Assets/Samples/XR Interaction Toolkit/3.5.1/AR Starter Assets/DemoAssets/Prefabs/Cube.prefab - Importer: PreviewImporter' with importer (PreviewImporter)
Imported 'GUID: ebd7292e888c84f05924605e51048072' -> (Import Result ID: 'e0e3a27ea7d87386a7c760c680f45f4a') in 0.034 seconds [static and dynamic dependencies]. Details - ImportResultOutputID=b7402b7173f4062b844b3af132f2c15f DependenciesID=cc1cd863bf7993e6dd599b2dd773ae20 StaticDependenciesID=21197d1dafeeddd48eb5b82fa9409ad4 
Number of updated asset objects reloaded before import = 0
Number of asset objects unloaded after import = 38
========================================================================
Received Import Request.
  Time of request: 2026-08-22T03:35:33.6068639Z
  Time since last request: 0.0002078 seconds.
  importAddress: GUID: 2e16046ebcbcb6742a86569d82e56cce - Path: Assets/Samples/XR Interaction Toolkit/3.5.1/Starter Assets/DemoAssets/Prefabs/Interactables/Cube.prefab - Importer: PreviewImporter
Importing 'GUID: 2e16046ebcbcb6742a86569d82e56cce - Path: Assets/Samples/XR Interaction Toolkit/3.5.1/Starter Assets/DemoAssets/Prefabs/Interactables/Cube.prefab - Importer: PreviewImporter' with importer (PreviewImporter)
Imported 'GUID: 2e16046ebcbcb6742a86569d82e56cce' -> (Import Result ID: '4f49ef328bbad73a719f985b34ee7a1b') in 0.038 seconds [static and dynamic dependencies]. Details - ImportResultOutputID=85ca3f7f8453a3b067e15edb55ba0550 DependenciesID=c75f007c9cc5187fb049f00573907b6d StaticDependenciesID=92039b99bd00f338758b605cb1561530 
Number of updated asset objects reloaded before import = 0
Number of asset objects unloaded after import = 37
========================================================================
Received Import Request.
  Time of request: 2026-08-22T03:35:33.6682293Z
  Time since last request: 0.0000588 seconds.
  importAddress: GUID: 7942e6544a2b2ae48bcf988d9aed838d - Path: Assets/Samples/XR Interaction Toolkit/3.5.1/Starter Assets/DemoAssets/Prefabs/Interactables/Confetti.prefab - Importer: PreviewImporter
Importing 'GUID: 7942e6544a2b2ae48bcf988d9aed838d - Path: Assets/Samples/XR Interaction Toolkit/3.5.1/Starter Assets/DemoAssets/Prefabs/Interactables/Confetti.prefab - Importer: PreviewImporter' with importer (PreviewImporter)
Imported 'GUID: 7942e6544a2b2ae48bcf988d9aed838d' -> (Import Result ID: '44eb8af6fe2321727c6b2ab84f3e8af6') in 0.013 seconds [static and dynamic dependencies]. Details - ImportResultOutputID=4786b5cac41fea27524cd361461c0d4a DependenciesID=c69d2bdf849c5499037722e705c3908f StaticDependenciesID=6c6d023d7b3f6828def54c6c821f9a6b 
Number of updated asset objects reloaded before import = 0
Number of asset objects unloaded after import = 6
========================================================================
Received Import Request.
  Time of request: 2026-08-22T03:35:33.7041097Z
  Time since last request: 0.0004603 seconds.
  importAddress: GUID: b84cd05e1160fe34cab2585022c8cd99 - Path: Assets/Samples/XR Interaction Toolkit/3.5.1/Starter Assets/Prefabs/Interactors/Gaze Interactor.prefab - Importer: PreviewImporter
Importing 'GUID: b84cd05e1160fe34cab2585022c8cd99 - Path: Assets/Samples/XR Interaction Toolkit/3.5.1/Starter Assets/Prefabs/Interactors/Gaze Interactor.prefab - Importer: PreviewImporter' with importer (PreviewImporter)
Imported 'GUID: b84cd05e1160fe34cab2585022c8cd99' -> (Import Result ID: 'db536d1a9dd3297a00f7ed5cf8e96bb7') in 0.031 seconds [static and dynamic dependencies]. Details - ImportResultOutputID=651727bac5886fb36144bc4d5e512c22 DependenciesID=fa88e698c442c4f9aaa9d5aaee260a04 StaticDependenciesID=f5d9de89c1e05e4e468fa6a8c8648ef9 
Number of updated asset objects reloaded before import = 0
Number of asset objects unloaded after import = 11
========================================================================
Received Import Request.
  Time of request: 2026-08-22T03:35:33.7566843Z
  Time since last request: 0.0001846 seconds.
  importAddress: GUID: 886609fc1566e4c27b399f1095d6de18 - Path: Assets/MobileARTemplateAssets/Prefabs/ARFeatheredOcclusionPlane.prefab - Importer: PreviewImporter
Importing 'GUID: 886609fc1566e4c27b399f1095d6de18 - Path: Assets/MobileARTemplateAssets/Prefabs/ARFeatheredOcclusionPlane.prefab - Importer: PreviewImporter' with importer (PreviewImporter)
Imported 'GUID: 886609fc1566e4c27b399f1095d6de18' -> (Import Result ID: '6fdeda56e34c893439068c60215e34bc') in 0.092 seconds [static and dynamic dependencies]. Details - ImportResultOutputID=b00ddb9b5bd00ca6b6e00602d0ba81a2 DependenciesID=b7040de392db6fd588f26b92206c0451 StaticDependenciesID=7ce63ce549233ae66d317edd95c34dd9 
Number of updated asset objects reloaded before import = 0
Number of asset objects unloaded after import = 13
========================================================================
Received Import Request.
  Time of request: 2026-08-22T03:35:33.8796407Z
  Time since last request: 0.0098453 seconds.
  importAddress: GUID: fe7fcf44eedd467489de26ce92577bc3 - Path: Assets/Samples/XR Interaction Toolkit/3.5.1/Starter Assets/DemoAssets/Prefabs/Interactables/Blaser-Long.prefab - Importer: PreviewImporter
Importing 'GUID: fe7fcf44eedd467489de26ce92577bc3 - Path: Assets/Samples/XR Interaction Toolkit/3.5.1/Starter Assets/DemoAssets/Prefabs/Interactables/Blaser-Long.prefab - Importer: PreviewImporter' with importer (PreviewImporter)
Imported 'GUID: fe7fcf44eedd467489de26ce92577bc3' -> (Import Result ID: 'a3ae37b124f5bbc29649e6fef45a9492') in 0.031 seconds [static and dynamic dependencies]. Details - ImportResultOutputID=652af1a8543340bce6165bd53831a524 DependenciesID=f3ced6a4fdafd3cdb27f970215b966c5 StaticDependenciesID=80667999051cc72fb864ff0268602826 
Number of updated asset objects reloaded before import = 0
Number of asset objects unloaded after import = 59
========================================================================
Received Import Request.
  Time of request: 2026-08-22T03:35:33.9268954Z
  Time since last request: 0.0000307 seconds.
  importAddress: GUID: a3fde713df4d99042a0403c4be9eea32 - Path: Assets/Samples/XR Interaction Toolkit/3.5.1/Starter Assets/Prefabs/Teleport/Blocking Teleport Reticle.prefab - Importer: PreviewImporter
Importing 'GUID: a3fde713df4d99042a0403c4be9eea32 - Path: Assets/Samples/XR Interaction Toolkit/3.5.1/Starter Assets/Prefabs/Teleport/Blocking Teleport Reticle.prefab - Importer: PreviewImporter' with importer (PreviewImporter)
Imported 'GUID: a3fde713df4d99042a0403c4be9eea32' -> (Import Result ID: 'afb786d4daba07589a0b89a62a47fd9d') in 0.021 seconds [static and dynamic dependencies]. Details - ImportResultOutputID=469d5b7ceed2e3a7f453abecaad2736d DependenciesID=53c3491d7b9f3d9b965410374e4e688c StaticDependenciesID=a85cdbda3d8ae6ab9d6488dfae7e8a2e 
Number of updated asset objects reloaded before import = 0
Number of asset objects unloaded after import = 19
========================================================================
Received Import Request.
  Time of request: 2026-08-22T03:35:33.9643598Z
  Time since last request: 0.0003082 seconds.
  importAddress: GUID: 894d54703eb1549009ad9f909fc154d7 - Path: Assets/Samples/XR Interaction Toolkit/3.5.1/AR Starter Assets/DemoAssets/Prefabs/Cylinder.prefab - Importer: PreviewImporter
Importing 'GUID: 894d54703eb1549009ad9f909fc154d7 - Path: Assets/Samples/XR Interaction Toolkit/3.5.1/AR Starter Assets/DemoAssets/Prefabs/Cylinder.prefab - Importer: PreviewImporter' with importer (PreviewImporter)
Imported 'GUID: 894d54703eb1549009ad9f909fc154d7' -> (Import Result ID: 'd05a68e637fd9a458d9b3b84d6a96762') in 0.026 seconds [static and dynamic dependencies]. Details - ImportResultOutputID=3b0f0982e171b80e6ef3d8bc71fbc660 DependenciesID=a143f2a61a4fd1f6d23b6d2c89676eb1 StaticDependenciesID=669a8843bc5cdab165f0fa54958133e7 
Number of updated asset objects reloaded before import = 0
Number of asset objects unloaded after import = 38
========================================================================
Received Import Request.
  Time of request: 2026-08-22T03:35:34.0103356Z
  Time since last request: 0.0000514 seconds.
  importAddress: GUID: 870459f1cb8d7b7428337cc5935feb67 - Path: Assets/Samples/XR Interaction Toolkit/3.5.1/Starter Assets/DemoAssets/Prefabs/UI/Dropdown.prefab - Importer: PreviewImporter
Importing 'GUID: 870459f1cb8d7b7428337cc5935feb67 - Path: Assets/Samples/XR Interaction Toolkit/3.5.1/Starter Assets/DemoAssets/Prefabs/UI/Dropdown.prefab - Importer: PreviewImporter' with importer (PreviewImporter)
Imported 'GUID: 870459f1cb8d7b7428337cc5935feb67' -> (Import Result ID: '2ac91be5b554e45f8bf605b3c6594792') in 0.075 seconds [static and dynamic dependencies]. Details - ImportResultOutputID=f667d1d7d2ac6059d80b623412e4d0d5 DependenciesID=5303e60524553c3d24cba23735063fe6 StaticDependenciesID=9e0e581c78574425bc762463c9f0bf20 
Number of updated asset objects reloaded before import = 0
Number of asset objects unloaded after import = 69
========================================================================
Received Prepare
AcceleratorClientConnectionCallback - disconnected - :0
WARNING: Shader Unsupported: 'Hidden/Simulation/URP/Synthetic' - All subshaders removed
WARNING: Shader Did you use #pragma only_renderers and omit this platform?
WARNING: Shader If subshaders removal was intentional, you may have forgotten turning Fallback off?
WARNING: Shader Unsupported: 'Hidden/Simulation/Synthetic Lit' - All subshaders removed
WARNING: Shader Did you use #pragma only_renderers and omit this platform?
WARNING: Shader If subshaders removal was intentional, you may have forgotten turning Fallback off?
WARNING: Shader Unsupported: 'Simulation/Standard Lit' - All subshaders removed
WARNING: Shader Did you use #pragma only_renderers and omit this platform?
WARNING: Shader If subshaders removal was intentional, you may have forgotten turning Fallback off?
WARNING: Shader Unsupported: 'Simulation/URP/Room X-Ray' - All subshaders removed
WARNING: Shader Did you use #pragma only_renderers and omit this platform?
WARNING: Shader If subshaders removal was intentional, you may have forgotten turning Fallback off?
WARNING: Shader Unsupported: 'Simulation/Room X-Ray' - All subshaders removed
WARNING: Shader Did you use #pragma only_renderers and omit this platform?
WARNING: Shader If subshaders removal was intentional, you may have forgotten turning Fallback off?
WARNING: Shader Unsupported: 'Simulation/URP/Lit' - All subshaders removed
WARNING: Shader Did you use #pragma only_renderers and omit this platform?
WARNING: Shader If subshaders removal was intentional, you may have forgotten turning Fallback off?
Refreshing native plugins compatible for Editor in 2.85 ms, found 1 plugins.
Unloading 30 Unused Serialized files (Serialized files now loaded: 0)
Unloading 34 unused Assets / (3.1 MB). Loaded Objects now: 7015.
Memory consumption went from 332.4 MB to 329.3 MB.
Total: 10.277600 ms (FindLiveObjects: 0.469900 ms CreateObjectMapping: 0.937900 ms MarkObjects: 7.944500 ms  DeleteObjects: 0.923100 ms)

Prepare: number of updated asset objects reloaded= 0
EnvironmentDependencyValues requested are different than current active one (requested -> active):
  graphicsApiMask: 2048 -> 264192
========================================================================
Received Prepare
AcceleratorClientConnectionCallback - disconnected - :0
WARNING: Shader Unsupported: 'Hidden/Simulation/URP/Synthetic' - All subshaders removed
WARNING: Shader Did you use #pragma only_renderers and omit this platform?
WARNING: Shader If subshaders removal was intentional, you may have forgotten turning Fallback off?
WARNING: Shader Unsupported: 'Hidden/Simulation/Synthetic Lit' - All subshaders removed
WARNING: Shader Did you use #pragma only_renderers and omit this platform?
WARNING: Shader If subshaders removal was intentional, you may have forgotten turning Fallback off?
WARNING: Shader Unsupported: 'Simulation/Standard Lit' - All subshaders removed
WARNING: Shader Did you use #pragma only_renderers and omit this platform?
WARNING: Shader If subshaders removal was intentional, you may have forgotten turning Fallback off?
WARNING: Shader Unsupported: 'Simulation/URP/Room X-Ray' - All subshaders removed
WARNING: Shader Did you use #pragma only_renderers and omit this platform?
WARNING: Shader If subshaders removal was intentional, you may have forgotten turning Fallback off?
WARNING: Shader Unsupported: 'Simulation/Room X-Ray' - All subshaders removed
WARNING: Shader Did you use #pragma only_renderers and omit this platform?
WARNING: Shader If subshaders removal was intentional, you may have forgotten turning Fallback off?
WARNING: Shader Unsupported: 'Simulation/URP/Lit' - All subshaders removed
WARNING: Shader Did you use #pragma only_renderers and omit this platform?
WARNING: Shader If subshaders removal was intentional, you may have forgotten turning Fallback off?
Refreshing native plugins compatible for Editor in 2.51 ms, found 1 plugins.
Unloading 30 Unused Serialized files (Serialized files now loaded: 0)
Unloading 30 unused Assets / (3.1 MB). Loaded Objects now: 7017.
Memory consumption went from 333.5 MB to 330.4 MB.
Total: 11.070800 ms (FindLiveObjects: 0.503500 ms CreateObjectMapping: 1.018800 ms MarkObjects: 8.752500 ms  DeleteObjects: 0.793700 ms)

Prepare: number of updated asset objects reloaded= 1
EnvironmentDependencyValues requested are different than current active one (requested -> active):
  graphicsApiMask: 2048 -> 264192
========================================================================
Received Prepare
AcceleratorClientConnectionCallback - disconnected - :0
WARNING: Shader Unsupported: 'Hidden/Simulation/URP/Synthetic' - All subshaders removed
WARNING: Shader Did you use #pragma only_renderers and omit this platform?
WARNING: Shader If subshaders removal was intentional, you may have forgotten turning Fallback off?
WARNING: Shader Unsupported: 'Hidden/Simulation/Synthetic Lit' - All subshaders removed
WARNING: Shader Did you use #pragma only_renderers and omit this platform?
WARNING: Shader If subshaders removal was intentional, you may have forgotten turning Fallback off?
WARNING: Shader Unsupported: 'Simulation/Standard Lit' - All subshaders removed
WARNING: Shader Did you use #pragma only_renderers and omit this platform?
WARNING: Shader If subshaders removal was intentional, you may have forgotten turning Fallback off?
WARNING: Shader Unsupported: 'Simulation/URP/Room X-Ray' - All subshaders removed
WARNING: Shader Did you use #pragma only_renderers and omit this platform?
WARNING: Shader If subshaders removal was intentional, you may have forgotten turning Fallback off?
WARNING: Shader Unsupported: 'Simulation/Room X-Ray' - All subshaders removed
WARNING: Shader Did you use #pragma only_renderers and omit this platform?
WARNING: Shader If subshaders removal was intentional, you may have forgotten turning Fallback off?
WARNING: Shader Unsupported: 'Simulation/URP/Lit' - All subshaders removed
WARNING: Shader Did you use #pragma only_renderers and omit this platform?
WARNING: Shader If subshaders removal was intentional, you may have forgotten turning Fallback off?
Refreshing native plugins compatible for Editor in 3.68 ms, found 1 plugins.
Unloading 30 Unused Serialized files (Serialized files now loaded: 0)
Unloading 30 unused Assets / (3.1 MB). Loaded Objects now: 6935.
Memory consumption went from 333.9 MB to 330.8 MB.
Total: 9.263400 ms (FindLiveObjects: 0.461700 ms CreateObjectMapping: 0.978300 ms MarkObjects: 6.896000 ms  DeleteObjects: 0.925800 ms)

Prepare: number of updated asset objects reloaded= 0
EnvironmentDependencyValues requested are different than current active one (requested -> active):
  graphicsApiMask: 2048 -> 264192
========================================================================
Received Prepare
AcceleratorClientConnectionCallback - disconnected - :0
WARNING: Shader Unsupported: 'Hidden/Simulation/URP/Synthetic' - All subshaders removed
WARNING: Shader Did you use #pragma only_renderers and omit this platform?
WARNING: Shader If subshaders removal was intentional, you may have forgotten turning Fallback off?
WARNING: Shader Unsupported: 'Hidden/Simulation/Synthetic Lit' - All subshaders removed
WARNING: Shader Did you use #pragma only_renderers and omit this platform?
WARNING: Shader If subshaders removal was intentional, you may have forgotten turning Fallback off?
WARNING: Shader Unsupported: 'Simulation/Standard Lit' - All subshaders removed
WARNING: Shader Did you use #pragma only_renderers and omit this platform?
WARNING: Shader If subshaders removal was intentional, you may have forgotten turning Fallback off?
WARNING: Shader Unsupported: 'Simulation/URP/Room X-Ray' - All subshaders removed
WARNING: Shader Did you use #pragma only_renderers and omit this platform?
WARNING: Shader If subshaders removal was intentional, you may have forgotten turning Fallback off?
WARNING: Shader Unsupported: 'Simulation/Room X-Ray' - All subshaders removed
WARNING: Shader Did you use #pragma only_renderers and omit this platform?
WARNING: Shader If subshaders removal was intentional, you may have forgotten turning Fallback off?
WARNING: Shader Unsupported: 'Simulation/URP/Lit' - All subshaders removed
WARNING: Shader Did you use #pragma only_renderers and omit this platform?
WARNING: Shader If subshaders removal was intentional, you may have forgotten turning Fallback off?
Refreshing native plugins compatible for Editor in 3.19 ms, found 1 plugins.
Unloading 30 Unused Serialized files (Serialized files now loaded: 0)
Unloading 28 unused Assets / (3.0 MB). Loaded Objects now: 6937.
Memory consumption went from 334.1 MB to 331.1 MB.
Total: 8.858100 ms (FindLiveObjects: 0.531200 ms CreateObjectMapping: 1.140000 ms MarkObjects: 6.300300 ms  DeleteObjects: 0.884600 ms)

Prepare: number of updated asset objects reloaded= 0
EnvironmentDependencyValues requested are different than current active one (requested -> active):
  graphicsApiMask: 2048 -> 264192
========================================================================
Received Prepare
AcceleratorClientConnectionCallback - disconnected - :0
WARNING: Shader Unsupported: 'Hidden/Simulation/URP/Synthetic' - All subshaders removed
WARNING: Shader Did you use #pragma only_renderers and omit this platform?
WARNING: Shader If subshaders removal was intentional, you may have forgotten turning Fallback off?
WARNING: Shader Unsupported: 'Hidden/Simulation/Synthetic Lit' - All subshaders removed
WARNING: Shader Did you use #pragma only_renderers and omit this platform?
WARNING: Shader If subshaders removal was intentional, you may have forgotten turning Fallback off?
WARNING: Shader Unsupported: 'Simulation/Standard Lit' - All subshaders removed
WARNING: Shader Did you use #pragma only_renderers and omit this platform?
WARNING: Shader If subshaders removal was intentional, you may have forgotten turning Fallback off?
WARNING: Shader Unsupported: 'Simulation/URP/Room X-Ray' - All subshaders removed
WARNING: Shader Did you use #pragma only_renderers and omit this platform?
WARNING: Shader If subshaders removal was intentional, you may have forgotten turning Fallback off?
WARNING: Shader Unsupported: 'Simulation/Room X-Ray' - All subshaders removed
WARNING: Shader Did you use #pragma only_renderers and omit this platform?
WARNING: Shader If subshaders removal was intentional, you may have forgotten turning Fallback off?
WARNING: Shader Unsupported: 'Simulation/URP/Lit' - All subshaders removed
WARNING: Shader Did you use #pragma only_renderers and omit this platform?
WARNING: Shader If subshaders removal was intentional, you may have forgotten turning Fallback off?
Refreshing native plugins compatible for Editor in 3.48 ms, found 1 plugins.
Unloading 28 Unused Serialized files (Serialized files now loaded: 0)
Unloading 28 unused Assets / (3.0 MB). Loaded Objects now: 6937.
Memory consumption went from 334.0 MB to 331.0 MB.
Total: 13.846000 ms (FindLiveObjects: 0.594000 ms CreateObjectMapping: 1.520200 ms MarkObjects: 10.831700 ms  DeleteObjects: 0.897600 ms)

Prepare: number of updated asset objects reloaded= 21
EnvironmentDependencyValues requested are different than current active one (requested -> active):
  graphicsApiMask: 2048 -> 264192
========================================================================
Received Prepare
AcceleratorClientConnectionCallback - disconnected - :0
WARNING: Shader Unsupported: 'Hidden/Simulation/URP/Synthetic' - All subshaders removed
WARNING: Shader Did you use #pragma only_renderers and omit this platform?
WARNING: Shader If subshaders removal was intentional, you may have forgotten turning Fallback off?
WARNING: Shader Unsupported: 'Hidden/Simulation/Synthetic Lit' - All subshaders removed
WARNING: Shader Did you use #pragma only_renderers and omit this platform?
WARNING: Shader If subshaders removal was intentional, you may have forgotten turning Fallback off?
WARNING: Shader Unsupported: 'Simulation/Standard Lit' - All subshaders removed
WARNING: Shader Did you use #pragma only_renderers and omit this platform?
WARNING: Shader If subshaders removal was intentional, you may have forgotten turning Fallback off?
WARNING: Shader Unsupported: 'Simulation/URP/Room X-Ray' - All subshaders removed
WARNING: Shader Did you use #pragma only_renderers and omit this platform?
WARNING: Shader If subshaders removal was intentional, you may have forgotten turning Fallback off?
WARNING: Shader Unsupported: 'Simulation/Room X-Ray' - All subshaders removed
WARNING: Shader Did you use #pragma only_renderers and omit this platform?
WARNING: Shader If subshaders removal was intentional, you may have forgotten turning Fallback off?
WARNING: Shader Unsupported: 'Simulation/URP/Lit' - All subshaders removed
WARNING: Shader Did you use #pragma only_renderers and omit this platform?
WARNING: Shader If subshaders removal was intentional, you may have forgotten turning Fallback off?
Refreshing native plugins compatible for Editor in 2.84 ms, found 1 plugins.
Unloading 28 Unused Serialized files (Serialized files now loaded: 0)
Unloading 30 unused Assets / (3.1 MB). Loaded Objects now: 6935.
Memory consumption went from 334.5 MB to 331.4 MB.
Total: 10.282400 ms (FindLiveObjects: 0.386500 ms CreateObjectMapping: 0.923700 ms MarkObjects: 6.875500 ms  DeleteObjects: 2.094600 ms)

Prepare: number of updated asset objects reloaded= 0
EnvironmentDependencyValues requested are different than current active one (requested -> active):
  graphicsApiMask: 2048 -> 264192
========================================================================
Received Prepare
AcceleratorClientConnectionCallback - disconnected - :0
[Licensing::Client] Successfully resolved entitlement details
[Licensing::Client] Successfully resolved entitlement details
Begin MonoManager ReloadAssembly
Refreshing native plugins compatible for Editor in 4.26 ms, found 1 plugins.
Native extension for Android target not found
Native extension for WindowsStandalone target not found
Native extension for WebGL target not found
[Package Manager] Failed to launch server process. Reason: Unity was launched with the -noUpm command-line argument
[Package Manager] Unable to send message (not connected to server process).
[Package Manager] Cannot connect to Unity Package Manager local server
[Package Manager] Failed to launch server process. Reason: Unity was launched with the -noUpm command-line argument
[Package Manager] Unable to send message (not connected to server process).
[Package Manager] Cannot connect to Unity Package Manager local server
ScheduleIndexationOnStartup MainProcess:False IndexOnStartup:True
Mono: successfully reloaded assembly
[Package Manager] Failed to launch server process. Reason: Unity was launched with the -noUpm command-line argument
[Package Manager] Unable to send message (not connected to server process).
[Package Manager] Cannot connect to Unity Package Manager local server
- Finished resetting the current domain, in  1.494 seconds
Domain Reload Profiling: 4259ms
	BeginReloadAssembly (1169ms)
		DisableScriptedObjects (42ms)
		CreateAndSetChildDomain (526ms)
	RebuildCommonClasses (13ms)
	RebuildNativeTypeToScriptingClass (24ms)
	initialDomainReloadingComplete (192ms)
	LoadAllAssembliesAndSetupDomain (1365ms)
		LoadAssemblies (1457ms)
		AnalyzeDomain (74ms)
			TypeCache.Refresh (25ms)
			ResolveRequiredComponents (22ms)
	FinalizeReload (1496ms)
		SetupLoadedEditorAssemblies (0ms)
			InitializePlatformSupportModulesInManaged (18ms)
			BeforeProcessingInitializeOnLoad (185ms)
			ProcessInitializeOnLoadAttributes (385ms)
			ProcessInitializeOnLoadMethodAttributes (438ms)
			AfterProcessingInitializeOnLoad (18ms)
			EditorAssembliesLoaded (3ms)
		AwakeInstancesAfterBackupRestoration (51ms)
WARNING: Shader Unsupported: 'Hidden/Simulation/URP/Synthetic' - All subshaders removed
WARNING: Shader Did you use #pragma only_renderers and omit this platform?
WARNING: Shader If subshaders removal was intentional, you may have forgotten turning Fallback off?
WARNING: Shader Unsupported: 'Hidden/Simulation/Synthetic Lit' - All subshaders removed
WARNING: Shader Did you use #pragma only_renderers and omit this platform?
WARNING: Shader If subshaders removal was intentional, you may have forgotten turning Fallback off?
WARNING: Shader Unsupported: 'Simulation/Standard Lit' - All subshaders removed
WARNING: Shader Did you use #pragma only_renderers and omit this platform?
WARNING: Shader If subshaders removal was intentional, you may have forgotten turning Fallback off?
WARNING: Shader Unsupported: 'Simulation/URP/Room X-Ray' - All subshaders removed
WARNING: Shader Did you use #pragma only_renderers and omit this platform?
WARNING: Shader If subshaders removal was intentional, you may have forgotten turning Fallback off?
WARNING: Shader Unsupported: 'Simulation/Room X-Ray' - All subshaders removed
WARNING: Shader Did you use #pragma only_renderers and omit this platform?
WARNING: Shader If subshaders removal was intentional, you may have forgotten turning Fallback off?
WARNING: Shader Unsupported: 'Simulation/URP/Lit' - All subshaders removed
WARNING: Shader Did you use #pragma only_renderers and omit this platform?
WARNING: Shader If subshaders removal was intentional, you may have forgotten turning Fallback off?
Refreshing native plugins compatible for Editor in 4.79 ms, found 1 plugins.
Unloading 30 Unused Serialized files (Serialized files now loaded: 0)
Unloading 5955 unused Assets / (7.1 MB). Loaded Objects now: 6936.
Memory consumption went from 336.0 MB to 328.9 MB.
Total: 23.183200 ms (FindLiveObjects: 0.983900 ms CreateObjectMapping: 3.667900 ms MarkObjects: 8.553400 ms  DeleteObjects: 9.975500 ms)

Prepare: number of updated asset objects reloaded= 0
EnvironmentDependencyValues requested are different than current active one (requested -> active):
  graphicsApiMask: 2048 -> 264192
========================================================================
Received Prepare
AcceleratorClientConnectionCallback - disconnected - :0
Begin MonoManager ReloadAssembly
Refreshing native plugins compatible for Editor in 4.20 ms, found 1 plugins.
Native extension for Android target not found
Native extension for WindowsStandalone target not found
Native extension for WebGL target not found
[Package Manager] Failed to launch server process. Reason: Unity was launched with the -noUpm command-line argument
[Package Manager] Unable to send message (not connected to server process).
[Package Manager] Cannot connect to Unity Package Manager local server
[Package Manager] Failed to launch server process. Reason: Unity was launched with the -noUpm command-line argument
[Package Manager] Unable to send message (not connected to server process).
[Package Manager] Cannot connect to Unity Package Manager local server
ScheduleIndexationOnStartup MainProcess:False IndexOnStartup:True
Mono: successfully reloaded assembly
[Package Manager] Failed to launch server process. Reason: Unity was launched with the -noUpm command-line argument
[Package Manager] Unable to send message (not connected to server process).
[Package Manager] Cannot connect to Unity Package Manager local server
- Finished resetting the current domain, in  0.840 seconds
Domain Reload Profiling: 1659ms
	BeginReloadAssembly (275ms)
		DisableScriptedObjects (11ms)
		CreateAndSetChildDomain (60ms)
	RebuildCommonClasses (11ms)
	RebuildNativeTypeToScriptingClass (21ms)
	initialDomainReloadingComplete (92ms)
	LoadAllAssembliesAndSetupDomain (420ms)
		LoadAssemblies (356ms)
		AnalyzeDomain (29ms)
			TypeCache.Refresh (10ms)
			ResolveRequiredComponents (11ms)
	FinalizeReload (841ms)
		SetupLoadedEditorAssemblies (0ms)
			InitializePlatformSupportModulesInManaged (12ms)
			BeforeProcessingInitializeOnLoad (98ms)
			ProcessInitializeOnLoadAttributes (213ms)
			ProcessInitializeOnLoadMethodAttributes (204ms)
			AfterProcessingInitializeOnLoad (8ms)
		AwakeInstancesAfterBackupRestoration (26ms)
WARNING: Shader Unsupported: 'Hidden/Simulation/URP/Synthetic' - All subshaders removed
WARNING: Shader Did you use #pragma only_renderers and omit this platform?
WARNING: Shader If subshaders removal was intentional, you may have forgotten turning Fallback off?
WARNING: Shader Unsupported: 'Hidden/Simulation/Synthetic Lit' - All subshaders removed
WARNING: Shader Did you use #pragma only_renderers and omit this platform?
WARNING: Shader If subshaders removal was intentional, you may have forgotten turning Fallback off?
WARNING: Shader Unsupported: 'Simulation/Standard Lit' - All subshaders removed
WARNING: Shader Did you use #pragma only_renderers and omit this platform?
WARNING: Shader If subshaders removal was intentional, you may have forgotten turning Fallback off?
WARNING: Shader Unsupported: 'Simulation/URP/Room X-Ray' - All subshaders removed
WARNING: Shader Did you use #pragma only_renderers and omit this platform?
WARNING: Shader If subshaders removal was intentional, you may have forgotten turning Fallback off?
WARNING: Shader Unsupported: 'Simulation/Room X-Ray' - All subshaders removed
WARNING: Shader Did you use #pragma only_renderers and omit this platform?
WARNING: Shader If subshaders removal was intentional, you may have forgotten turning Fallback off?
WARNING: Shader Unsupported: 'Simulation/URP/Lit' - All subshaders removed
WARNING: Shader Did you use #pragma only_renderers and omit this platform?
WARNING: Shader If subshaders removal was intentional, you may have forgotten turning Fallback off?
Refreshing native plugins compatible for Editor in 3.91 ms, found 1 plugins.
Unloading 30 Unused Serialized files (Serialized files now loaded: 0)
Unloading 5955 unused Assets / (7.3 MB). Loaded Objects now: 6938.
Memory consumption went from 336.2 MB to 328.9 MB.
Total: 16.583000 ms (FindLiveObjects: 1.115600 ms CreateObjectMapping: 3.232900 ms MarkObjects: 6.593000 ms  DeleteObjects: 5.639400 ms)

Prepare: number of updated asset objects reloaded= 0
EnvironmentDependencyValues requested are different than current active one (requested -> active):
  graphicsApiMask: 2048 -> 264192
========================================================================
Received Prepare
AcceleratorClientConnectionCallback - disconnected - :0
[Licensing::Client] Successfully resolved entitlement details
[Licensing::Client] Successfully resolved entitlement details
Begin MonoManager ReloadAssembly
Refreshing native plugins compatible for Editor in 3.12 ms, found 1 plugins.
Native extension for Android target not found
Native extension for WindowsStandalone target not found
Native extension for WebGL target not found
[Package Manager] Failed to launch server process. Reason: Unity was launched with the -noUpm command-line argument
[Package Manager] Unable to send message (not connected to server process).
[Package Manager] Cannot connect to Unity Package Manager local server
[Package Manager] Failed to launch server process. Reason: Unity was launched with the -noUpm command-line argument
[Package Manager] Unable to send message (not connected to server process).
[Package Manager] Cannot connect to Unity Package Manager local server
ScheduleIndexationOnStartup MainProcess:False IndexOnStartup:True
Mono: successfully reloaded assembly
[Package Manager] Failed to launch server process. Reason: Unity was launched with the -noUpm command-line argument
[Package Manager] Unable to send message (not connected to server process).
[Package Manager] Cannot connect to Unity Package Manager local server
- Finished resetting the current domain, in  0.826 seconds
Domain Reload Profiling: 1677ms
	BeginReloadAssembly (314ms)
		DisableScriptedObjects (10ms)
		CreateAndSetChildDomain (67ms)
	RebuildCommonClasses (10ms)
	RebuildNativeTypeToScriptingClass (19ms)
	initialDomainReloadingComplete (70ms)
	LoadAllAssembliesAndSetupDomain (437ms)
		LoadAssemblies (392ms)
		AnalyzeDomain (26ms)
			TypeCache.Refresh (11ms)
			ResolveRequiredComponents (10ms)
	FinalizeReload (828ms)
		SetupLoadedEditorAssemblies (0ms)
			InitializePlatformSupportModulesInManaged (12ms)
			BeforeProcessingInitializeOnLoad (96ms)
			ProcessInitializeOnLoadAttributes (214ms)
			ProcessInitializeOnLoadMethodAttributes (204ms)
			AfterProcessingInitializeOnLoad (9ms)
		AwakeInstancesAfterBackupRestoration (29ms)
WARNING: Shader Unsupported: 'Hidden/Simulation/URP/Synthetic' - All subshaders removed
WARNING: Shader Did you use #pragma only_renderers and omit this platform?
WARNING: Shader If subshaders removal was intentional, you may have forgotten turning Fallback off?
WARNING: Shader Unsupported: 'Hidden/Simulation/Synthetic Lit' - All subshaders removed
WARNING: Shader Did you use #pragma only_renderers and omit this platform?
WARNING: Shader If subshaders removal was intentional, you may have forgotten turning Fallback off?
WARNING: Shader Unsupported: 'Simulation/Standard Lit' - All subshaders removed
WARNING: Shader Did you use #pragma only_renderers and omit this platform?
WARNING: Shader If subshaders removal was intentional, you may have forgotten turning Fallback off?
WARNING: Shader Unsupported: 'Simulation/URP/Room X-Ray' - All subshaders removed
WARNING: Shader Did you use #pragma only_renderers and omit this platform?
WARNING: Shader If subshaders removal was intentional, you may have forgotten turning Fallback off?
WARNING: Shader Unsupported: 'Simulation/Room X-Ray' - All subshaders removed
WARNING: Shader Did you use #pragma only_renderers and omit this platform?
WARNING: Shader If subshaders removal was intentional, you may have forgotten turning Fallback off?
WARNING: Shader Unsupported: 'Simulation/URP/Lit' - All subshaders removed
WARNING: Shader Did you use #pragma only_renderers and omit this platform?
WARNING: Shader If subshaders removal was intentional, you may have forgotten turning Fallback off?
Refreshing native plugins compatible for Editor in 4.04 ms, found 1 plugins.
Unloading 30 Unused Serialized files (Serialized files now loaded: 0)
Unloading 5955 unused Assets / (6.0 MB). Loaded Objects now: 6940.
Memory consumption went from 336.5 MB to 330.5 MB.
Total: 14.717100 ms (FindLiveObjects: 0.964600 ms CreateObjectMapping: 3.677000 ms MarkObjects: 6.037300 ms  DeleteObjects: 4.036400 ms)

Prepare: number of updated asset objects reloaded= 0
EnvironmentDependencyValues requested are different than current active one (requested -> active):
  graphicsApiMask: 2048 -> 264192
========================================================================
Received Prepare
AcceleratorClientConnectionCallback - disconnected - :0
WARNING: Shader Unsupported: 'Hidden/Simulation/URP/Synthetic' - All subshaders removed
WARNING: Shader Did you use #pragma only_renderers and omit this platform?
WARNING: Shader If subshaders removal was intentional, you may have forgotten turning Fallback off?
WARNING: Shader Unsupported: 'Hidden/Simulation/Synthetic Lit' - All subshaders removed
WARNING: Shader Did you use #pragma only_renderers and omit this platform?
WARNING: Shader If subshaders removal was intentional, you may have forgotten turning Fallback off?
WARNING: Shader Unsupported: 'Simulation/Standard Lit' - All subshaders removed
WARNING: Shader Did you use #pragma only_renderers and omit this platform?
WARNING: Shader If subshaders removal was intentional, you may have forgotten turning Fallback off?
WARNING: Shader Unsupported: 'Simulation/URP/Room X-Ray' - All subshaders removed
WARNING: Shader Did you use #pragma only_renderers and omit this platform?
WARNING: Shader If subshaders removal was intentional, you may have forgotten turning Fallback off?
WARNING: Shader Unsupported: 'Simulation/Room X-Ray' - All subshaders removed
WARNING: Shader Did you use #pragma only_renderers and omit this platform?
WARNING: Shader If subshaders removal was intentional, you may have forgotten turning Fallback off?
WARNING: Shader Unsupported: 'Simulation/URP/Lit' - All subshaders removed
WARNING: Shader Did you use #pragma only_renderers and omit this platform?
WARNING: Shader If subshaders removal was intentional, you may have forgotten turning Fallback off?
Refreshing native plugins compatible for Editor in 3.44 ms, found 1 plugins.
Unloading 30 Unused Serialized files (Serialized files now loaded: 0)
Unloading 30 unused Assets / (3.1 MB). Loaded Objects now: 6940.
Memory consumption went from 332.5 MB to 329.4 MB.
Total: 7.913800 ms (FindLiveObjects: 0.450400 ms CreateObjectMapping: 1.010300 ms MarkObjects: 5.511300 ms  DeleteObjects: 0.939900 ms)

Prepare: number of updated asset objects reloaded= 0
EnvironmentDependencyValues requested are different than current active one (requested -> active):
  graphicsApiMask: 2048 -> 264192
========================================================================
Received Prepare
AcceleratorClientConnectionCallback - disconnected - :0
WARNING: Shader Unsupported: 'Hidden/Simulation/URP/Synthetic' - All subshaders removed
WARNING: Shader Did you use #pragma only_renderers and omit this platform?
WARNING: Shader If subshaders removal was intentional, you may have forgotten turning Fallback off?
WARNING: Shader Unsupported: 'Hidden/Simulation/Synthetic Lit' - All subshaders removed
WARNING: Shader Did you use #pragma only_renderers and omit this platform?
WARNING: Shader If subshaders removal was intentional, you may have forgotten turning Fallback off?
WARNING: Shader Unsupported: 'Simulation/Standard Lit' - All subshaders removed
WARNING: Shader Did you use #pragma only_renderers and omit this platform?
WARNING: Shader If subshaders removal was intentional, you may have forgotten turning Fallback off?
WARNING: Shader Unsupported: 'Simulation/URP/Room X-Ray' - All subshaders removed
WARNING: Shader Did you use #pragma only_renderers and omit this platform?
WARNING: Shader If subshaders removal was intentional, you may have forgotten turning Fallback off?
WARNING: Shader Unsupported: 'Simulation/Room X-Ray' - All subshaders removed
WARNING: Shader Did you use #pragma only_renderers and omit this platform?
WARNING: Shader If subshaders removal was intentional, you may have forgotten turning Fallback off?
WARNING: Shader Unsupported: 'Simulation/URP/Lit' - All subshaders removed
WARNING: Shader Did you use #pragma only_renderers and omit this platform?
WARNING: Shader If subshaders removal was intentional, you may have forgotten turning Fallback off?
Refreshing native plugins compatible for Editor in 2.80 ms, found 1 plugins.
Unloading 30 Unused Serialized files (Serialized files now loaded: 0)
Unloading 28 unused Assets / (3.0 MB). Loaded Objects now: 6942.
Memory consumption went from 332.8 MB to 329.8 MB.
Total: 10.976200 ms (FindLiveObjects: 0.424900 ms CreateObjectMapping: 1.003300 ms MarkObjects: 8.112300 ms  DeleteObjects: 1.433500 ms)

Prepare: number of updated asset objects reloaded= 0
EnvironmentDependencyValues requested are different than current active one (requested -> active):
  graphicsApiMask: 2048 -> 264192
========================================================================
Received Prepare
AcceleratorClientConnectionCallback - disconnected - :0
[Licensing::Client] Successfully resolved entitlement details
[Licensing::Client] Successfully resolved entitlement details
Begin MonoManager ReloadAssembly
Refreshing native plugins compatible for Editor in 3.64 ms, found 1 plugins.
Native extension for Android target not found
Native extension for WindowsStandalone target not found
Native extension for WebGL target not found
[Package Manager] Failed to launch server process. Reason: Unity was launched with the -noUpm command-line argument
[Package Manager] Unable to send message (not connected to server process).
[Package Manager] Cannot connect to Unity Package Manager local server
[Package Manager] Failed to launch server process. Reason: Unity was launched with the -noUpm command-line argument
[Package Manager] Unable to send message (not connected to server process).
[Package Manager] Cannot connect to Unity Package Manager local server
ScheduleIndexationOnStartup MainProcess:False IndexOnStartup:True
Mono: successfully reloaded assembly
[Package Manager] Failed to launch server process. Reason: Unity was launched with the -noUpm command-line argument
[Package Manager] Unable to send message (not connected to server process).
[Package Manager] Cannot connect to Unity Package Manager local server
- Finished resetting the current domain, in  0.838 seconds
Domain Reload Profiling: 1769ms
	BeginReloadAssembly (286ms)
		DisableScriptedObjects (7ms)
		CreateAndSetChildDomain (54ms)
	RebuildCommonClasses (19ms)
	RebuildNativeTypeToScriptingClass (29ms)
	initialDomainReloadingComplete (90ms)
	LoadAllAssembliesAndSetupDomain (506ms)
		LoadAssemblies (416ms)
		AnalyzeDomain (28ms)
			TypeCache.Refresh (11ms)
			ResolveRequiredComponents (12ms)
	FinalizeReload (840ms)
		SetupLoadedEditorAssemblies (0ms)
			InitializePlatformSupportModulesInManaged (11ms)
			BeforeProcessingInitializeOnLoad (98ms)
			ProcessInitializeOnLoadAttributes (213ms)
			ProcessInitializeOnLoadMethodAttributes (208ms)
			AfterProcessingInitializeOnLoad (8ms)
		AwakeInstancesAfterBackupRestoration (28ms)
WARNING: Shader Unsupported: 'Hidden/Simulation/URP/Synthetic' - All subshaders removed
WARNING: Shader Did you use #pragma only_renderers and omit this platform?
WARNING: Shader If subshaders removal was intentional, you may have forgotten turning Fallback off?
WARNING: Shader Unsupported: 'Hidden/Simulation/Synthetic Lit' - All subshaders removed
WARNING: Shader Did you use #pragma only_renderers and omit this platform?
WARNING: Shader If subshaders removal was intentional, you may have forgotten turning Fallback off?
WARNING: Shader Unsupported: 'Simulation/Standard Lit' - All subshaders removed
WARNING: Shader Did you use #pragma only_renderers and omit this platform?
WARNING: Shader If subshaders removal was intentional, you may have forgotten turning Fallback off?
WARNING: Shader Unsupported: 'Simulation/URP/Room X-Ray' - All subshaders removed
WARNING: Shader Did you use #pragma only_renderers and omit this platform?
WARNING: Shader If subshaders removal was intentional, you may have forgotten turning Fallback off?
WARNING: Shader Unsupported: 'Simulation/Room X-Ray' - All subshaders removed
WARNING: Shader Did you use #pragma only_renderers and omit this platform?
WARNING: Shader If subshaders removal was intentional, you may have forgotten turning Fallback off?
WARNING: Shader Unsupported: 'Simulation/URP/Lit' - All subshaders removed
WARNING: Shader Did you use #pragma only_renderers and omit this platform?
WARNING: Shader If subshaders removal was intentional, you may have forgotten turning Fallback off?
Refreshing native plugins compatible for Editor in 2.69 ms, found 1 plugins.
Unloading 28 Unused Serialized files (Serialized files now loaded: 0)
Unloading 5953 unused Assets / (6.2 MB). Loaded Objects now: 6944.
Memory consumption went from 336.9 MB to 330.7 MB.
Total: 14.276500 ms (FindLiveObjects: 0.799300 ms CreateObjectMapping: 2.387300 ms MarkObjects: 7.161800 ms  DeleteObjects: 3.926300 ms)

Prepare: number of updated asset objects reloaded= 0
EnvironmentDependencyValues requested are different than current active one (requested -> active):
  graphicsApiMask: 2048 -> 264192
========================================================================
Received Prepare
AcceleratorClientConnectionCallback - disconnected - :0
WARNING: Shader Unsupported: 'Hidden/Simulation/URP/Synthetic' - All subshaders removed
WARNING: Shader Did you use #pragma only_renderers and omit this platform?
WARNING: Shader If subshaders removal was intentional, you may have forgotten turning Fallback off?
WARNING: Shader Unsupported: 'Hidden/Simulation/Synthetic Lit' - All subshaders removed
WARNING: Shader Did you use #pragma only_renderers and omit this platform?
WARNING: Shader If subshaders removal was intentional, you may have forgotten turning Fallback off?
WARNING: Shader Unsupported: 'Simulation/Standard Lit' - All subshaders removed
WARNING: Shader Did you use #pragma only_renderers and omit this platform?
WARNING: Shader If subshaders removal was intentional, you may have forgotten turning Fallback off?
WARNING: Shader Unsupported: 'Simulation/URP/Room X-Ray' - All subshaders removed
WARNING: Shader Did you use #pragma only_renderers and omit this platform?
WARNING: Shader If subshaders removal was intentional, you may have forgotten turning Fallback off?
WARNING: Shader Unsupported: 'Simulation/Room X-Ray' - All subshaders removed
WARNING: Shader Did you use #pragma only_renderers and omit this platform?
WARNING: Shader If subshaders removal was intentional, you may have forgotten turning Fallback off?
WARNING: Shader Unsupported: 'Simulation/URP/Lit' - All subshaders removed
WARNING: Shader Did you use #pragma only_renderers and omit this platform?
WARNING: Shader If subshaders removal was intentional, you may have forgotten turning Fallback off?
Refreshing native plugins compatible for Editor in 4.91 ms, found 1 plugins.
Unloading 28 Unused Serialized files (Serialized files now loaded: 0)
Unloading 28 unused Assets / (3.0 MB). Loaded Objects now: 6944.
Memory consumption went from 332.9 MB to 329.9 MB.
Total: 12.431900 ms (FindLiveObjects: 0.556900 ms CreateObjectMapping: 1.176700 ms MarkObjects: 9.372900 ms  DeleteObjects: 1.322700 ms)

Prepare: number of updated asset objects reloaded= 0
EnvironmentDependencyValues requested are different than current active one (requested -> active):
  graphicsApiMask: 2048 -> 264192
========================================================================
Received Prepare
AcceleratorClientConnectionCallback - disconnected - :0
WARNING: Shader Unsupported: 'Hidden/Simulation/URP/Synthetic' - All subshaders removed
WARNING: Shader Did you use #pragma only_renderers and omit this platform?
WARNING: Shader If subshaders removal was intentional, you may have forgotten turning Fallback off?
WARNING: Shader Unsupported: 'Hidden/Simulation/Synthetic Lit' - All subshaders removed
WARNING: Shader Did you use #pragma only_renderers and omit this platform?
WARNING: Shader If subshaders removal was intentional, you may have forgotten turning Fallback off?
WARNING: Shader Unsupported: 'Simulation/Standard Lit' - All subshaders removed
WARNING: Shader Did you use #pragma only_renderers and omit this platform?
WARNING: Shader If subshaders removal was intentional, you may have forgotten turning Fallback off?
WARNING: Shader Unsupported: 'Simulation/URP/Room X-Ray' - All subshaders removed
WARNING: Shader Did you use #pragma only_renderers and omit this platform?
WARNING: Shader If subshaders removal was intentional, you may have forgotten turning Fallback off?
WARNING: Shader Unsupported: 'Simulation/Room X-Ray' - All subshaders removed
WARNING: Shader Did you use #pragma only_renderers and omit this platform?
WARNING: Shader If subshaders removal was intentional, you may have forgotten turning Fallback off?
WARNING: Shader Unsupported: 'Simulation/URP/Lit' - All subshaders removed
WARNING: Shader Did you use #pragma only_renderers and omit this platform?
WARNING: Shader If subshaders removal was intentional, you may have forgotten turning Fallback off?
Refreshing native plugins compatible for Editor in 5.26 ms, found 1 plugins.
Unloading 28 Unused Serialized files (Serialized files now loaded: 0)
Unloading 28 unused Assets / (3.0 MB). Loaded Objects now: 6944.
Memory consumption went from 333.2 MB to 330.2 MB.
Total: 12.616900 ms (FindLiveObjects: 0.437900 ms CreateObjectMapping: 0.967200 ms MarkObjects: 10.060100 ms  DeleteObjects: 1.149800 ms)

Prepare: number of updated asset objects reloaded= 0
EnvironmentDependencyValues requested are different than current active one (requested -> active):
  graphicsApiMask: 2048 -> 264192
========================================================================
Received Prepare
AcceleratorClientConnectionCallback - disconnected - :0
WARNING: Shader Unsupported: 'Hidden/Simulation/URP/Synthetic' - All subshaders removed
WARNING: Shader Did you use #pragma only_renderers and omit this platform?
WARNING: Shader If subshaders removal was intentional, you may have forgotten turning Fallback off?
WARNING: Shader Unsupported: 'Hidden/Simulation/Synthetic Lit' - All subshaders removed
WARNING: Shader Did you use #pragma only_renderers and omit this platform?
WARNING: Shader If subshaders removal was intentional, you may have forgotten turning Fallback off?
WARNING: Shader Unsupported: 'Simulation/Standard Lit' - All subshaders removed
WARNING: Shader Did you use #pragma only_renderers and omit this platform?
WARNING: Shader If subshaders removal was intentional, you may have forgotten turning Fallback off?
WARNING: Shader Unsupported: 'Simulation/URP/Room X-Ray' - All subshaders removed
WARNING: Shader Did you use #pragma only_renderers and omit this platform?
WARNING: Shader If subshaders removal was intentional, you may have forgotten turning Fallback off?
WARNING: Shader Unsupported: 'Simulation/Room X-Ray' - All subshaders removed
WARNING: Shader Did you use #pragma only_renderers and omit this platform?
WARNING: Shader If subshaders removal was intentional, you may have forgotten turning Fallback off?
WARNING: Shader Unsupported: 'Simulation/URP/Lit' - All subshaders removed
WARNING: Shader Did you use #pragma only_renderers and omit this platform?
WARNING: Shader If subshaders removal was intentional, you may have forgotten turning Fallback off?
Refreshing native plugins compatible for Editor in 4.83 ms, found 1 plugins.
Unloading 28 Unused Serialized files (Serialized files now loaded: 0)
Unloading 28 unused Assets / (3.0 MB). Loaded Objects now: 6944.
Memory consumption went from 333.4 MB to 330.4 MB.
Total: 12.526600 ms (FindLiveObjects: 0.522900 ms CreateObjectMapping: 2.154200 ms MarkObjects: 8.056100 ms  DeleteObjects: 1.790900 ms)

Prepare: number of updated asset objects reloaded= 0
EnvironmentDependencyValues requested are different than current active one (requested -> active):
  graphicsApiMask: 2048 -> 264192
========================================================================
Received Prepare
AcceleratorClientConnectionCallback - disconnected - :0
WARNING: Shader Unsupported: 'Hidden/Simulation/URP/Synthetic' - All subshaders removed
WARNING: Shader Did you use #pragma only_renderers and omit this platform?
WARNING: Shader If subshaders removal was intentional, you may have forgotten turning Fallback off?
WARNING: Shader Unsupported: 'Hidden/Simulation/Synthetic Lit' - All subshaders removed
WARNING: Shader Did you use #pragma only_renderers and omit this platform?
WARNING: Shader If subshaders removal was intentional, you may have forgotten turning Fallback off?
WARNING: Shader Unsupported: 'Simulation/Standard Lit' - All subshaders removed
WARNING: Shader Did you use #pragma only_renderers and omit this platform?
WARNING: Shader If subshaders removal was intentional, you may have forgotten turning Fallback off?
WARNING: Shader Unsupported: 'Simulation/URP/Room X-Ray' - All subshaders removed
WARNING: Shader Did you use #pragma only_renderers and omit this platform?
WARNING: Shader If subshaders removal was intentional, you may have forgotten turning Fallback off?
WARNING: Shader Unsupported: 'Simulation/Room X-Ray' - All subshaders removed
WARNING: Shader Did you use #pragma only_renderers and omit this platform?
WARNING: Shader If subshaders removal was intentional, you may have forgotten turning Fallback off?
WARNING: Shader Unsupported: 'Simulation/URP/Lit' - All subshaders removed
WARNING: Shader Did you use #pragma only_renderers and omit this platform?
WARNING: Shader If subshaders removal was intentional, you may have forgotten turning Fallback off?
Refreshing native plugins compatible for Editor in 3.32 ms, found 1 plugins.
Unloading 28 Unused Serialized files (Serialized files now loaded: 0)
Unloading 30 unused Assets / (3.1 MB). Loaded Objects now: 6942.
Memory consumption went from 333.7 MB to 330.6 MB.
Total: 7.499700 ms (FindLiveObjects: 0.476800 ms CreateObjectMapping: 0.904300 ms MarkObjects: 5.236500 ms  DeleteObjects: 0.880800 ms)

Prepare: number of updated asset objects reloaded= 0
EnvironmentDependencyValues requested are different than current active one (requested -> active):
  graphicsApiMask: 2048 -> 264192
========================================================================
Received Prepare
AcceleratorClientConnectionCallback - disconnected - :0
WARNING: Shader Unsupported: 'Hidden/Simulation/URP/Synthetic' - All subshaders removed
WARNING: Shader Did you use #pragma only_renderers and omit this platform?
WARNING: Shader If subshaders removal was intentional, you may have forgotten turning Fallback off?
WARNING: Shader Unsupported: 'Hidden/Simulation/Synthetic Lit' - All subshaders removed
WARNING: Shader Did you use #pragma only_renderers and omit this platform?
WARNING: Shader If subshaders removal was intentional, you may have forgotten turning Fallback off?
WARNING: Shader Unsupported: 'Simulation/Standard Lit' - All subshaders removed
WARNING: Shader Did you use #pragma only_renderers and omit this platform?
WARNING: Shader If subshaders removal was intentional, you may have forgotten turning Fallback off?
WARNING: Shader Unsupported: 'Simulation/URP/Room X-Ray' - All subshaders removed
WARNING: Shader Did you use #pragma only_renderers and omit this platform?
WARNING: Shader If subshaders removal was intentional, you may have forgotten turning Fallback off?
WARNING: Shader Unsupported: 'Simulation/Room X-Ray' - All subshaders removed
WARNING: Shader Did you use #pragma only_renderers and omit this platform?
WARNING: Shader If subshaders removal was intentional, you may have forgotten turning Fallback off?
WARNING: Shader Unsupported: 'Simulation/URP/Lit' - All subshaders removed
WARNING: Shader Did you use #pragma only_renderers and omit this platform?
WARNING: Shader If subshaders removal was intentional, you may have forgotten turning Fallback off?
Refreshing native plugins compatible for Editor in 5.03 ms, found 1 plugins.
Unloading 30 Unused Serialized files (Serialized files now loaded: 0)
Unloading 30 unused Assets / (3.1 MB). Loaded Objects now: 6942.
Memory consumption went from 334.4 MB to 331.3 MB.
Total: 9.347000 ms (FindLiveObjects: 0.447700 ms CreateObjectMapping: 0.974800 ms MarkObjects: 6.935000 ms  DeleteObjects: 0.987000 ms)

Prepare: number of updated asset objects reloaded= 0
EnvironmentDependencyValues requested are different than current active one (requested -> active):
  graphicsApiMask: 2048 -> 264192
========================================================================
Received Prepare
AcceleratorClientConnectionCallback - disconnected - :0
WARNING: Shader Unsupported: 'Hidden/Simulation/URP/Synthetic' - All subshaders removed
WARNING: Shader Did you use #pragma only_renderers and omit this platform?
WARNING: Shader If subshaders removal was intentional, you may have forgotten turning Fallback off?
WARNING: Shader Unsupported: 'Hidden/Simulation/Synthetic Lit' - All subshaders removed
WARNING: Shader Did you use #pragma only_renderers and omit this platform?
WARNING: Shader If subshaders removal was intentional, you may have forgotten turning Fallback off?
WARNING: Shader Unsupported: 'Simulation/Standard Lit' - All subshaders removed
WARNING: Shader Did you use #pragma only_renderers and omit this platform?
WARNING: Shader If subshaders removal was intentional, you may have forgotten turning Fallback off?
WARNING: Shader Unsupported: 'Simulation/URP/Room X-Ray' - All subshaders removed
WARNING: Shader Did you use #pragma only_renderers and omit this platform?
WARNING: Shader If subshaders removal was intentional, you may have forgotten turning Fallback off?
WARNING: Shader Unsupported: 'Simulation/Room X-Ray' - All subshaders removed
WARNING: Shader Did you use #pragma only_renderers and omit this platform?
WARNING: Shader If subshaders removal was intentional, you may have forgotten turning Fallback off?
WARNING: Shader Unsupported: 'Simulation/URP/Lit' - All subshaders removed
WARNING: Shader Did you use #pragma only_renderers and omit this platform?
WARNING: Shader If subshaders removal was intentional, you may have forgotten turning Fallback off?
Refreshing native plugins compatible for Editor in 3.28 ms, found 1 plugins.
Unloading 30 Unused Serialized files (Serialized files now loaded: 0)
Unloading 28 unused Assets / (3.0 MB). Loaded Objects now: 6944.
Memory consumption went from 334.6 MB to 331.6 MB.
Total: 11.256300 ms (FindLiveObjects: 0.871100 ms CreateObjectMapping: 1.747800 ms MarkObjects: 7.651500 ms  DeleteObjects: 0.983700 ms)

Prepare: number of updated asset objects reloaded= 0
EnvironmentDependencyValues requested are different than current active one (requested -> active):
  graphicsApiMask: 2048 -> 264192
========================================================================
Received Prepare
AcceleratorClientConnectionCallback - disconnected - :0
WARNING: Shader Unsupported: 'Hidden/Simulation/URP/Synthetic' - All subshaders removed
WARNING: Shader Did you use #pragma only_renderers and omit this platform?
WARNING: Shader If subshaders removal was intentional, you may have forgotten turning Fallback off?
WARNING: Shader Unsupported: 'Hidden/Simulation/Synthetic Lit' - All subshaders removed
WARNING: Shader Did you use #pragma only_renderers and omit this platform?
WARNING: Shader If subshaders removal was intentional, you may have forgotten turning Fallback off?
WARNING: Shader Unsupported: 'Simulation/Standard Lit' - All subshaders removed
WARNING: Shader Did you use #pragma only_renderers and omit this platform?
WARNING: Shader If subshaders removal was intentional, you may have forgotten turning Fallback off?
WARNING: Shader Unsupported: 'Simulation/URP/Room X-Ray' - All subshaders removed
WARNING: Shader Did you use #pragma only_renderers and omit this platform?
WARNING: Shader If subshaders removal was intentional, you may have forgotten turning Fallback off?
WARNING: Shader Unsupported: 'Simulation/Room X-Ray' - All subshaders removed
WARNING: Shader Did you use #pragma only_renderers and omit this platform?
WARNING: Shader If subshaders removal was intentional, you may have forgotten turning Fallback off?
WARNING: Shader Unsupported: 'Simulation/URP/Lit' - All subshaders removed
WARNING: Shader Did you use #pragma only_renderers and omit this platform?
WARNING: Shader If subshaders removal was intentional, you may have forgotten turning Fallback off?
Refreshing native plugins compatible for Editor in 4.51 ms, found 1 plugins.
Unloading 28 Unused Serialized files (Serialized files now loaded: 0)
Unloading 28 unused Assets / (3.0 MB). Loaded Objects now: 6944.
Memory consumption went from 334.4 MB to 331.4 MB.
Total: 8.421900 ms (FindLiveObjects: 0.432100 ms CreateObjectMapping: 1.170500 ms MarkObjects: 5.703900 ms  DeleteObjects: 1.114100 ms)

Prepare: number of updated asset objects reloaded= 0
EnvironmentDependencyValues requested are different than current active one (requested -> active):
  graphicsApiMask: 2048 -> 264192
========================================================================
Received Prepare
AcceleratorClientConnectionCallback - disconnected - :0
WARNING: Shader Unsupported: 'Hidden/Simulation/URP/Synthetic' - All subshaders removed
WARNING: Shader Did you use #pragma only_renderers and omit this platform?
WARNING: Shader If subshaders removal was intentional, you may have forgotten turning Fallback off?
WARNING: Shader Unsupported: 'Hidden/Simulation/Synthetic Lit' - All subshaders removed
WARNING: Shader Did you use #pragma only_renderers and omit this platform?
WARNING: Shader If subshaders removal was intentional, you may have forgotten turning Fallback off?
WARNING: Shader Unsupported: 'Simulation/Standard Lit' - All subshaders removed
WARNING: Shader Did you use #pragma only_renderers and omit this platform?
WARNING: Shader If subshaders removal was intentional, you may have forgotten turning Fallback off?
WARNING: Shader Unsupported: 'Simulation/URP/Room X-Ray' - All subshaders removed
WARNING: Shader Did you use #pragma only_renderers and omit this platform?
WARNING: Shader If subshaders removal was intentional, you may have forgotten turning Fallback off?
WARNING: Shader Unsupported: 'Simulation/Room X-Ray' - All subshaders removed
WARNING: Shader Did you use #pragma only_renderers and omit this platform?
WARNING: Shader If subshaders removal was intentional, you may have forgotten turning Fallback off?
WARNING: Shader Unsupported: 'Simulation/URP/Lit' - All subshaders removed
WARNING: Shader Did you use #pragma only_renderers and omit this platform?
WARNING: Shader If subshaders removal was intentional, you may have forgotten turning Fallback off?
Refreshing native plugins compatible for Editor in 2.70 ms, found 1 plugins.
Unloading 28 Unused Serialized files (Serialized files now loaded: 0)
Unloading 30 unused Assets / (3.1 MB). Loaded Objects now: 6942.
Memory consumption went from 334.7 MB to 331.6 MB.
Total: 9.314300 ms (FindLiveObjects: 0.402300 ms CreateObjectMapping: 0.909400 ms MarkObjects: 7.232500 ms  DeleteObjects: 0.768500 ms)

Prepare: number of updated asset objects reloaded= 0
EnvironmentDependencyValues requested are different than current active one (requested -> active):
  graphicsApiMask: 2048 -> 264192
========================================================================
Received Prepare
AcceleratorClientConnectionCallback - disconnected - :0
WARNING: Shader Unsupported: 'Hidden/Simulation/URP/Synthetic' - All subshaders removed
WARNING: Shader Did you use #pragma only_renderers and omit this platform?
WARNING: Shader If subshaders removal was intentional, you may have forgotten turning Fallback off?
WARNING: Shader Unsupported: 'Hidden/Simulation/Synthetic Lit' - All subshaders removed
WARNING: Shader Did you use #pragma only_renderers and omit this platform?
WARNING: Shader If subshaders removal was intentional, you may have forgotten turning Fallback off?
WARNING: Shader Unsupported: 'Simulation/Standard Lit' - All subshaders removed
WARNING: Shader Did you use #pragma only_renderers and omit this platform?
WARNING: Shader If subshaders removal was intentional, you may have forgotten turning Fallback off?
WARNING: Shader Unsupported: 'Simulation/URP/Room X-Ray' - All subshaders removed
WARNING: Shader Did you use #pragma only_renderers and omit this platform?
WARNING: Shader If subshaders removal was intentional, you may have forgotten turning Fallback off?
WARNING: Shader Unsupported: 'Simulation/Room X-Ray' - All subshaders removed
WARNING: Shader Did you use #pragma only_renderers and omit this platform?
WARNING: Shader If subshaders removal was intentional, you may have forgotten turning Fallback off?
WARNING: Shader Unsupported: 'Simulation/URP/Lit' - All subshaders removed
WARNING: Shader Did you use #pragma only_renderers and omit this platform?
WARNING: Shader If subshaders removal was intentional, you may have forgotten turning Fallback off?
Refreshing native plugins compatible for Editor in 3.84 ms, found 1 plugins.
Unloading 30 Unused Serialized files (Serialized files now loaded: 0)
Unloading 30 unused Assets / (3.1 MB). Loaded Objects now: 6942.
Memory consumption went from 335.4 MB to 332.3 MB.
Total: 79.416200 ms (FindLiveObjects: 5.607200 ms CreateObjectMapping: 1.703700 ms MarkObjects: 69.973400 ms  DeleteObjects: 2.129600 ms)

Prepare: number of updated asset objects reloaded= 0
EnvironmentDependencyValues requested are different than current active one (requested -> active):
  graphicsApiMask: 2048 -> 264192
Editor requested this worker to shutdown with reason: Editor is closing down
AcceleratorClientConnectionCallback - disconnected - :0
AssetImportWorker is now disconnected from the server
Process exiting
Exiting without the bug reporter. Application will terminate with return code 0